solid OpenSCAD_Model
  facet normal 0 0 1
    outer loop
      vertex -108.265 -89.3726 6
      vertex -108.318 -88.1726 6
      vertex -108.661 -88.2026 6
    endloop
  endfacet
  facet normal 0 0 1
    outer loop
      vertex -97.5404 -88.1726 6
      vertex -108.318 -88.1726 6
      vertex -108.265 -89.3726 6
    endloop
  endfacet
  facet normal 0 -0 1
    outer loop
      vertex -97.5899 -89.3726 6
      vertex -97.5404 -88.1726 6
      vertex -108.265 -89.3726 6
    endloop
  endfacet
  facet normal 0 0 1
    outer loop
      vertex -97.2176 -88.1991 6
      vertex -97.5404 -88.1726 6
      vertex -97.5899 -89.3726 6
    endloop
  endfacet
  facet normal 0 -0 1
    outer loop
      vertex -97.4143 -89.387 6
      vertex -97.2176 -88.1991 6
      vertex -97.5899 -89.3726 6
    endloop
  endfacet
  facet normal 0 0 1
    outer loop
      vertex -96.8554 -88.2901 6
      vertex -97.2176 -88.1991 6
      vertex -97.4143 -89.387 6
    endloop
  endfacet
  facet normal 0 0 1
    outer loop
      vertex -96.5129 -88.4391 6
      vertex -96.8554 -88.2901 6
      vertex -97.4143 -89.387 6
    endloop
  endfacet
  facet normal 0 -0 1
    outer loop
      vertex -97.2434 -89.4299 6
      vertex -96.5129 -88.4391 6
      vertex -97.4143 -89.387 6
    endloop
  endfacet
  facet normal 0 0 1
    outer loop
      vertex -96.1993 -88.6419 6
      vertex -96.5129 -88.4391 6
      vertex -97.2434 -89.4299 6
    endloop
  endfacet
  facet normal 0 -0 1
    outer loop
      vertex -97.0819 -89.5002 6
      vertex -96.1993 -88.6419 6
      vertex -97.2434 -89.4299 6
    endloop
  endfacet
  facet normal 0 0 1
    outer loop
      vertex -95.9231 -88.8933 6
      vertex -96.1993 -88.6419 6
      vertex -97.0819 -89.5002 6
    endloop
  endfacet
  facet normal 0 -0 1
    outer loop
      vertex -96.934 -89.5959 6
      vertex -95.9231 -88.8933 6
      vertex -97.0819 -89.5002 6
    endloop
  endfacet
  facet normal 0 0 1
    outer loop
      vertex -95.6916 -89.1864 6
      vertex -95.9231 -88.8933 6
      vertex -96.934 -89.5959 6
    endloop
  endfacet
  facet normal 0 -0 1
    outer loop
      vertex -96.8037 -89.7144 6
      vertex -95.6916 -89.1864 6
      vertex -96.934 -89.5959 6
    endloop
  endfacet
  facet normal 0 0 1
    outer loop
      vertex -95.5111 -89.5133 6
      vertex -95.6916 -89.1864 6
      vertex -96.8037 -89.7144 6
    endloop
  endfacet
  facet normal 0 -0 1
    outer loop
      vertex -96.6945 -89.8527 6
      vertex -95.5111 -89.5133 6
      vertex -96.8037 -89.7144 6
    endloop
  endfacet
  facet normal 0 -0 1
    outer loop
      vertex -96.6093 -90.0069 6
      vertex -95.5111 -89.5133 6
      vertex -96.6945 -89.8527 6
    endloop
  endfacet
  facet normal 0 0 1
    outer loop
      vertex -95.3864 -89.8654 6
      vertex -95.5111 -89.5133 6
      vertex -96.6093 -90.0069 6
    endloop
  endfacet
  facet normal 0 -0 1
    outer loop
      vertex -96.5505 -90.173 6
      vertex -95.3864 -89.8654 6
      vertex -96.6093 -90.0069 6
    endloop
  endfacet
  facet normal 0 0 1
    outer loop
      vertex -95.3209 -90.2331 6
      vertex -95.3864 -89.8654 6
      vertex -96.5505 -90.173 6
    endloop
  endfacet
  facet normal 0 -0 1
    outer loop
      vertex -96.5196 -90.3464 6
      vertex -95.3209 -90.2331 6
      vertex -96.5505 -90.173 6
    endloop
  endfacet
  facet normal 0 0 1
    outer loop
      vertex -95.317 -90.5571 6
      vertex -95.3209 -90.2331 6
      vertex -96.5196 -90.3464 6
    endloop
  endfacet
  facet normal -0 -0 1
    outer loop
      vertex -96.5175 -90.5226 6
      vertex -95.317 -90.5571 6
      vertex -96.5196 -90.3464 6
    endloop
  endfacet
  facet normal 0 0 1
    outer loop
      vertex -96.6668 -92.6576 6
      vertex -95.317 -90.5571 6
      vertex -96.5175 -90.5226 6
    endloop
  endfacet
  facet normal 0 -0 1
    outer loop
      vertex -95.4697 -92.7413 6
      vertex -95.317 -90.5571 6
      vertex -96.6668 -92.6576 6
    endloop
  endfacet
  facet normal 0 -0 1
    outer loop
      vertex -95.4709 -92.759 6
      vertex -95.4697 -92.7413 6
      vertex -96.6668 -92.6576 6
    endloop
  endfacet
  facet normal 0 0 1
    outer loop
      vertex -96.6746 -92.7695 6
      vertex -95.4709 -92.759 6
      vertex -96.6668 -92.6576 6
    endloop
  endfacet
  facet normal 0 0 1
    outer loop
      vertex -95.4678 -92.7942 6
      vertex -95.4709 -92.759 6
      vertex -96.6746 -92.7695 6
    endloop
  endfacet
  facet normal 0 -0 1
    outer loop
      vertex -96.6551 -92.9929 6
      vertex -95.4678 -92.7942 6
      vertex -96.6746 -92.7695 6
    endloop
  endfacet
  facet normal 0 0 1
    outer loop
      vertex -95.4593 -92.8286 6
      vertex -95.4678 -92.7942 6
      vertex -96.6551 -92.9929 6
    endloop
  endfacet
  facet normal 0 0 1
    outer loop
      vertex -95.4454 -92.8612 6
      vertex -95.4593 -92.8286 6
      vertex -96.6551 -92.9929 6
    endloop
  endfacet
  facet normal 0 -0 1
    outer loop
      vertex -96.6008 -93.2106 6
      vertex -95.4454 -92.8612 6
      vertex -96.6551 -92.9929 6
    endloop
  endfacet
  facet normal 0 0 1
    outer loop
      vertex -95.4267 -92.8912 6
      vertex -95.4454 -92.8612 6
      vertex -96.6008 -93.2106 6
    endloop
  endfacet
  facet normal 0 0 1
    outer loop
      vertex -95.4035 -92.9179 6
      vertex -95.4267 -92.8912 6
      vertex -96.6008 -93.2106 6
    endloop
  endfacet
  facet normal 0 -0 1
    outer loop
      vertex -96.5131 -93.417 6
      vertex -95.4035 -92.9179 6
      vertex -96.6008 -93.2106 6
    endloop
  endfacet
  facet normal 0 0 1
    outer loop
      vertex -95.3763 -92.9407 6
      vertex -95.4035 -92.9179 6
      vertex -96.5131 -93.417 6
    endloop
  endfacet
  facet normal 0 -0 1
    outer loop
      vertex -96.3943 -93.6072 6
      vertex -95.3763 -92.9407 6
      vertex -96.5131 -93.417 6
    endloop
  endfacet
  facet normal 0 0 1
    outer loop
      vertex -95.346 -92.9589 6
      vertex -95.3763 -92.9407 6
      vertex -96.3943 -93.6072 6
    endloop
  endfacet
  facet normal 0 -0 1
    outer loop
      vertex -96.2471 -93.7765 6
      vertex -95.346 -92.9589 6
      vertex -96.3943 -93.6072 6
    endloop
  endfacet
  facet normal 0 0 1
    outer loop
      vertex -95.3131 -92.9722 6
      vertex -95.346 -92.9589 6
      vertex -96.2471 -93.7765 6
    endloop
  endfacet
  facet normal 0 -0 1
    outer loop
      vertex -96.0753 -93.9207 6
      vertex -95.3131 -92.9722 6
      vertex -96.2471 -93.7765 6
    endloop
  endfacet
  facet normal 0 0 1
    outer loop
      vertex -95.2786 -92.9802 6
      vertex -95.3131 -92.9722 6
      vertex -96.0753 -93.9207 6
    endloop
  endfacet
  facet normal 0 -0 1
    outer loop
      vertex -95.883 -94.0362 6
      vertex -95.2786 -92.9802 6
      vertex -96.0753 -93.9207 6
    endloop
  endfacet
  facet normal 0 -0 1
    outer loop
      vertex -95.6751 -94.1202 6
      vertex -95.2786 -92.9802 6
      vertex -95.883 -94.0362 6
    endloop
  endfacet
  facet normal 0 0 1
    outer loop
      vertex -95.261 -92.9814 6
      vertex -95.2786 -92.9802 6
      vertex -95.6751 -94.1202 6
    endloop
  endfacet
  facet normal 0 -0 1
    outer loop
      vertex -95.4565 -94.1707 6
      vertex -95.261 -92.9814 6
      vertex -95.6751 -94.1202 6
    endloop
  endfacet
  facet normal 0 -0 1
    outer loop
      vertex -95.3447 -94.1785 6
      vertex -95.261 -92.9814 6
      vertex -95.4565 -94.1707 6
    endloop
  endfacet
  facet normal 0 0 1
    outer loop
      vertex -80.0637 -94.0442 6
      vertex -95.261 -92.9814 6
      vertex -95.3447 -94.1785 6
    endloop
  endfacet
  facet normal 0 -0 1
    outer loop
      vertex -80.2061 -95.2371 6
      vertex -80.0637 -94.0442 6
      vertex -95.3447 -94.1785 6
    endloop
  endfacet
  facet normal 0 0 1
    outer loop
      vertex -80.0118 -94.0529 6
      vertex -80.0637 -94.0442 6
      vertex -80.2061 -95.2371 6
    endloop
  endfacet
  facet normal 0 0 1
    outer loop
      vertex -79.753 -94.0925 6
      vertex -80.0118 -94.0529 6
      vertex -80.2061 -95.2371 6
    endloop
  endfacet
  facet normal 0 0 1
    outer loop
      vertex -79.753 -94.0925 6
      vertex -80.032 -95.2638 6
      vertex -79.398 -94.2085 6
    endloop
  endfacet
  facet normal -0 0 1
    outer loop
      vertex -80.2027 -95.2377 6
      vertex -80.032 -95.2638 6
      vertex -79.753 -94.0925 6
    endloop
  endfacet
  facet normal -0 0 1
    outer loop
      vertex -80.2061 -95.2371 6
      vertex -80.2027 -95.2377 6
      vertex -79.753 -94.0925 6
    endloop
  endfacet
  facet normal 0 0 1
    outer loop
      vertex -80.032 -95.2638 6
      vertex -79.0667 -94.381 6
      vertex -79.398 -94.2085 6
    endloop
  endfacet
  facet normal 0 -0 1
    outer loop
      vertex -79.8645 -95.3185 6
      vertex -79.0667 -94.381 6
      vertex -80.032 -95.2638 6
    endloop
  endfacet
  facet normal 0 0 1
    outer loop
      vertex -78.768 -94.6052 6
      vertex -79.0667 -94.381 6
      vertex -79.8645 -95.3185 6
    endloop
  endfacet
  facet normal 0 -0 1
    outer loop
      vertex -79.7082 -95.3999 6
      vertex -78.768 -94.6052 6
      vertex -79.8645 -95.3185 6
    endloop
  endfacet
  facet normal 0 0 1
    outer loop
      vertex -78.5099 -94.8753 6
      vertex -78.768 -94.6052 6
      vertex -79.7082 -95.3999 6
    endloop
  endfacet
  facet normal 0 -0 1
    outer loop
      vertex -79.5674 -95.5056 6
      vertex -78.5099 -94.8753 6
      vertex -79.7082 -95.3999 6
    endloop
  endfacet
  facet normal 0 0 1
    outer loop
      vertex -78.2995 -95.1838 6
      vertex -78.5099 -94.8753 6
      vertex -79.5674 -95.5056 6
    endloop
  endfacet
  facet normal 0 -0 1
    outer loop
      vertex -79.4456 -95.633 6
      vertex -78.2995 -95.1838 6
      vertex -79.5674 -95.5056 6
    endloop
  endfacet
  facet normal 0 0 1
    outer loop
      vertex -78.1422 -95.5226 6
      vertex -78.2995 -95.1838 6
      vertex -79.4456 -95.633 6
    endloop
  endfacet
  facet normal 0 -0 1
    outer loop
      vertex -79.3464 -95.7785 6
      vertex -78.1422 -95.5226 6
      vertex -79.4456 -95.633 6
    endloop
  endfacet
  facet normal 0 -0 1
    outer loop
      vertex -79.2722 -95.9383 6
      vertex -78.1422 -95.5226 6
      vertex -79.3464 -95.7785 6
    endloop
  endfacet
  facet normal 0 0 1
    outer loop
      vertex -78.0424 -95.8825 6
      vertex -78.1422 -95.5226 6
      vertex -79.2722 -95.9383 6
    endloop
  endfacet
  facet normal 0 -0 1
    outer loop
      vertex -79.2251 -96.1081 6
      vertex -78.0424 -95.8825 6
      vertex -79.2722 -95.9383 6
    endloop
  endfacet
  facet normal 0 0 1
    outer loop
      vertex -78.0027 -96.2539 6
      vertex -78.0424 -95.8825 6
      vertex -79.2251 -96.1081 6
    endloop
  endfacet
  facet normal 0 -0 1
    outer loop
      vertex -79.2064 -96.2833 6
      vertex -78.0027 -96.2539 6
      vertex -79.2251 -96.1081 6
    endloop
  endfacet
  facet normal 0 -0 1
    outer loop
      vertex -78.0184 -96.5263 6
      vertex -78.0027 -96.2539 6
      vertex -79.2064 -96.2833 6
    endloop
  endfacet
  facet normal -0 0 1
    outer loop
      vertex -79.2165 -96.4591 6
      vertex -78.0184 -96.5263 6
      vertex -79.2064 -96.2833 6
    endloop
  endfacet
  facet normal 0 -0 1
    outer loop
      vertex -78.0211 -96.5755 6
      vertex -78.0184 -96.5263 6
      vertex -79.2165 -96.4591 6
    endloop
  endfacet
  facet normal 0 0 1
    outer loop
      vertex -79.751 -100.262 6
      vertex -78.0211 -96.5755 6
      vertex -79.2165 -96.4591 6
    endloop
  endfacet
  facet normal 0 -0 1
    outer loop
      vertex -78.5627 -100.429 6
      vertex -78.0211 -96.5755 6
      vertex -79.751 -100.262 6
    endloop
  endfacet
  facet normal -0 0 1
    outer loop
      vertex -79.7666 -100.373 6
      vertex -78.5627 -100.429 6
      vertex -79.751 -100.262 6
    endloop
  endfacet
  facet normal 0 -0 1
    outer loop
      vertex -78.5651 -100.447 6
      vertex -78.5627 -100.429 6
      vertex -79.7666 -100.373 6
    endloop
  endfacet
  facet normal 0 0 1
    outer loop
      vertex -78.5645 -100.482 6
      vertex -78.5651 -100.447 6
      vertex -79.7666 -100.373 6
    endloop
  endfacet
  facet normal 0 -0 1
    outer loop
      vertex -79.7627 -100.597 6
      vertex -78.5645 -100.482 6
      vertex -79.7666 -100.373 6
    endloop
  endfacet
  facet normal 0 0 1
    outer loop
      vertex -78.5584 -100.517 6
      vertex -78.5645 -100.482 6
      vertex -79.7627 -100.597 6
    endloop
  endfacet
  facet normal 0 0 1
    outer loop
      vertex -78.5468 -100.55 6
      vertex -78.5584 -100.517 6
      vertex -79.7627 -100.597 6
    endloop
  endfacet
  facet normal 0 -0 1
    outer loop
      vertex -79.7237 -100.818 6
      vertex -78.5468 -100.55 6
      vertex -79.7627 -100.597 6
    endloop
  endfacet
  facet normal 0 0 1
    outer loop
      vertex -78.5302 -100.582 6
      vertex -78.5468 -100.55 6
      vertex -79.7237 -100.818 6
    endloop
  endfacet
  facet normal 0 0 1
    outer loop
      vertex -78.5089 -100.61 6
      vertex -78.5302 -100.582 6
      vertex -79.7237 -100.818 6
    endloop
  endfacet
  facet normal 0 -0 1
    outer loop
      vertex -79.6507 -101.03 6
      vertex -78.5089 -100.61 6
      vertex -79.7237 -100.818 6
    endloop
  endfacet
  facet normal 0 0 1
    outer loop
      vertex -78.4834 -100.634 6
      vertex -78.5089 -100.61 6
      vertex -79.6507 -101.03 6
    endloop
  endfacet
  facet normal 0 -0 1
    outer loop
      vertex -79.5454 -101.228 6
      vertex -78.4834 -100.634 6
      vertex -79.6507 -101.03 6
    endloop
  endfacet
  facet normal 0 0 1
    outer loop
      vertex -78.4544 -100.655 6
      vertex -78.4834 -100.634 6
      vertex -79.5454 -101.228 6
    endloop
  endfacet
  facet normal 0 -0 1
    outer loop
      vertex -79.4104 -101.407 6
      vertex -78.4544 -100.655 6
      vertex -79.5454 -101.228 6
    endloop
  endfacet
  facet normal 0 0 1
    outer loop
      vertex -78.4225 -100.67 6
      vertex -78.4544 -100.655 6
      vertex -79.4104 -101.407 6
    endloop
  endfacet
  facet normal 0 -0 1
    outer loop
      vertex -79.2491 -101.563 6
      vertex -78.4225 -100.67 6
      vertex -79.4104 -101.407 6
    endloop
  endfacet
  facet normal 0 0 1
    outer loop
      vertex -78.3887 -100.681 6
      vertex -78.4225 -100.67 6
      vertex -79.2491 -101.563 6
    endloop
  endfacet
  facet normal 0 -0 1
    outer loop
      vertex -79.0653 -101.692 6
      vertex -78.3887 -100.681 6
      vertex -79.2491 -101.563 6
    endloop
  endfacet
  facet normal 0 0 1
    outer loop
      vertex -78.3714 -100.683 6
      vertex -78.3887 -100.681 6
      vertex -79.0653 -101.692 6
    endloop
  endfacet
  facet normal 0 -0 1
    outer loop
      vertex -78.8637 -101.79 6
      vertex -78.3714 -100.683 6
      vertex -79.0653 -101.692 6
    endloop
  endfacet
  facet normal 0 -0 1
    outer loop
      vertex -78.6492 -101.856 6
      vertex -78.3714 -100.683 6
      vertex -78.8637 -101.79 6
    endloop
  endfacet
  facet normal 0 -0 1
    outer loop
      vertex -78.5382 -101.871 6
      vertex -78.3714 -100.683 6
      vertex -78.6492 -101.856 6
    endloop
  endfacet
  facet normal 0 -0 1
    outer loop
      vertex -78.5384 -101.871 6
      vertex -78.5382 -101.871 6
      vertex -78.6492 -101.856 6
    endloop
  endfacet
  facet normal -0 0 1
    outer loop
      vertex -78.5382 -101.871 6
      vertex -58.5658 -103.467 6
      vertex -78.3714 -100.683 6
    endloop
  endfacet
  facet normal 0 -0 1
    outer loop
      vertex -58.7328 -104.655 6
      vertex -58.5658 -103.467 6
      vertex -78.5382 -101.871 6
    endloop
  endfacet
  facet normal 0 0 1
    outer loop
      vertex -58.5483 -103.469 6
      vertex -58.5658 -103.467 6
      vertex -58.7328 -104.655 6
    endloop
  endfacet
  facet normal 0 -0 1
    outer loop
      vertex -58.6218 -104.671 6
      vertex -58.5483 -103.469 6
      vertex -58.7328 -104.655 6
    endloop
  endfacet
  facet normal 0 0 1
    outer loop
      vertex -58.3975 -104.667 6
      vertex -58.5483 -103.469 6
      vertex -58.6218 -104.671 6
    endloop
  endfacet
  facet normal 0 0 1
    outer loop
      vertex -58.5129 -103.468 6
      vertex -58.5483 -103.469 6
      vertex -58.3975 -104.667 6
    endloop
  endfacet
  facet normal 0 0 1
    outer loop
      vertex -58.1766 -104.628 6
      vertex -58.5129 -103.468 6
      vertex -58.3975 -104.667 6
    endloop
  endfacet
  facet normal 0 0 1
    outer loop
      vertex -57.9645 -104.555 6
      vertex -58.5129 -103.468 6
      vertex -58.1766 -104.628 6
    endloop
  endfacet
  facet normal 0 0 1
    outer loop
      vertex -57.7665 -104.449 6
      vertex -58.5129 -103.468 6
      vertex -57.9645 -104.555 6
    endloop
  endfacet
  facet normal 0 0 1
    outer loop
      vertex -58.478 -103.462 6
      vertex -58.5129 -103.468 6
      vertex -57.7665 -104.449 6
    endloop
  endfacet
  facet normal 0 0 1
    outer loop
      vertex -57.5874 -104.314 6
      vertex -58.478 -103.462 6
      vertex -57.7665 -104.449 6
    endloop
  endfacet
  facet normal 0 0 1
    outer loop
      vertex -58.4445 -103.451 6
      vertex -58.478 -103.462 6
      vertex -57.5874 -104.314 6
    endloop
  endfacet
  facet normal 0 0 1
    outer loop
      vertex -57.4315 -104.153 6
      vertex -58.4445 -103.451 6
      vertex -57.5874 -104.314 6
    endloop
  endfacet
  facet normal 0 0 1
    outer loop
      vertex -58.4132 -103.434 6
      vertex -58.4445 -103.451 6
      vertex -57.4315 -104.153 6
    endloop
  endfacet
  facet normal 0 0 1
    outer loop
      vertex -57.3029 -103.969 6
      vertex -58.4132 -103.434 6
      vertex -57.4315 -104.153 6
    endloop
  endfacet
  facet normal 0 0 1
    outer loop
      vertex -58.385 -103.413 6
      vertex -58.4132 -103.434 6
      vertex -57.3029 -103.969 6
    endloop
  endfacet
  facet normal 0 0 1
    outer loop
      vertex -57.2046 -103.768 6
      vertex -58.385 -103.413 6
      vertex -57.3029 -103.969 6
    endloop
  endfacet
  facet normal 0 0 1
    outer loop
      vertex -58.3604 -103.387 6
      vertex -58.385 -103.413 6
      vertex -57.2046 -103.768 6
    endloop
  endfacet
  facet normal 0 0 1
    outer loop
      vertex -58.34 -103.358 6
      vertex -58.3604 -103.387 6
      vertex -57.2046 -103.768 6
    endloop
  endfacet
  facet normal 0 0 1
    outer loop
      vertex -57.139 -103.553 6
      vertex -58.34 -103.358 6
      vertex -57.2046 -103.768 6
    endloop
  endfacet
  facet normal 0 0 1
    outer loop
      vertex -58.3245 -103.327 6
      vertex -58.34 -103.358 6
      vertex -57.139 -103.553 6
    endloop
  endfacet
  facet normal 0 0 1
    outer loop
      vertex -57.1234 -103.442 6
      vertex -58.3245 -103.327 6
      vertex -57.139 -103.553 6
    endloop
  endfacet
  facet normal 0 0 1
    outer loop
      vertex -58.3142 -103.293 6
      vertex -58.3245 -103.327 6
      vertex -57.1234 -103.442 6
    endloop
  endfacet
  facet normal 0 0 1
    outer loop
      vertex -58.3117 -103.275 6
      vertex -58.3142 -103.293 6
      vertex -57.1234 -103.442 6
    endloop
  endfacet
  facet normal 0 0 1
    outer loop
      vertex -55.8151 -94.1336 6
      vertex -58.3117 -103.275 6
      vertex -57.1234 -103.442 6
    endloop
  endfacet
  facet normal 0 0 1
    outer loop
      vertex -56.9953 -93.9082 6
      vertex -58.3117 -103.275 6
      vertex -55.8151 -94.1336 6
    endloop
  endfacet
  facet normal 0 0 1
    outer loop
      vertex -55.8148 -94.1321 6
      vertex -56.9953 -93.9082 6
      vertex -55.8151 -94.1336 6
    endloop
  endfacet
  facet normal 0 0 1
    outer loop
      vertex -56.9949 -93.9067 6
      vertex -56.9953 -93.9082 6
      vertex -55.8148 -94.1321 6
    endloop
  endfacet
  facet normal 0 0 1
    outer loop
      vertex -52.475 -70.3672 6
      vertex -56.9949 -93.9067 6
      vertex -55.8148 -94.1321 6
    endloop
  endfacet
  facet normal 0 0 1
    outer loop
      vertex -53.6633 -70.2002 6
      vertex -56.9949 -93.9067 6
      vertex -52.475 -70.3672 6
    endloop
  endfacet
  facet normal 0 0 1
    outer loop
      vertex -49.7472 -50.9579 6
      vertex -53.6633 -70.2002 6
      vertex -52.475 -70.3672 6
    endloop
  endfacet
  facet normal 0 0 1
    outer loop
      vertex -50.9355 -50.7909 6
      vertex -53.6633 -70.2002 6
      vertex -49.7472 -50.9579 6
    endloop
  endfacet
  facet normal 0 0 1
    outer loop
      vertex -49.7316 -50.8469 6
      vertex -50.9355 -50.7909 6
      vertex -49.7472 -50.9579 6
    endloop
  endfacet
  facet normal 0 0 1
    outer loop
      vertex -50.9331 -50.7734 6
      vertex -50.9355 -50.7909 6
      vertex -49.7316 -50.8469 6
    endloop
  endfacet
  facet normal 0 0 1
    outer loop
      vertex -50.9337 -50.738 6
      vertex -50.9331 -50.7734 6
      vertex -49.7316 -50.8469 6
    endloop
  endfacet
  facet normal 0 0 1
    outer loop
      vertex -49.7355 -50.6226 6
      vertex -50.9337 -50.738 6
      vertex -49.7316 -50.8469 6
    endloop
  endfacet
  facet normal -0 0 1
    outer loop
      vertex -50.9398 -50.7031 6
      vertex -50.9337 -50.738 6
      vertex -49.7355 -50.6226 6
    endloop
  endfacet
  facet normal -0 0 1
    outer loop
      vertex -50.9514 -50.6696 6
      vertex -50.9398 -50.7031 6
      vertex -49.7355 -50.6226 6
    endloop
  endfacet
  facet normal 0 0 1
    outer loop
      vertex -49.7745 -50.4017 6
      vertex -50.9514 -50.6696 6
      vertex -49.7355 -50.6226 6
    endloop
  endfacet
  facet normal -0 0 1
    outer loop
      vertex -50.968 -50.6383 6
      vertex -50.9514 -50.6696 6
      vertex -49.7745 -50.4017 6
    endloop
  endfacet
  facet normal -0 0 1
    outer loop
      vertex -50.9893 -50.61 6
      vertex -50.968 -50.6383 6
      vertex -49.7745 -50.4017 6
    endloop
  endfacet
  facet normal 0 0 1
    outer loop
      vertex -49.8475 -50.1896 6
      vertex -50.9893 -50.61 6
      vertex -49.7745 -50.4017 6
    endloop
  endfacet
  facet normal -0 0 1
    outer loop
      vertex -51.0148 -50.5854 6
      vertex -50.9893 -50.61 6
      vertex -49.8475 -50.1896 6
    endloop
  endfacet
  facet normal 0 0 1
    outer loop
      vertex -49.9528 -49.9916 6
      vertex -51.0148 -50.5854 6
      vertex -49.8475 -50.1896 6
    endloop
  endfacet
  facet normal -0 0 1
    outer loop
      vertex -51.0438 -50.5651 6
      vertex -51.0148 -50.5854 6
      vertex -49.9528 -49.9916 6
    endloop
  endfacet
  facet normal 0 0 1
    outer loop
      vertex -50.0878 -49.8124 6
      vertex -51.0438 -50.5651 6
      vertex -49.9528 -49.9916 6
    endloop
  endfacet
  facet normal -0 0 1
    outer loop
      vertex -51.0756 -50.5495 6
      vertex -51.0438 -50.5651 6
      vertex -50.0878 -49.8124 6
    endloop
  endfacet
  facet normal 0 0 1
    outer loop
      vertex -50.2491 -49.6566 6
      vertex -51.0756 -50.5495 6
      vertex -50.0878 -49.8124 6
    endloop
  endfacet
  facet normal -0 0 1
    outer loop
      vertex -51.1095 -50.5392 6
      vertex -51.0756 -50.5495 6
      vertex -50.2491 -49.6566 6
    endloop
  endfacet
  facet normal 0 0 1
    outer loop
      vertex -50.4329 -49.5279 6
      vertex -51.1095 -50.5392 6
      vertex -50.2491 -49.6566 6
    endloop
  endfacet
  facet normal -0 0 1
    outer loop
      vertex -51.1266 -50.5368 6
      vertex -51.1095 -50.5392 6
      vertex -50.4329 -49.5279 6
    endloop
  endfacet
  facet normal 0 0 1
    outer loop
      vertex -50.6344 -49.4296 6
      vertex -51.1266 -50.5368 6
      vertex -50.4329 -49.5279 6
    endloop
  endfacet
  facet normal 0 0 1
    outer loop
      vertex -50.8489 -49.364 6
      vertex -51.1266 -50.5368 6
      vertex -50.6344 -49.4296 6
    endloop
  endfacet
  facet normal 0 0 1
    outer loop
      vertex -50.96 -49.3485 6
      vertex -51.1266 -50.5368 6
      vertex -50.8489 -49.364 6
    endloop
  endfacet
  facet normal 0 0 1
    outer loop
      vertex -50.9596 -49.3485 6
      vertex -50.96 -49.3485 6
      vertex -50.8489 -49.364 6
    endloop
  endfacet
  facet normal 0 0 1
    outer loop
      vertex -50.96 -49.3485 6
      vertex -69.7644 -47.9175 6
      vertex -51.1266 -50.5368 6
    endloop
  endfacet
  facet normal 0 0 1
    outer loop
      vertex -69.5474 -46.7362 6
      vertex -69.7644 -47.9175 6
      vertex -50.96 -49.3485 6
    endloop
  endfacet
  facet normal 0 0 1
    outer loop
      vertex -69.5474 -46.7362 6
      vertex -70.0853 -47.8447 6
      vertex -69.7644 -47.9175 6
    endloop
  endfacet
  facet normal -0 0 1
    outer loop
      vertex -70.4365 -47.7004 6
      vertex -70.0853 -47.8447 6
      vertex -69.5474 -46.7362 6
    endloop
  endfacet
  facet normal 0 0 1
    outer loop
      vertex -69.722 -46.6966 6
      vertex -70.4365 -47.7004 6
      vertex -69.5474 -46.7362 6
    endloop
  endfacet
  facet normal -0 0 1
    outer loop
      vertex -70.7588 -47.4998 6
      vertex -70.4365 -47.7004 6
      vertex -69.722 -46.6966 6
    endloop
  endfacet
  facet normal 0 0 1
    outer loop
      vertex -69.8877 -46.6285 6
      vertex -70.7588 -47.4998 6
      vertex -69.722 -46.6966 6
    endloop
  endfacet
  facet normal -0 0 1
    outer loop
      vertex -71.0434 -47.2485 6
      vertex -70.7588 -47.4998 6
      vertex -69.8877 -46.6285 6
    endloop
  endfacet
  facet normal 0 0 1
    outer loop
      vertex -70.0397 -46.5339 6
      vertex -71.0434 -47.2485 6
      vertex -69.8877 -46.6285 6
    endloop
  endfacet
  facet normal -0 0 1
    outer loop
      vertex -71.2823 -46.9534 6
      vertex -71.0434 -47.2485 6
      vertex -70.0397 -46.5339 6
    endloop
  endfacet
  facet normal 0 0 1
    outer loop
      vertex -70.174 -46.4154 6
      vertex -71.2823 -46.9534 6
      vertex -70.0397 -46.5339 6
    endloop
  endfacet
  facet normal -0 0 1
    outer loop
      vertex -71.469 -46.6228 6
      vertex -71.2823 -46.9534 6
      vertex -70.174 -46.4154 6
    endloop
  endfacet
  facet normal 0 0 1
    outer loop
      vertex -70.2866 -46.2762 6
      vertex -71.469 -46.6228 6
      vertex -70.174 -46.4154 6
    endloop
  endfacet
  facet normal 0 0 1
    outer loop
      vertex -70.3747 -46.1203 6
      vertex -71.469 -46.6228 6
      vertex -70.2866 -46.2762 6
    endloop
  endfacet
  facet normal -0 0 1
    outer loop
      vertex -71.5981 -46.2658 6
      vertex -71.469 -46.6228 6
      vertex -70.3747 -46.1203 6
    endloop
  endfacet
  facet normal 0 0 1
    outer loop
      vertex -70.4356 -45.9519 6
      vertex -71.5981 -46.2658 6
      vertex -70.3747 -46.1203 6
    endloop
  endfacet
  facet normal 0 0 1
    outer loop
      vertex -71.6662 -45.8923 6
      vertex -71.5981 -46.2658 6
      vertex -70.4356 -45.9519 6
    endloop
  endfacet
  facet normal 0 0 1
    outer loop
      vertex -70.4677 -45.7757 6
      vertex -71.6662 -45.8923 6
      vertex -70.4356 -45.9519 6
    endloop
  endfacet
  facet normal 0 0 1
    outer loop
      vertex -71.6707 -45.5629 6
      vertex -71.6662 -45.8923 6
      vertex -70.4677 -45.7757 6
    endloop
  endfacet
  facet normal 0 0 1
    outer loop
      vertex -70.4702 -45.5966 6
      vertex -71.6707 -45.5629 6
      vertex -70.4677 -45.7757 6
    endloop
  endfacet
  facet normal 0 0 1
    outer loop
      vertex -70.1753 -41.3806 6
      vertex -71.6707 -45.5629 6
      vertex -70.4702 -45.5966 6
    endloop
  endfacet
  facet normal 0 0 1
    outer loop
      vertex -71.3724 -41.2969 6
      vertex -71.6707 -45.5629 6
      vertex -70.1753 -41.3806 6
    endloop
  endfacet
  facet normal 0 0 1
    outer loop
      vertex -71.3712 -41.2792 6
      vertex -71.3724 -41.2969 6
      vertex -70.1753 -41.3806 6
    endloop
  endfacet
  facet normal 0 0 1
    outer loop
      vertex -70.1675 -41.2688 6
      vertex -71.3712 -41.2792 6
      vertex -70.1753 -41.3806 6
    endloop
  endfacet
  facet normal 0 0 1
    outer loop
      vertex -71.3743 -41.244 6
      vertex -71.3712 -41.2792 6
      vertex -70.1675 -41.2688 6
    endloop
  endfacet
  facet normal 0 0 1
    outer loop
      vertex -70.1871 -41.0453 6
      vertex -71.3743 -41.244 6
      vertex -70.1675 -41.2688 6
    endloop
  endfacet
  facet normal -0 0 1
    outer loop
      vertex -71.3828 -41.2096 6
      vertex -71.3743 -41.244 6
      vertex -70.1871 -41.0453 6
    endloop
  endfacet
  facet normal -0 0 1
    outer loop
      vertex -71.3967 -41.177 6
      vertex -71.3828 -41.2096 6
      vertex -70.1871 -41.0453 6
    endloop
  endfacet
  facet normal 0 0 1
    outer loop
      vertex -70.2413 -40.8277 6
      vertex -71.3967 -41.177 6
      vertex -70.1871 -41.0453 6
    endloop
  endfacet
  facet normal -0 0 1
    outer loop
      vertex -71.4154 -41.147 6
      vertex -71.3967 -41.177 6
      vertex -70.2413 -40.8277 6
    endloop
  endfacet
  facet normal -0 0 1
    outer loop
      vertex -71.4387 -41.1203 6
      vertex -71.4154 -41.147 6
      vertex -70.2413 -40.8277 6
    endloop
  endfacet
  facet normal 0 0 1
    outer loop
      vertex -70.329 -40.6212 6
      vertex -71.4387 -41.1203 6
      vertex -70.2413 -40.8277 6
    endloop
  endfacet
  facet normal -0 0 1
    outer loop
      vertex -71.4658 -41.0975 6
      vertex -71.4387 -41.1203 6
      vertex -70.329 -40.6212 6
    endloop
  endfacet
  facet normal 0 0 1
    outer loop
      vertex -70.4478 -40.431 6
      vertex -71.4658 -41.0975 6
      vertex -70.329 -40.6212 6
    endloop
  endfacet
  facet normal -0 0 1
    outer loop
      vertex -71.4961 -41.0793 6
      vertex -71.4658 -41.0975 6
      vertex -70.4478 -40.431 6
    endloop
  endfacet
  facet normal 0 0 1
    outer loop
      vertex -70.595 -40.2617 6
      vertex -71.4961 -41.0793 6
      vertex -70.4478 -40.431 6
    endloop
  endfacet
  facet normal -0 0 1
    outer loop
      vertex -71.529 -41.066 6
      vertex -71.4961 -41.0793 6
      vertex -70.595 -40.2617 6
    endloop
  endfacet
  facet normal 0 0 1
    outer loop
      vertex -70.7668 -40.1175 6
      vertex -71.529 -41.066 6
      vertex -70.595 -40.2617 6
    endloop
  endfacet
  facet normal -0 0 1
    outer loop
      vertex -71.5635 -41.0581 6
      vertex -71.529 -41.066 6
      vertex -70.7668 -40.1175 6
    endloop
  endfacet
  facet normal 0 0 1
    outer loop
      vertex -70.9591 -40.002 6
      vertex -71.5635 -41.0581 6
      vertex -70.7668 -40.1175 6
    endloop
  endfacet
  facet normal 0 0 1
    outer loop
      vertex -71.167 -39.918 6
      vertex -71.5635 -41.0581 6
      vertex -70.9591 -40.002 6
    endloop
  endfacet
  facet normal -0 0 1
    outer loop
      vertex -71.5811 -41.0568 6
      vertex -71.5635 -41.0581 6
      vertex -71.167 -39.918 6
    endloop
  endfacet
  facet normal 0 0 1
    outer loop
      vertex -71.3856 -39.8676 6
      vertex -71.5811 -41.0568 6
      vertex -71.167 -39.918 6
    endloop
  endfacet
  facet normal 0 0 1
    outer loop
      vertex -71.4975 -39.8597 6
      vertex -71.5811 -41.0568 6
      vertex -71.3856 -39.8676 6
    endloop
  endfacet
  facet normal 0 0 1
    outer loop
      vertex -90.4831 -39.735 6
      vertex -71.5811 -41.0568 6
      vertex -71.4975 -39.8597 6
    endloop
  endfacet
  facet normal 0 0 1
    outer loop
      vertex -90.3404 -38.5421 6
      vertex -90.4831 -39.735 6
      vertex -71.4975 -39.8597 6
    endloop
  endfacet
  facet normal -0 0 1
    outer loop
      vertex -90.5339 -39.7264 6
      vertex -90.4831 -39.735 6
      vertex -90.3404 -38.5421 6
    endloop
  endfacet
  facet normal -0 0 1
    outer loop
      vertex -90.7996 -39.6854 6
      vertex -90.5339 -39.7264 6
      vertex -90.3404 -38.5421 6
    endloop
  endfacet
  facet normal 0 -0 1
    outer loop
      vertex -90.7996 -39.6854 6
      vertex -90.5174 -38.5147 6
      vertex -91.16 -39.566 6
    endloop
  endfacet
  facet normal 0 0 1
    outer loop
      vertex -90.3418 -38.5419 6
      vertex -90.5174 -38.5147 6
      vertex -90.7996 -39.6854 6
    endloop
  endfacet
  facet normal 0 0 1
    outer loop
      vertex -90.3404 -38.5421 6
      vertex -90.3418 -38.5419 6
      vertex -90.7996 -39.6854 6
    endloop
  endfacet
  facet normal 0 0 1
    outer loop
      vertex -90.5174 -38.5147 6
      vertex -91.4956 -39.3884 6
      vertex -91.16 -39.566 6
    endloop
  endfacet
  facet normal 0 0 1
    outer loop
      vertex -90.6873 -38.4584 6
      vertex -91.4956 -39.3884 6
      vertex -90.5174 -38.5147 6
    endloop
  endfacet
  facet normal -0 0 1
    outer loop
      vertex -91.797 -39.1575 6
      vertex -91.4956 -39.3884 6
      vertex -90.6873 -38.4584 6
    endloop
  endfacet
  facet normal 0 0 1
    outer loop
      vertex -90.8456 -38.3747 6
      vertex -91.797 -39.1575 6
      vertex -90.6873 -38.4584 6
    endloop
  endfacet
  facet normal -0 0 1
    outer loop
      vertex -92.0559 -38.8799 6
      vertex -91.797 -39.1575 6
      vertex -90.8456 -38.3747 6
    endloop
  endfacet
  facet normal 0 0 1
    outer loop
      vertex -90.9878 -38.2658 6
      vertex -92.0559 -38.8799 6
      vertex -90.8456 -38.3747 6
    endloop
  endfacet
  facet normal -0 0 1
    outer loop
      vertex -92.2652 -38.5631 6
      vertex -92.0559 -38.8799 6
      vertex -90.9878 -38.2658 6
    endloop
  endfacet
  facet normal 0 0 1
    outer loop
      vertex -91.1099 -38.1348 6
      vertex -92.2652 -38.5631 6
      vertex -90.9878 -38.2658 6
    endloop
  endfacet
  facet normal 0 0 1
    outer loop
      vertex -91.2086 -37.9854 6
      vertex -92.2652 -38.5631 6
      vertex -91.1099 -38.1348 6
    endloop
  endfacet
  facet normal -0 0 1
    outer loop
      vertex -92.419 -38.2159 6
      vertex -92.2652 -38.5631 6
      vertex -91.2086 -37.9854 6
    endloop
  endfacet
  facet normal 0 0 1
    outer loop
      vertex -91.2811 -37.8217 6
      vertex -92.419 -38.2159 6
      vertex -91.2086 -37.9854 6
    endloop
  endfacet
  facet normal -0 0 1
    outer loop
      vertex -92.5129 -37.8481 6
      vertex -92.419 -38.2159 6
      vertex -91.2811 -37.8217 6
    endloop
  endfacet
  facet normal 0 0 1
    outer loop
      vertex -91.3255 -37.6482 6
      vertex -92.5129 -37.8481 6
      vertex -91.2811 -37.8217 6
    endloop
  endfacet
  facet normal 0 0 1
    outer loop
      vertex -92.5404 -37.5198 6
      vertex -92.5129 -37.8481 6
      vertex -91.3255 -37.6482 6
    endloop
  endfacet
  facet normal 0 0 1
    outer loop
      vertex -91.3404 -37.4697 6
      vertex -92.5404 -37.5198 6
      vertex -91.3255 -37.6482 6
    endloop
  endfacet
  facet normal 0 0 1
    outer loop
      vertex -92.5404 -34.9476 6
      vertex -92.5404 -37.5198 6
      vertex -91.3404 -37.4697 6
    endloop
  endfacet
  facet normal 0 0 1
    outer loop
      vertex -91.3404 -34.9476 6
      vertex -92.5404 -34.9476 6
      vertex -91.3404 -37.4697 6
    endloop
  endfacet
  facet normal 0 0 1
    outer loop
      vertex -92.5404 -34.9299 6
      vertex -92.5404 -34.9476 6
      vertex -91.3404 -34.9476 6
    endloop
  endfacet
  facet normal 0 0 1
    outer loop
      vertex -91.3404 -34.8354 6
      vertex -92.5404 -34.9299 6
      vertex -91.3404 -34.9476 6
    endloop
  endfacet
  facet normal -0 0 1
    outer loop
      vertex -92.5459 -34.8949 6
      vertex -92.5404 -34.9299 6
      vertex -91.3404 -34.8354 6
    endloop
  endfacet
  facet normal -0 0 1
    outer loop
      vertex -92.5569 -34.8612 6
      vertex -92.5459 -34.8949 6
      vertex -91.3404 -34.8354 6
    endloop
  endfacet
  facet normal 0 0 1
    outer loop
      vertex -91.3755 -34.6139 6
      vertex -92.5569 -34.8612 6
      vertex -91.3404 -34.8354 6
    endloop
  endfacet
  facet normal -0 0 1
    outer loop
      vertex -92.573 -34.8297 6
      vertex -92.5569 -34.8612 6
      vertex -91.3755 -34.6139 6
    endloop
  endfacet
  facet normal 0 0 1
    outer loop
      vertex -91.4448 -34.4006 6
      vertex -92.573 -34.8297 6
      vertex -91.3755 -34.6139 6
    endloop
  endfacet
  facet normal -0 0 1
    outer loop
      vertex -92.5938 -34.801 6
      vertex -92.573 -34.8297 6
      vertex -91.4448 -34.4006 6
    endloop
  endfacet
  facet normal -0 0 1
    outer loop
      vertex -92.6188 -34.776 6
      vertex -92.5938 -34.801 6
      vertex -91.4448 -34.4006 6
    endloop
  endfacet
  facet normal 0 0 1
    outer loop
      vertex -91.5466 -34.2007 6
      vertex -92.6188 -34.776 6
      vertex -91.4448 -34.4006 6
    endloop
  endfacet
  facet normal -0 0 1
    outer loop
      vertex -92.6475 -34.7552 6
      vertex -92.6188 -34.776 6
      vertex -91.5466 -34.2007 6
    endloop
  endfacet
  facet normal 0 0 1
    outer loop
      vertex -91.6785 -34.0193 6
      vertex -92.6475 -34.7552 6
      vertex -91.5466 -34.2007 6
    endloop
  endfacet
  facet normal -0 0 1
    outer loop
      vertex -92.679 -34.7391 6
      vertex -92.6475 -34.7552 6
      vertex -91.6785 -34.0193 6
    endloop
  endfacet
  facet normal 0 0 1
    outer loop
      vertex -91.8371 -33.8607 6
      vertex -92.679 -34.7391 6
      vertex -91.6785 -34.0193 6
    endloop
  endfacet
  facet normal -0 0 1
    outer loop
      vertex -92.7127 -34.7281 6
      vertex -92.679 -34.7391 6
      vertex -91.8371 -33.8607 6
    endloop
  endfacet
  facet normal 0 0 1
    outer loop
      vertex -92.0185 -33.7288 6
      vertex -92.7127 -34.7281 6
      vertex -91.8371 -33.8607 6
    endloop
  endfacet
  facet normal -0 0 1
    outer loop
      vertex -92.7477 -34.7226 6
      vertex -92.7127 -34.7281 6
      vertex -92.0185 -33.7288 6
    endloop
  endfacet
  facet normal 0 0 1
    outer loop
      vertex -92.2184 -33.627 6
      vertex -92.7477 -34.7226 6
      vertex -92.0185 -33.7288 6
    endloop
  endfacet
  facet normal 0 0 1
    outer loop
      vertex -92.4317 -33.5577 6
      vertex -92.7477 -34.7226 6
      vertex -92.2184 -33.627 6
    endloop
  endfacet
  facet normal 0 0 1
    outer loop
      vertex -92.6532 -33.5226 6
      vertex -92.7477 -34.7226 6
      vertex -92.4317 -33.5577 6
    endloop
  endfacet
  facet normal -0 0 1
    outer loop
      vertex -92.7654 -33.5226 6
      vertex -92.7477 -34.7226 6
      vertex -92.6532 -33.5226 6
    endloop
  endfacet
  facet normal 0 0 1
    outer loop
      vertex -92.7654 -34.7226 6
      vertex -92.7477 -34.7226 6
      vertex -92.7654 -33.5226 6
    endloop
  endfacet
  facet normal 0 0 1
    outer loop
      vertex -112.783 -34.7226 6
      vertex -92.7654 -34.7226 6
      vertex -92.7654 -33.5226 6
    endloop
  endfacet
  facet normal 0 0 1
    outer loop
      vertex -112.783 -34.7226 6
      vertex -113.512 -33.7288 6
      vertex -112.818 -34.7281 6
    endloop
  endfacet
  facet normal 0 0 1
    outer loop
      vertex -113.312 -33.627 6
      vertex -113.512 -33.7288 6
      vertex -112.783 -34.7226 6
    endloop
  endfacet
  facet normal 0 0 1
    outer loop
      vertex -113.099 -33.5577 6
      vertex -113.312 -33.627 6
      vertex -112.783 -34.7226 6
    endloop
  endfacet
  facet normal -0 0 1
    outer loop
      vertex -113.694 -33.8606 6
      vertex -112.818 -34.7281 6
      vertex -113.512 -33.7288 6
    endloop
  endfacet
  facet normal 0 -0 1
    outer loop
      vertex -112.852 -34.7391 6
      vertex -112.818 -34.7281 6
      vertex -113.694 -33.8606 6
    endloop
  endfacet
  facet normal -0 0 1
    outer loop
      vertex -113.852 -34.0193 6
      vertex -112.852 -34.7391 6
      vertex -113.694 -33.8606 6
    endloop
  endfacet
  facet normal 0 -0 1
    outer loop
      vertex -112.883 -34.7551 6
      vertex -112.852 -34.7391 6
      vertex -113.852 -34.0193 6
    endloop
  endfacet
  facet normal -0 0 1
    outer loop
      vertex -113.984 -34.2007 6
      vertex -112.883 -34.7551 6
      vertex -113.852 -34.0193 6
    endloop
  endfacet
  facet normal 0 -0 1
    outer loop
      vertex -112.891 -34.7604 6
      vertex -112.883 -34.7551 6
      vertex -113.984 -34.2007 6
    endloop
  endfacet
  facet normal -0 0 1
    outer loop
      vertex -114.086 -34.4006 6
      vertex -112.891 -34.7604 6
      vertex -113.984 -34.2007 6
    endloop
  endfacet
  facet normal -0 0 1
    outer loop
      vertex -114.155 -34.6139 6
      vertex -112.891 -34.7604 6
      vertex -114.086 -34.4006 6
    endloop
  endfacet
  facet normal 0 0 1
    outer loop
      vertex -114.19 -34.8354 6
      vertex -112.891 -34.7604 6
      vertex -114.155 -34.6139 6
    endloop
  endfacet
  facet normal 0 0 1
    outer loop
      vertex -114.19 -34.9476 6
      vertex -112.891 -34.7604 6
      vertex -114.19 -34.8354 6
    endloop
  endfacet
  facet normal 0 0 1
    outer loop
      vertex -114.19 -35.8476 6
      vertex -112.891 -34.7604 6
      vertex -114.19 -34.9476 6
    endloop
  endfacet
  facet normal -0 0 1
    outer loop
      vertex -114.19 -35.8476 6
      vertex -113.02 -36.2435 6
      vertex -112.891 -34.7604 6
    endloop
  endfacet
  facet normal -0 0 1
    outer loop
      vertex -114.207 -36.0343 6
      vertex -113.02 -36.2435 6
      vertex -114.19 -35.8476 6
    endloop
  endfacet
  facet normal -0 0 1
    outer loop
      vertex -114.255 -36.2153 6
      vertex -113.02 -36.2435 6
      vertex -114.207 -36.0343 6
    endloop
  endfacet
  facet normal 0 -0 1
    outer loop
      vertex -113.123 -36.6273 6
      vertex -113.02 -36.2435 6
      vertex -114.255 -36.2153 6
    endloop
  endfacet
  facet normal -0 0 1
    outer loop
      vertex -114.334 -36.3851 6
      vertex -113.123 -36.6273 6
      vertex -114.255 -36.2153 6
    endloop
  endfacet
  facet normal 0 -0 1
    outer loop
      vertex -113.291 -36.9874 6
      vertex -113.123 -36.6273 6
      vertex -114.334 -36.3851 6
    endloop
  endfacet
  facet normal -0 0 1
    outer loop
      vertex -114.442 -36.5386 6
      vertex -113.291 -36.9874 6
      vertex -114.334 -36.3851 6
    endloop
  endfacet
  facet normal -0 0 1
    outer loop
      vertex -114.574 -36.6711 6
      vertex -113.291 -36.9874 6
      vertex -114.442 -36.5386 6
    endloop
  endfacet
  facet normal 0 -0 1
    outer loop
      vertex -113.519 -37.3129 6
      vertex -113.291 -36.9874 6
      vertex -114.574 -36.6711 6
    endloop
  endfacet
  facet normal -0 0 1
    outer loop
      vertex -114.728 -36.7786 6
      vertex -113.519 -37.3129 6
      vertex -114.574 -36.6711 6
    endloop
  endfacet
  facet normal 0 -0 1
    outer loop
      vertex -113.8 -37.5939 6
      vertex -113.519 -37.3129 6
      vertex -114.728 -36.7786 6
    endloop
  endfacet
  facet normal -0 0 1
    outer loop
      vertex -114.898 -36.8577 6
      vertex -113.8 -37.5939 6
      vertex -114.728 -36.7786 6
    endloop
  endfacet
  facet normal 0 -0 1
    outer loop
      vertex -114.126 -37.8218 6
      vertex -113.8 -37.5939 6
      vertex -114.898 -36.8577 6
    endloop
  endfacet
  facet normal -0 0 1
    outer loop
      vertex -115.079 -36.9062 6
      vertex -114.126 -37.8218 6
      vertex -114.898 -36.8577 6
    endloop
  endfacet
  facet normal 0 -0 1
    outer loop
      vertex -114.486 -37.9897 6
      vertex -114.126 -37.8218 6
      vertex -115.079 -36.9062 6
    endloop
  endfacet
  facet normal 0 -0 1
    outer loop
      vertex -114.87 -38.0925 6
      vertex -114.486 -37.9897 6
      vertex -115.079 -36.9062 6
    endloop
  endfacet
  facet normal -0 0 1
    outer loop
      vertex -115.265 -36.9226 6
      vertex -114.87 -38.0925 6
      vertex -115.079 -36.9062 6
    endloop
  endfacet
  facet normal 0 -0 1
    outer loop
      vertex -115.213 -38.1226 6
      vertex -114.87 -38.0925 6
      vertex -115.265 -36.9226 6
    endloop
  endfacet
  facet normal 0 0 1
    outer loop
      vertex -130.783 -38.1226 6
      vertex -115.213 -38.1226 6
      vertex -115.265 -36.9226 6
    endloop
  endfacet
  facet normal 0 0 1
    outer loop
      vertex -130.783 -38.1226 6
      vertex -131.512 -37.1288 6
      vertex -130.818 -38.1281 6
    endloop
  endfacet
  facet normal 0 0 1
    outer loop
      vertex -131.312 -37.027 6
      vertex -131.512 -37.1288 6
      vertex -130.783 -38.1226 6
    endloop
  endfacet
  facet normal 0 0 1
    outer loop
      vertex -131.099 -36.9577 6
      vertex -131.312 -37.027 6
      vertex -130.783 -38.1226 6
    endloop
  endfacet
  facet normal -0 0 1
    outer loop
      vertex -131.694 -37.2607 6
      vertex -130.818 -38.1281 6
      vertex -131.512 -37.1288 6
    endloop
  endfacet
  facet normal 0 -0 1
    outer loop
      vertex -130.852 -38.1391 6
      vertex -130.818 -38.1281 6
      vertex -131.694 -37.2607 6
    endloop
  endfacet
  facet normal -0 0 1
    outer loop
      vertex -131.852 -37.4193 6
      vertex -130.852 -38.1391 6
      vertex -131.694 -37.2607 6
    endloop
  endfacet
  facet normal 0 -0 1
    outer loop
      vertex -130.883 -38.1551 6
      vertex -130.852 -38.1391 6
      vertex -131.852 -37.4193 6
    endloop
  endfacet
  facet normal -0 0 1
    outer loop
      vertex -131.984 -37.6007 6
      vertex -130.883 -38.1551 6
      vertex -131.852 -37.4193 6
    endloop
  endfacet
  facet normal 0 -0 1
    outer loop
      vertex -130.912 -38.1759 6
      vertex -130.883 -38.1551 6
      vertex -131.984 -37.6007 6
    endloop
  endfacet
  facet normal -0 0 1
    outer loop
      vertex -132.086 -37.8006 6
      vertex -130.912 -38.1759 6
      vertex -131.984 -37.6007 6
    endloop
  endfacet
  facet normal 0 -0 1
    outer loop
      vertex -130.937 -38.201 6
      vertex -130.912 -38.1759 6
      vertex -132.086 -37.8006 6
    endloop
  endfacet
  facet normal 0 -0 1
    outer loop
      vertex -130.958 -38.2296 6
      vertex -130.937 -38.201 6
      vertex -132.086 -37.8006 6
    endloop
  endfacet
  facet normal -0 0 1
    outer loop
      vertex -132.155 -38.0139 6
      vertex -130.958 -38.2296 6
      vertex -132.086 -37.8006 6
    endloop
  endfacet
  facet normal 0 -0 1
    outer loop
      vertex -130.974 -38.261 6
      vertex -130.958 -38.2296 6
      vertex -132.155 -38.0139 6
    endloop
  endfacet
  facet normal -0 0 1
    outer loop
      vertex -132.19 -38.2354 6
      vertex -130.974 -38.261 6
      vertex -132.155 -38.0139 6
    endloop
  endfacet
  facet normal 0 0 1
    outer loop
      vertex -132.19 -38.3476 6
      vertex -130.974 -38.261 6
      vertex -132.19 -38.2354 6
    endloop
  endfacet
  facet normal 0 0 1
    outer loop
      vertex -132.19 -38.3976 6
      vertex -130.974 -38.261 6
      vertex -132.19 -38.3476 6
    endloop
  endfacet
  facet normal -0 0 1
    outer loop
      vertex -132.19 -38.3976 6
      vertex -131.02 -38.7935 6
      vertex -130.974 -38.261 6
    endloop
  endfacet
  facet normal -0 0 1
    outer loop
      vertex -132.207 -38.5843 6
      vertex -131.02 -38.7935 6
      vertex -132.19 -38.3976 6
    endloop
  endfacet
  facet normal -0 0 1
    outer loop
      vertex -132.255 -38.7653 6
      vertex -131.02 -38.7935 6
      vertex -132.207 -38.5843 6
    endloop
  endfacet
  facet normal 0 -0 1
    outer loop
      vertex -131.123 -39.1773 6
      vertex -131.02 -38.7935 6
      vertex -132.255 -38.7653 6
    endloop
  endfacet
  facet normal -0 0 1
    outer loop
      vertex -132.334 -38.9351 6
      vertex -131.123 -39.1773 6
      vertex -132.255 -38.7653 6
    endloop
  endfacet
  facet normal 0 -0 1
    outer loop
      vertex -131.291 -39.5374 6
      vertex -131.123 -39.1773 6
      vertex -132.334 -38.9351 6
    endloop
  endfacet
  facet normal -0 0 1
    outer loop
      vertex -132.442 -39.0886 6
      vertex -131.291 -39.5374 6
      vertex -132.334 -38.9351 6
    endloop
  endfacet
  facet normal -0 0 1
    outer loop
      vertex -132.574 -39.2211 6
      vertex -131.291 -39.5374 6
      vertex -132.442 -39.0886 6
    endloop
  endfacet
  facet normal 0 -0 1
    outer loop
      vertex -131.519 -39.8629 6
      vertex -131.291 -39.5374 6
      vertex -132.574 -39.2211 6
    endloop
  endfacet
  facet normal -0 0 1
    outer loop
      vertex -132.728 -39.3286 6
      vertex -131.519 -39.8629 6
      vertex -132.574 -39.2211 6
    endloop
  endfacet
  facet normal 0 -0 1
    outer loop
      vertex -131.8 -40.1439 6
      vertex -131.519 -39.8629 6
      vertex -132.728 -39.3286 6
    endloop
  endfacet
  facet normal -0 0 1
    outer loop
      vertex -132.898 -39.4077 6
      vertex -131.8 -40.1439 6
      vertex -132.728 -39.3286 6
    endloop
  endfacet
  facet normal 0 -0 1
    outer loop
      vertex -132.126 -40.3718 6
      vertex -131.8 -40.1439 6
      vertex -132.898 -39.4077 6
    endloop
  endfacet
  facet normal -0 0 1
    outer loop
      vertex -133.079 -39.4562 6
      vertex -132.126 -40.3718 6
      vertex -132.898 -39.4077 6
    endloop
  endfacet
  facet normal 0 -0 1
    outer loop
      vertex -132.486 -40.5397 6
      vertex -132.126 -40.3718 6
      vertex -133.079 -39.4562 6
    endloop
  endfacet
  facet normal 0 -0 1
    outer loop
      vertex -132.87 -40.6425 6
      vertex -132.486 -40.5397 6
      vertex -133.079 -39.4562 6
    endloop
  endfacet
  facet normal -0 0 1
    outer loop
      vertex -133.265 -39.4726 6
      vertex -132.87 -40.6425 6
      vertex -133.079 -39.4562 6
    endloop
  endfacet
  facet normal 0 -0 1
    outer loop
      vertex -133.213 -40.6726 6
      vertex -132.87 -40.6425 6
      vertex -133.265 -39.4726 6
    endloop
  endfacet
  facet normal 0 0 1
    outer loop
      vertex -148.783 -40.6726 6
      vertex -133.213 -40.6726 6
      vertex -133.265 -39.4726 6
    endloop
  endfacet
  facet normal 0 0 1
    outer loop
      vertex -148.783 -40.6726 6
      vertex -149.512 -39.6788 6
      vertex -148.818 -40.6781 6
    endloop
  endfacet
  facet normal 0 0 1
    outer loop
      vertex -149.312 -39.577 6
      vertex -149.512 -39.6788 6
      vertex -148.783 -40.6726 6
    endloop
  endfacet
  facet normal 0 0 1
    outer loop
      vertex -149.099 -39.5077 6
      vertex -149.312 -39.577 6
      vertex -148.783 -40.6726 6
    endloop
  endfacet
  facet normal -0 0 1
    outer loop
      vertex -149.694 -39.8106 6
      vertex -148.818 -40.6781 6
      vertex -149.512 -39.6788 6
    endloop
  endfacet
  facet normal 0 -0 1
    outer loop
      vertex -148.852 -40.6891 6
      vertex -148.818 -40.6781 6
      vertex -149.694 -39.8106 6
    endloop
  endfacet
  facet normal -0 0 1
    outer loop
      vertex -149.852 -39.9693 6
      vertex -148.852 -40.6891 6
      vertex -149.694 -39.8106 6
    endloop
  endfacet
  facet normal 0 -0 1
    outer loop
      vertex -148.883 -40.7051 6
      vertex -148.852 -40.6891 6
      vertex -149.852 -39.9693 6
    endloop
  endfacet
  facet normal -0 0 1
    outer loop
      vertex -149.984 -40.1507 6
      vertex -148.883 -40.7051 6
      vertex -149.852 -39.9693 6
    endloop
  endfacet
  facet normal 0 -0 1
    outer loop
      vertex -148.912 -40.7259 6
      vertex -148.883 -40.7051 6
      vertex -149.984 -40.1507 6
    endloop
  endfacet
  facet normal -0 0 1
    outer loop
      vertex -150.086 -40.3506 6
      vertex -148.912 -40.7259 6
      vertex -149.984 -40.1507 6
    endloop
  endfacet
  facet normal 0 -0 1
    outer loop
      vertex -148.937 -40.751 6
      vertex -148.912 -40.7259 6
      vertex -150.086 -40.3506 6
    endloop
  endfacet
  facet normal 0 -0 1
    outer loop
      vertex -148.958 -40.7796 6
      vertex -148.937 -40.751 6
      vertex -150.086 -40.3506 6
    endloop
  endfacet
  facet normal -0 0 1
    outer loop
      vertex -150.155 -40.5639 6
      vertex -148.958 -40.7796 6
      vertex -150.086 -40.3506 6
    endloop
  endfacet
  facet normal 0 -0 1
    outer loop
      vertex -148.974 -40.8112 6
      vertex -148.958 -40.7796 6
      vertex -150.155 -40.5639 6
    endloop
  endfacet
  facet normal -0 0 1
    outer loop
      vertex -150.19 -40.7854 6
      vertex -148.974 -40.8112 6
      vertex -150.155 -40.5639 6
    endloop
  endfacet
  facet normal 0 -0 1
    outer loop
      vertex -148.985 -40.8448 6
      vertex -148.974 -40.8112 6
      vertex -150.19 -40.7854 6
    endloop
  endfacet
  facet normal 0 -0 1
    outer loop
      vertex -148.99 -40.8798 6
      vertex -148.985 -40.8448 6
      vertex -150.19 -40.7854 6
    endloop
  endfacet
  facet normal 0 0 1
    outer loop
      vertex -150.19 -40.8976 6
      vertex -148.99 -40.8798 6
      vertex -150.19 -40.7854 6
    endloop
  endfacet
  facet normal 0 -0 1
    outer loop
      vertex -148.99 -40.8975 6
      vertex -148.99 -40.8798 6
      vertex -150.19 -40.8976 6
    endloop
  endfacet
  facet normal 0 0 1
    outer loop
      vertex -150.19 -43.8976 6
      vertex -148.99 -40.8975 6
      vertex -150.19 -40.8976 6
    endloop
  endfacet
  facet normal 0 -0 1
    outer loop
      vertex -148.99 -43.9508 6
      vertex -148.99 -40.8975 6
      vertex -150.19 -43.8976 6
    endloop
  endfacet
  facet normal 0 0 1
    outer loop
      vertex -150.207 -44.0843 6
      vertex -148.99 -43.9508 6
      vertex -150.19 -43.8976 6
    endloop
  endfacet
  facet normal 0 -0 1
    outer loop
      vertex -149.02 -44.2935 6
      vertex -148.99 -43.9508 6
      vertex -150.207 -44.0843 6
    endloop
  endfacet
  facet normal -0 0 1
    outer loop
      vertex -150.255 -44.2653 6
      vertex -149.02 -44.2935 6
      vertex -150.207 -44.0843 6
    endloop
  endfacet
  facet normal 0 -0 1
    outer loop
      vertex -149.123 -44.6773 6
      vertex -149.02 -44.2935 6
      vertex -150.255 -44.2653 6
    endloop
  endfacet
  facet normal -0 0 1
    outer loop
      vertex -150.334 -44.4351 6
      vertex -149.123 -44.6773 6
      vertex -150.255 -44.2653 6
    endloop
  endfacet
  facet normal 0 -0 1
    outer loop
      vertex -149.291 -45.0374 6
      vertex -149.123 -44.6773 6
      vertex -150.334 -44.4351 6
    endloop
  endfacet
  facet normal -0 0 1
    outer loop
      vertex -150.442 -44.5886 6
      vertex -149.291 -45.0374 6
      vertex -150.334 -44.4351 6
    endloop
  endfacet
  facet normal -0 0 1
    outer loop
      vertex -150.574 -44.7211 6
      vertex -149.291 -45.0374 6
      vertex -150.442 -44.5886 6
    endloop
  endfacet
  facet normal 0 -0 1
    outer loop
      vertex -149.519 -45.3629 6
      vertex -149.291 -45.0374 6
      vertex -150.574 -44.7211 6
    endloop
  endfacet
  facet normal -0 0 1
    outer loop
      vertex -150.728 -44.8286 6
      vertex -149.519 -45.3629 6
      vertex -150.574 -44.7211 6
    endloop
  endfacet
  facet normal 0 -0 1
    outer loop
      vertex -149.8 -45.6439 6
      vertex -149.519 -45.3629 6
      vertex -150.728 -44.8286 6
    endloop
  endfacet
  facet normal -0 0 1
    outer loop
      vertex -150.898 -44.9077 6
      vertex -149.8 -45.6439 6
      vertex -150.728 -44.8286 6
    endloop
  endfacet
  facet normal 0 -0 1
    outer loop
      vertex -150.126 -45.8718 6
      vertex -149.8 -45.6439 6
      vertex -150.898 -44.9077 6
    endloop
  endfacet
  facet normal -0 0 1
    outer loop
      vertex -151.079 -44.9562 6
      vertex -150.126 -45.8718 6
      vertex -150.898 -44.9077 6
    endloop
  endfacet
  facet normal 0 -0 1
    outer loop
      vertex -150.486 -46.0397 6
      vertex -150.126 -45.8718 6
      vertex -151.079 -44.9562 6
    endloop
  endfacet
  facet normal 0 -0 1
    outer loop
      vertex -150.87 -46.1425 6
      vertex -150.486 -46.0397 6
      vertex -151.079 -44.9562 6
    endloop
  endfacet
  facet normal -0 0 1
    outer loop
      vertex -151.265 -44.9726 6
      vertex -150.87 -46.1425 6
      vertex -151.079 -44.9562 6
    endloop
  endfacet
  facet normal 0 -0 1
    outer loop
      vertex -151.213 -46.1726 6
      vertex -150.87 -46.1425 6
      vertex -151.265 -44.9726 6
    endloop
  endfacet
  facet normal 0 0 1
    outer loop
      vertex -169.283 -46.1726 6
      vertex -151.213 -46.1726 6
      vertex -151.265 -44.9726 6
    endloop
  endfacet
  facet normal 0 0 1
    outer loop
      vertex -169.283 -46.1726 6
      vertex -170.012 -45.1788 6
      vertex -169.318 -46.1781 6
    endloop
  endfacet
  facet normal 0 0 1
    outer loop
      vertex -169.812 -45.077 6
      vertex -170.012 -45.1788 6
      vertex -169.283 -46.1726 6
    endloop
  endfacet
  facet normal 0 0 1
    outer loop
      vertex -169.599 -45.0077 6
      vertex -169.812 -45.077 6
      vertex -169.283 -46.1726 6
    endloop
  endfacet
  facet normal -0 0 1
    outer loop
      vertex -170.194 -45.3106 6
      vertex -169.318 -46.1781 6
      vertex -170.012 -45.1788 6
    endloop
  endfacet
  facet normal 0 -0 1
    outer loop
      vertex -169.352 -46.1891 6
      vertex -169.318 -46.1781 6
      vertex -170.194 -45.3106 6
    endloop
  endfacet
  facet normal -0 0 1
    outer loop
      vertex -170.352 -45.4693 6
      vertex -169.352 -46.1891 6
      vertex -170.194 -45.3106 6
    endloop
  endfacet
  facet normal 0 -0 1
    outer loop
      vertex -169.383 -46.2051 6
      vertex -169.352 -46.1891 6
      vertex -170.352 -45.4693 6
    endloop
  endfacet
  facet normal -0 0 1
    outer loop
      vertex -170.484 -45.6507 6
      vertex -169.383 -46.2051 6
      vertex -170.352 -45.4693 6
    endloop
  endfacet
  facet normal 0 -0 1
    outer loop
      vertex -169.412 -46.2259 6
      vertex -169.383 -46.2051 6
      vertex -170.484 -45.6507 6
    endloop
  endfacet
  facet normal -0 0 1
    outer loop
      vertex -170.586 -45.8506 6
      vertex -169.412 -46.2259 6
      vertex -170.484 -45.6507 6
    endloop
  endfacet
  facet normal 0 -0 1
    outer loop
      vertex -169.437 -46.251 6
      vertex -169.412 -46.2259 6
      vertex -170.586 -45.8506 6
    endloop
  endfacet
  facet normal 0 -0 1
    outer loop
      vertex -169.458 -46.2796 6
      vertex -169.437 -46.251 6
      vertex -170.586 -45.8506 6
    endloop
  endfacet
  facet normal -0 0 1
    outer loop
      vertex -170.655 -46.0639 6
      vertex -169.458 -46.2796 6
      vertex -170.586 -45.8506 6
    endloop
  endfacet
  facet normal 0 -0 1
    outer loop
      vertex -169.474 -46.3112 6
      vertex -169.458 -46.2796 6
      vertex -170.655 -46.0639 6
    endloop
  endfacet
  facet normal -0 0 1
    outer loop
      vertex -170.69 -46.2854 6
      vertex -169.474 -46.3112 6
      vertex -170.655 -46.0639 6
    endloop
  endfacet
  facet normal 0 -0 1
    outer loop
      vertex -169.485 -46.3448 6
      vertex -169.474 -46.3112 6
      vertex -170.69 -46.2854 6
    endloop
  endfacet
  facet normal 0 -0 1
    outer loop
      vertex -169.49 -46.3798 6
      vertex -169.485 -46.3448 6
      vertex -170.69 -46.2854 6
    endloop
  endfacet
  facet normal 0 0 1
    outer loop
      vertex -170.69 -46.3976 6
      vertex -169.49 -46.3798 6
      vertex -170.69 -46.2854 6
    endloop
  endfacet
  facet normal 0 -0 1
    outer loop
      vertex -169.49 -46.3975 6
      vertex -169.49 -46.3798 6
      vertex -170.69 -46.3976 6
    endloop
  endfacet
  facet normal 0 -0 1
    outer loop
      vertex -169.49 -80.1385 6
      vertex -169.49 -46.3975 6
      vertex -170.69 -46.3976 6
    endloop
  endfacet
  facet normal 0 0 1
    outer loop
      vertex -170.69 -80.1385 6
      vertex -169.49 -80.1385 6
      vertex -170.69 -46.3976 6
    endloop
  endfacet
  facet normal 0 0 1
    outer loop
      vertex -169.283 -46.1726 6
      vertex -169.378 -44.9726 6
      vertex -169.599 -45.0077 6
    endloop
  endfacet
  facet normal 0 0 1
    outer loop
      vertex -151.265 -44.9726 6
      vertex -169.378 -44.9726 6
      vertex -169.283 -46.1726 6
    endloop
  endfacet
  facet normal 0 0 1
    outer loop
      vertex -148.783 -40.6726 6
      vertex -148.878 -39.4726 6
      vertex -149.099 -39.5077 6
    endloop
  endfacet
  facet normal 0 0 1
    outer loop
      vertex -133.265 -39.4726 6
      vertex -148.878 -39.4726 6
      vertex -148.783 -40.6726 6
    endloop
  endfacet
  facet normal 0 0 1
    outer loop
      vertex -130.783 -38.1226 6
      vertex -130.878 -36.9226 6
      vertex -131.099 -36.9577 6
    endloop
  endfacet
  facet normal 0 0 1
    outer loop
      vertex -115.265 -36.9226 6
      vertex -130.878 -36.9226 6
      vertex -130.783 -38.1226 6
    endloop
  endfacet
  facet normal 0 0 1
    outer loop
      vertex -112.783 -34.7226 6
      vertex -112.878 -33.5226 6
      vertex -113.099 -33.5577 6
    endloop
  endfacet
  facet normal 0 0 1
    outer loop
      vertex -92.7654 -33.5226 6
      vertex -112.878 -33.5226 6
      vertex -112.783 -34.7226 6
    endloop
  endfacet
  facet normal 0 0 1
    outer loop
      vertex -108.661 -88.2026 6
      vertex -108.452 -89.3889 6
      vertex -108.265 -89.3726 6
    endloop
  endfacet
  facet normal -0 0 1
    outer loop
      vertex -109.045 -88.3055 6
      vertex -108.452 -89.3889 6
      vertex -108.661 -88.2026 6
    endloop
  endfacet
  facet normal -0 0 1
    outer loop
      vertex -109.405 -88.4734 6
      vertex -108.452 -89.3889 6
      vertex -109.045 -88.3055 6
    endloop
  endfacet
  facet normal 0 -0 1
    outer loop
      vertex -108.633 -89.4374 6
      vertex -108.452 -89.3889 6
      vertex -109.405 -88.4734 6
    endloop
  endfacet
  facet normal -0 0 1
    outer loop
      vertex -109.731 -88.7013 6
      vertex -108.633 -89.4374 6
      vertex -109.405 -88.4734 6
    endloop
  endfacet
  facet normal 0 -0 1
    outer loop
      vertex -108.803 -89.5166 6
      vertex -108.633 -89.4374 6
      vertex -109.731 -88.7013 6
    endloop
  endfacet
  facet normal -0 0 1
    outer loop
      vertex -110.012 -88.9823 6
      vertex -108.803 -89.5166 6
      vertex -109.731 -88.7013 6
    endloop
  endfacet
  facet normal 0 -0 1
    outer loop
      vertex -108.956 -89.6241 6
      vertex -108.803 -89.5166 6
      vertex -110.012 -88.9823 6
    endloop
  endfacet
  facet normal -0 0 1
    outer loop
      vertex -110.24 -89.3078 6
      vertex -108.956 -89.6241 6
      vertex -110.012 -88.9823 6
    endloop
  endfacet
  facet normal 0 -0 1
    outer loop
      vertex -109.089 -89.7566 6
      vertex -108.956 -89.6241 6
      vertex -110.24 -89.3078 6
    endloop
  endfacet
  facet normal 0 -0 1
    outer loop
      vertex -109.196 -89.9101 6
      vertex -109.089 -89.7566 6
      vertex -110.24 -89.3078 6
    endloop
  endfacet
  facet normal -0 0 1
    outer loop
      vertex -110.407 -89.668 6
      vertex -109.196 -89.9101 6
      vertex -110.24 -89.3078 6
    endloop
  endfacet
  facet normal 0 -0 1
    outer loop
      vertex -109.276 -90.0799 6
      vertex -109.196 -89.9101 6
      vertex -110.407 -89.668 6
    endloop
  endfacet
  facet normal -0 0 1
    outer loop
      vertex -110.51 -90.0518 6
      vertex -109.276 -90.0799 6
      vertex -110.407 -89.668 6
    endloop
  endfacet
  facet normal 0 -0 1
    outer loop
      vertex -109.324 -90.2609 6
      vertex -109.276 -90.0799 6
      vertex -110.51 -90.0518 6
    endloop
  endfacet
  facet normal 0 0 1
    outer loop
      vertex -110.535 -90.3301 6
      vertex -109.324 -90.2609 6
      vertex -110.51 -90.0518 6
    endloop
  endfacet
  facet normal 0 -0 1
    outer loop
      vertex -109.34 -90.4412 6
      vertex -109.324 -90.2609 6
      vertex -110.535 -90.3301 6
    endloop
  endfacet
  facet normal -0 0 1
    outer loop
      vertex -110.54 -90.3886 6
      vertex -109.34 -90.4412 6
      vertex -110.535 -90.3301 6
    endloop
  endfacet
  facet normal 0 -0 1
    outer loop
      vertex -109.34 -90.4476 6
      vertex -109.34 -90.4412 6
      vertex -110.54 -90.3886 6
    endloop
  endfacet
  facet normal 0 0 1
    outer loop
      vertex -110.54 -91.3657 6
      vertex -109.34 -90.4476 6
      vertex -110.54 -90.3886 6
    endloop
  endfacet
  facet normal 0 -0 1
    outer loop
      vertex -109.34 -91.3476 6
      vertex -109.34 -90.4476 6
      vertex -110.54 -91.3657 6
    endloop
  endfacet
  facet normal 0 -0 1
    outer loop
      vertex -109.34 -91.3483 6
      vertex -109.34 -91.3476 6
      vertex -110.54 -91.3657 6
    endloop
  endfacet
  facet normal -0 0 1
    outer loop
      vertex -110.54 -91.3657 6
      vertex -109.34 -91.4597 6
      vertex -109.34 -91.3483 6
    endloop
  endfacet
  facet normal -0 0 1
    outer loop
      vertex -110.546 -91.4002 6
      vertex -109.34 -91.4597 6
      vertex -110.54 -91.3657 6
    endloop
  endfacet
  facet normal -0 0 1
    outer loop
      vertex -110.557 -91.4339 6
      vertex -109.34 -91.4597 6
      vertex -110.546 -91.4002 6
    endloop
  endfacet
  facet normal 0 -0 1
    outer loop
      vertex -109.375 -91.6813 6
      vertex -109.34 -91.4597 6
      vertex -110.557 -91.4339 6
    endloop
  endfacet
  facet normal -0 0 1
    outer loop
      vertex -110.573 -91.4655 6
      vertex -109.375 -91.6813 6
      vertex -110.557 -91.4339 6
    endloop
  endfacet
  facet normal 0 -0 1
    outer loop
      vertex -109.445 -91.8946 6
      vertex -109.375 -91.6813 6
      vertex -110.573 -91.4655 6
    endloop
  endfacet
  facet normal -0 0 1
    outer loop
      vertex -110.594 -91.4941 6
      vertex -109.445 -91.8946 6
      vertex -110.573 -91.4655 6
    endloop
  endfacet
  facet normal -0 0 1
    outer loop
      vertex -110.619 -91.5192 6
      vertex -109.445 -91.8946 6
      vertex -110.594 -91.4941 6
    endloop
  endfacet
  facet normal 0 -0 1
    outer loop
      vertex -109.547 -92.0944 6
      vertex -109.445 -91.8946 6
      vertex -110.619 -91.5192 6
    endloop
  endfacet
  facet normal -0 0 1
    outer loop
      vertex -110.647 -91.54 6
      vertex -109.547 -92.0944 6
      vertex -110.619 -91.5192 6
    endloop
  endfacet
  facet normal 0 -0 1
    outer loop
      vertex -109.678 -92.2759 6
      vertex -109.547 -92.0944 6
      vertex -110.647 -91.54 6
    endloop
  endfacet
  facet normal -0 0 1
    outer loop
      vertex -110.679 -91.5561 6
      vertex -109.678 -92.2759 6
      vertex -110.647 -91.54 6
    endloop
  endfacet
  facet normal 0 -0 1
    outer loop
      vertex -109.837 -92.4345 6
      vertex -109.678 -92.2759 6
      vertex -110.679 -91.5561 6
    endloop
  endfacet
  facet normal -0 0 1
    outer loop
      vertex -110.713 -91.567 6
      vertex -109.837 -92.4345 6
      vertex -110.679 -91.5561 6
    endloop
  endfacet
  facet normal 0 -0 1
    outer loop
      vertex -110.019 -92.5663 6
      vertex -109.837 -92.4345 6
      vertex -110.713 -91.567 6
    endloop
  endfacet
  facet normal -0 0 1
    outer loop
      vertex -110.748 -91.5726 6
      vertex -110.019 -92.5663 6
      vertex -110.713 -91.567 6
    endloop
  endfacet
  facet normal 0 -0 1
    outer loop
      vertex -110.218 -92.6682 6
      vertex -110.019 -92.5663 6
      vertex -110.748 -91.5726 6
    endloop
  endfacet
  facet normal 0 -0 1
    outer loop
      vertex -110.432 -92.7375 6
      vertex -110.218 -92.6682 6
      vertex -110.748 -91.5726 6
    endloop
  endfacet
  facet normal 0 0 1
    outer loop
      vertex -110.748 -91.5726 6
      vertex -110.653 -92.7726 6
      vertex -110.432 -92.7375 6
    endloop
  endfacet
  facet normal 0 0 1
    outer loop
      vertex -115.465 -92.7726 6
      vertex -110.653 -92.7726 6
      vertex -110.748 -91.5726 6
    endloop
  endfacet
  facet normal -0 0 1
    outer loop
      vertex -115.518 -91.5726 6
      vertex -115.465 -92.7726 6
      vertex -110.748 -91.5726 6
    endloop
  endfacet
  facet normal -0 0 1
    outer loop
      vertex -115.861 -91.6026 6
      vertex -115.465 -92.7726 6
      vertex -115.518 -91.5726 6
    endloop
  endfacet
  facet normal 0 -0 1
    outer loop
      vertex -115.652 -92.7889 6
      vertex -115.465 -92.7726 6
      vertex -115.861 -91.6026 6
    endloop
  endfacet
  facet normal -0 0 1
    outer loop
      vertex -116.245 -91.7055 6
      vertex -115.652 -92.7889 6
      vertex -115.861 -91.6026 6
    endloop
  endfacet
  facet normal -0 0 1
    outer loop
      vertex -116.605 -91.8734 6
      vertex -115.652 -92.7889 6
      vertex -116.245 -91.7055 6
    endloop
  endfacet
  facet normal 0 -0 1
    outer loop
      vertex -115.833 -92.8374 6
      vertex -115.652 -92.7889 6
      vertex -116.605 -91.8734 6
    endloop
  endfacet
  facet normal -0 0 1
    outer loop
      vertex -116.931 -92.1013 6
      vertex -115.833 -92.8374 6
      vertex -116.605 -91.8734 6
    endloop
  endfacet
  facet normal 0 -0 1
    outer loop
      vertex -116.003 -92.9166 6
      vertex -115.833 -92.8374 6
      vertex -116.931 -92.1013 6
    endloop
  endfacet
  facet normal -0 0 1
    outer loop
      vertex -117.212 -92.3823 6
      vertex -116.003 -92.9166 6
      vertex -116.931 -92.1013 6
    endloop
  endfacet
  facet normal 0 -0 1
    outer loop
      vertex -116.156 -93.0241 6
      vertex -116.003 -92.9166 6
      vertex -117.212 -92.3823 6
    endloop
  endfacet
  facet normal -0 0 1
    outer loop
      vertex -117.44 -92.7078 6
      vertex -116.156 -93.0241 6
      vertex -117.212 -92.3823 6
    endloop
  endfacet
  facet normal 0 -0 1
    outer loop
      vertex -116.289 -93.1566 6
      vertex -116.156 -93.0241 6
      vertex -117.44 -92.7078 6
    endloop
  endfacet
  facet normal 0 -0 1
    outer loop
      vertex -116.396 -93.3101 6
      vertex -116.289 -93.1566 6
      vertex -117.44 -92.7078 6
    endloop
  endfacet
  facet normal -0 0 1
    outer loop
      vertex -117.607 -93.068 6
      vertex -116.396 -93.3101 6
      vertex -117.44 -92.7078 6
    endloop
  endfacet
  facet normal 0 -0 1
    outer loop
      vertex -116.476 -93.4799 6
      vertex -116.396 -93.3101 6
      vertex -117.607 -93.068 6
    endloop
  endfacet
  facet normal -0 0 1
    outer loop
      vertex -117.71 -93.4518 6
      vertex -116.476 -93.4799 6
      vertex -117.607 -93.068 6
    endloop
  endfacet
  facet normal 0 -0 1
    outer loop
      vertex -116.524 -93.6609 6
      vertex -116.476 -93.4799 6
      vertex -117.71 -93.4518 6
    endloop
  endfacet
  facet normal 0 0 1
    outer loop
      vertex -117.735 -93.7301 6
      vertex -116.524 -93.6609 6
      vertex -117.71 -93.4518 6
    endloop
  endfacet
  facet normal 0 -0 1
    outer loop
      vertex -116.54 -93.8412 6
      vertex -116.524 -93.6609 6
      vertex -117.735 -93.7301 6
    endloop
  endfacet
  facet normal -0 0 1
    outer loop
      vertex -117.74 -93.7886 6
      vertex -116.54 -93.8412 6
      vertex -117.735 -93.7301 6
    endloop
  endfacet
  facet normal 0 -0 1
    outer loop
      vertex -116.54 -93.8476 6
      vertex -116.54 -93.8412 6
      vertex -117.74 -93.7886 6
    endloop
  endfacet
  facet normal 0 0 1
    outer loop
      vertex -117.74 -112.616 6
      vertex -116.54 -93.8476 6
      vertex -117.74 -93.7886 6
    endloop
  endfacet
  facet normal 0 -0 1
    outer loop
      vertex -116.54 -112.598 6
      vertex -116.54 -93.8476 6
      vertex -117.74 -112.616 6
    endloop
  endfacet
  facet normal -0 0 1
    outer loop
      vertex -117.74 -112.616 6
      vertex -116.54 -112.71 6
      vertex -116.54 -112.598 6
    endloop
  endfacet
  facet normal -0 0 1
    outer loop
      vertex -117.746 -112.65 6
      vertex -116.54 -112.71 6
      vertex -117.74 -112.616 6
    endloop
  endfacet
  facet normal -0 0 1
    outer loop
      vertex -117.757 -112.684 6
      vertex -116.54 -112.71 6
      vertex -117.746 -112.65 6
    endloop
  endfacet
  facet normal 0 -0 1
    outer loop
      vertex -116.575 -112.931 6
      vertex -116.54 -112.71 6
      vertex -117.757 -112.684 6
    endloop
  endfacet
  facet normal -0 0 1
    outer loop
      vertex -117.773 -112.715 6
      vertex -116.575 -112.931 6
      vertex -117.757 -112.684 6
    endloop
  endfacet
  facet normal 0 -0 1
    outer loop
      vertex -116.645 -113.145 6
      vertex -116.575 -112.931 6
      vertex -117.773 -112.715 6
    endloop
  endfacet
  facet normal -0 0 1
    outer loop
      vertex -117.794 -112.744 6
      vertex -116.645 -113.145 6
      vertex -117.773 -112.715 6
    endloop
  endfacet
  facet normal -0 0 1
    outer loop
      vertex -117.819 -112.769 6
      vertex -116.645 -113.145 6
      vertex -117.794 -112.744 6
    endloop
  endfacet
  facet normal 0 -0 1
    outer loop
      vertex -116.747 -113.344 6
      vertex -116.645 -113.145 6
      vertex -117.819 -112.769 6
    endloop
  endfacet
  facet normal -0 0 1
    outer loop
      vertex -117.847 -112.79 6
      vertex -116.747 -113.344 6
      vertex -117.819 -112.769 6
    endloop
  endfacet
  facet normal 0 -0 1
    outer loop
      vertex -116.878 -113.526 6
      vertex -116.747 -113.344 6
      vertex -117.847 -112.79 6
    endloop
  endfacet
  facet normal -0 0 1
    outer loop
      vertex -117.879 -112.806 6
      vertex -116.878 -113.526 6
      vertex -117.847 -112.79 6
    endloop
  endfacet
  facet normal 0 -0 1
    outer loop
      vertex -117.037 -113.685 6
      vertex -116.878 -113.526 6
      vertex -117.879 -112.806 6
    endloop
  endfacet
  facet normal -0 0 1
    outer loop
      vertex -117.913 -112.817 6
      vertex -117.037 -113.685 6
      vertex -117.879 -112.806 6
    endloop
  endfacet
  facet normal 0 -0 1
    outer loop
      vertex -117.219 -113.816 6
      vertex -117.037 -113.685 6
      vertex -117.913 -112.817 6
    endloop
  endfacet
  facet normal -0 0 1
    outer loop
      vertex -117.948 -112.823 6
      vertex -117.219 -113.816 6
      vertex -117.913 -112.817 6
    endloop
  endfacet
  facet normal 0 -0 1
    outer loop
      vertex -117.418 -113.918 6
      vertex -117.219 -113.816 6
      vertex -117.948 -112.823 6
    endloop
  endfacet
  facet normal 0 -0 1
    outer loop
      vertex -117.632 -113.987 6
      vertex -117.418 -113.918 6
      vertex -117.948 -112.823 6
    endloop
  endfacet
  facet normal 0 0 1
    outer loop
      vertex -117.948 -112.823 6
      vertex -117.853 -114.023 6
      vertex -117.632 -113.987 6
    endloop
  endfacet
  facet normal 0 0 1
    outer loop
      vertex -136.505 -114.023 6
      vertex -117.853 -114.023 6
      vertex -117.948 -112.823 6
    endloop
  endfacet
  facet normal -0 0 1
    outer loop
      vertex -136.531 -112.823 6
      vertex -136.505 -114.023 6
      vertex -117.948 -112.823 6
    endloop
  endfacet
  facet normal -0 0 1
    outer loop
      vertex -136.703 -112.83 6
      vertex -136.505 -114.023 6
      vertex -136.531 -112.823 6
    endloop
  endfacet
  facet normal 0 -0 1
    outer loop
      vertex -136.598 -114.027 6
      vertex -136.505 -114.023 6
      vertex -136.703 -112.83 6
    endloop
  endfacet
  facet normal -0 0 1
    outer loop
      vertex -136.9 -112.856 6
      vertex -136.598 -114.027 6
      vertex -136.703 -112.83 6
    endloop
  endfacet
  facet normal -0 0 1
    outer loop
      vertex -137.068 -112.893 6
      vertex -136.598 -114.027 6
      vertex -136.9 -112.856 6
    endloop
  endfacet
  facet normal 0 -0 1
    outer loop
      vertex -136.691 -114.039 6
      vertex -136.598 -114.027 6
      vertex -137.068 -112.893 6
    endloop
  endfacet
  facet normal 0 -0 1
    outer loop
      vertex -136.783 -114.059 6
      vertex -136.691 -114.039 6
      vertex -137.068 -112.893 6
    endloop
  endfacet
  facet normal 0 0 1
    outer loop
      vertex -153.108 -117.191 6
      vertex -136.783 -114.059 6
      vertex -137.068 -112.893 6
    endloop
  endfacet
  facet normal 0 -0 1
    outer loop
      vertex -152.773 -118.344 6
      vertex -136.783 -114.059 6
      vertex -153.108 -117.191 6
    endloop
  endfacet
  facet normal -0 0 1
    outer loop
      vertex -153.268 -117.241 6
      vertex -152.773 -118.344 6
      vertex -153.108 -117.191 6
    endloop
  endfacet
  facet normal -0 0 1
    outer loop
      vertex -153.447 -117.315 6
      vertex -152.773 -118.344 6
      vertex -153.268 -117.241 6
    endloop
  endfacet
  facet normal -0 0 1
    outer loop
      vertex -153.541 -117.363 6
      vertex -152.773 -118.344 6
      vertex -153.447 -117.315 6
    endloop
  endfacet
  facet normal 0 -0 1
    outer loop
      vertex -152.86 -118.371 6
      vertex -152.773 -118.344 6
      vertex -153.541 -117.363 6
    endloop
  endfacet
  facet normal -0 0 1
    outer loop
      vertex -153.564 -117.373 6
      vertex -152.86 -118.371 6
      vertex -153.541 -117.363 6
    endloop
  endfacet
  facet normal 0 -0 1
    outer loop
      vertex -152.944 -118.406 6
      vertex -152.86 -118.371 6
      vertex -153.564 -117.373 6
    endloop
  endfacet
  facet normal 0 -0 1
    outer loop
      vertex -153.025 -118.447 6
      vertex -152.944 -118.406 6
      vertex -153.564 -117.373 6
    endloop
  endfacet
  facet normal 0 0 1
    outer loop
      vertex -170.211 -126.827 6
      vertex -153.025 -118.447 6
      vertex -153.564 -117.373 6
    endloop
  endfacet
  facet normal 0 -0 1
    outer loop
      vertex -169.603 -127.861 6
      vertex -153.025 -118.447 6
      vertex -170.211 -126.827 6
    endloop
  endfacet
  facet normal -0 0 1
    outer loop
      vertex -170.244 -126.839 6
      vertex -169.603 -127.861 6
      vertex -170.211 -126.827 6
    endloop
  endfacet
  facet normal -0 0 1
    outer loop
      vertex -170.278 -126.846 6
      vertex -169.603 -127.861 6
      vertex -170.244 -126.839 6
    endloop
  endfacet
  facet normal 0 -0 1
    outer loop
      vertex -169.7 -127.917 6
      vertex -169.603 -127.861 6
      vertex -170.278 -126.846 6
    endloop
  endfacet
  facet normal 0 -0 1
    outer loop
      vertex -169.909 -127.995 6
      vertex -169.7 -127.917 6
      vertex -170.278 -126.846 6
    endloop
  endfacet
  facet normal 0 0 1
    outer loop
      vertex -169.7 -127.917 6
      vertex -169.603 -127.862 6
      vertex -169.603 -127.861 6
    endloop
  endfacet
  facet normal -0 0 1
    outer loop
      vertex -170.313 -126.848 6
      vertex -169.909 -127.995 6
      vertex -170.278 -126.846 6
    endloop
  endfacet
  facet normal 0 -0 1
    outer loop
      vertex -170.128 -128.041 6
      vertex -169.909 -127.995 6
      vertex -170.313 -126.848 6
    endloop
  endfacet
  facet normal 0 0 1
    outer loop
      vertex -170.351 -128.051 6
      vertex -170.128 -128.041 6
      vertex -170.313 -126.848 6
    endloop
  endfacet
  facet normal 0 0 1
    outer loop
      vertex -170.313 -126.848 6
      vertex -170.573 -128.027 6
      vertex -170.351 -128.051 6
    endloop
  endfacet
  facet normal -0 0 1
    outer loop
      vertex -170.788 -127.968 6
      vertex -170.573 -128.027 6
      vertex -170.313 -126.848 6
    endloop
  endfacet
  facet normal 0 0 1
    outer loop
      vertex -170.349 -126.844 6
      vertex -170.788 -127.968 6
      vertex -170.313 -126.848 6
    endloop
  endfacet
  facet normal -0 0 1
    outer loop
      vertex -170.992 -127.877 6
      vertex -170.788 -127.968 6
      vertex -170.349 -126.844 6
    endloop
  endfacet
  facet normal -0 0 1
    outer loop
      vertex -171.179 -127.755 6
      vertex -170.992 -127.877 6
      vertex -170.349 -126.844 6
    endloop
  endfacet
  facet normal 0 0 1
    outer loop
      vertex -170.383 -126.835 6
      vertex -171.179 -127.755 6
      vertex -170.349 -126.844 6
    endloop
  endfacet
  facet normal -0 0 1
    outer loop
      vertex -171.344 -127.605 6
      vertex -171.179 -127.755 6
      vertex -170.383 -126.835 6
    endloop
  endfacet
  facet normal 0 0 1
    outer loop
      vertex -170.415 -126.821 6
      vertex -171.344 -127.605 6
      vertex -170.383 -126.835 6
    endloop
  endfacet
  facet normal -0 0 1
    outer loop
      vertex -171.485 -127.432 6
      vertex -171.344 -127.605 6
      vertex -170.415 -126.821 6
    endloop
  endfacet
  facet normal -0 0 1
    outer loop
      vertex -171.541 -127.335 6
      vertex -171.485 -127.432 6
      vertex -170.415 -126.821 6
    endloop
  endfacet
  facet normal 0 -0 1
    outer loop
      vertex -171.541 -127.335 6
      vertex -170.501 -126.735 6
      vertex -181.041 -110.88 6
    endloop
  endfacet
  facet normal 0 0 1
    outer loop
      vertex -170.492 -126.75 6
      vertex -170.501 -126.735 6
      vertex -171.541 -127.335 6
    endloop
  endfacet
  facet normal 0 0 1
    outer loop
      vertex -170.47 -126.778 6
      vertex -170.492 -126.75 6
      vertex -171.541 -127.335 6
    endloop
  endfacet
  facet normal 0 0 1
    outer loop
      vertex -180.01 -110.265 6
      vertex -181.041 -110.88 6
      vertex -170.501 -126.735 6
    endloop
  endfacet
  facet normal -0 0 1
    outer loop
      vertex -181.097 -110.783 6
      vertex -181.041 -110.88 6
      vertex -180.01 -110.265 6
    endloop
  endfacet
  facet normal 0 0 1
    outer loop
      vertex -180.01 -110.265 6
      vertex -181.177 -110.574 6
      vertex -181.097 -110.783 6
    endloop
  endfacet
  facet normal -0 0 1
    outer loop
      vertex -181.224 -110.354 6
      vertex -181.177 -110.574 6
      vertex -180.01 -110.265 6
    endloop
  endfacet
  facet normal 0 0 1
    outer loop
      vertex -180.023 -110.232 6
      vertex -181.224 -110.354 6
      vertex -180.01 -110.265 6
    endloop
  endfacet
  facet normal 0 0 1
    outer loop
      vertex -180.03 -110.197 6
      vertex -181.224 -110.354 6
      vertex -180.023 -110.232 6
    endloop
  endfacet
  facet normal 0 0 1
    outer loop
      vertex -181.236 -110.13 6
      vertex -181.224 -110.354 6
      vertex -180.03 -110.197 6
    endloop
  endfacet
  facet normal 0 0 1
    outer loop
      vertex -180.032 -110.162 6
      vertex -181.236 -110.13 6
      vertex -180.03 -110.197 6
    endloop
  endfacet
  facet normal 0 0 1
    outer loop
      vertex -180.029 -110.127 6
      vertex -181.236 -110.13 6
      vertex -180.032 -110.162 6
    endloop
  endfacet
  facet normal 0 0 1
    outer loop
      vertex -181.212 -109.907 6
      vertex -181.236 -110.13 6
      vertex -180.029 -110.127 6
    endloop
  endfacet
  facet normal 0 0 1
    outer loop
      vertex -180.019 -110.093 6
      vertex -181.212 -109.907 6
      vertex -180.029 -110.127 6
    endloop
  endfacet
  facet normal 0 0 1
    outer loop
      vertex -180.005 -110.06 6
      vertex -181.212 -109.907 6
      vertex -180.019 -110.093 6
    endloop
  endfacet
  facet normal 0 0 1
    outer loop
      vertex -181.154 -109.691 6
      vertex -181.212 -109.907 6
      vertex -180.005 -110.06 6
    endloop
  endfacet
  facet normal 0 0 1
    outer loop
      vertex -179.986 -110.03 6
      vertex -181.154 -109.691 6
      vertex -180.005 -110.06 6
    endloop
  endfacet
  facet normal 0 0 1
    outer loop
      vertex -179.962 -110.004 6
      vertex -181.154 -109.691 6
      vertex -179.986 -110.03 6
    endloop
  endfacet
  facet normal 0 0 1
    outer loop
      vertex -181.063 -109.486 6
      vertex -181.154 -109.691 6
      vertex -179.962 -110.004 6
    endloop
  endfacet
  facet normal 0 0 1
    outer loop
      vertex -179.934 -109.982 6
      vertex -181.063 -109.486 6
      vertex -179.962 -110.004 6
    endloop
  endfacet
  facet normal 0 0 1
    outer loop
      vertex -180.941 -109.298 6
      vertex -181.063 -109.486 6
      vertex -179.934 -109.982 6
    endloop
  endfacet
  facet normal 0 0 1
    outer loop
      vertex -179.919 -109.973 6
      vertex -180.941 -109.298 6
      vertex -179.934 -109.982 6
    endloop
  endfacet
  facet normal 0 0 1
    outer loop
      vertex -180.79 -109.131 6
      vertex -180.941 -109.298 6
      vertex -179.919 -109.973 6
    endloop
  endfacet
  facet normal 0 0 1
    outer loop
      vertex -180.616 -108.99 6
      vertex -180.79 -109.131 6
      vertex -179.919 -109.973 6
    endloop
  endfacet
  facet normal 0 0 1
    outer loop
      vertex -179.919 -109.973 6
      vertex -180.519 -108.934 6
      vertex -180.616 -108.99 6
    endloop
  endfacet
  facet normal 0 0 1
    outer loop
      vertex -170.585 -104.584 6
      vertex -180.519 -108.934 6
      vertex -179.919 -109.973 6
    endloop
  endfacet
  facet normal 0 0 1
    outer loop
      vertex -171.228 -103.57 6
      vertex -180.519 -108.934 6
      vertex -170.585 -104.584 6
    endloop
  endfacet
  facet normal 0 0 1
    outer loop
      vertex -170.542 -104.554 6
      vertex -171.228 -103.57 6
      vertex -170.585 -104.584 6
    endloop
  endfacet
  facet normal 0 0 1
    outer loop
      vertex -170.3 -104.385 6
      vertex -171.228 -103.57 6
      vertex -170.542 -104.554 6
    endloop
  endfacet
  facet normal 0 0 1
    outer loop
      vertex -170.019 -104.104 6
      vertex -171.228 -103.57 6
      vertex -170.3 -104.385 6
    endloop
  endfacet
  facet normal 0 0 1
    outer loop
      vertex -171.074 -103.462 6
      vertex -171.228 -103.57 6
      vertex -170.019 -104.104 6
    endloop
  endfacet
  facet normal 0 0 1
    outer loop
      vertex -169.791 -103.778 6
      vertex -171.074 -103.462 6
      vertex -170.019 -104.104 6
    endloop
  endfacet
  facet normal 0 0 1
    outer loop
      vertex -170.942 -103.33 6
      vertex -171.074 -103.462 6
      vertex -169.791 -103.778 6
    endloop
  endfacet
  facet normal 0 0 1
    outer loop
      vertex -170.834 -103.176 6
      vertex -170.942 -103.33 6
      vertex -169.791 -103.778 6
    endloop
  endfacet
  facet normal 0 0 1
    outer loop
      vertex -169.623 -103.418 6
      vertex -170.834 -103.176 6
      vertex -169.791 -103.778 6
    endloop
  endfacet
  facet normal 0 0 1
    outer loop
      vertex -170.755 -103.006 6
      vertex -170.834 -103.176 6
      vertex -169.623 -103.418 6
    endloop
  endfacet
  facet normal 0 0 1
    outer loop
      vertex -169.52 -103.034 6
      vertex -170.755 -103.006 6
      vertex -169.623 -103.418 6
    endloop
  endfacet
  facet normal 0 0 1
    outer loop
      vertex -170.707 -102.825 6
      vertex -170.755 -103.006 6
      vertex -169.52 -103.034 6
    endloop
  endfacet
  facet normal 0 0 1
    outer loop
      vertex -169.496 -102.75 6
      vertex -170.707 -102.825 6
      vertex -169.52 -103.034 6
    endloop
  endfacet
  facet normal 0 0 1
    outer loop
      vertex -170.69 -102.639 6
      vertex -170.707 -102.825 6
      vertex -169.496 -102.75 6
    endloop
  endfacet
  facet normal 0 0 1
    outer loop
      vertex -169.49 -102.697 6
      vertex -170.69 -102.639 6
      vertex -169.496 -102.75 6
    endloop
  endfacet
  facet normal 0 0 1
    outer loop
      vertex -169.49 -96.1385 6
      vertex -170.69 -102.639 6
      vertex -169.49 -102.697 6
    endloop
  endfacet
  facet normal -0 0 1
    outer loop
      vertex -170.69 -96.1385 6
      vertex -170.69 -102.639 6
      vertex -169.49 -96.1385 6
    endloop
  endfacet
  facet normal 0 0 1
    outer loop
      vertex -171.541 -127.335 6
      vertex -170.444 -126.801 6
      vertex -170.47 -126.778 6
    endloop
  endfacet
  facet normal 0 0 1
    outer loop
      vertex -170.415 -126.821 6
      vertex -170.444 -126.801 6
      vertex -171.541 -127.335 6
    endloop
  endfacet
  facet normal 0 -0 1
    outer loop
      vertex -97.5404 -88.1726 1.2
      vertex -93.0501 -53.5101 1.2
      vertex -108.318 -88.1726 1.2
    endloop
  endfacet
  facet normal 0 0 1
    outer loop
      vertex -75.404 -75.8176 1.2
      vertex -93.0501 -53.5101 1.2
      vertex -97.5404 -88.1726 1.2
    endloop
  endfacet
  facet normal 0 -0 1
    outer loop
      vertex -75.5138 -76.0829 1.2
      vertex -75.404 -75.8176 1.2
      vertex -97.5404 -88.1726 1.2
    endloop
  endfacet
  facet normal 0 0 1
    outer loop
      vertex -108.318 -88.1726 1.2
      vertex -128.855 -57.3002 1.2
      vertex -108.661 -88.2026 1.2
    endloop
  endfacet
  facet normal 0 0 1
    outer loop
      vertex -128.628 -57.1254 1.2
      vertex -128.855 -57.3002 1.2
      vertex -108.318 -88.1726 1.2
    endloop
  endfacet
  facet normal 0 0 1
    outer loop
      vertex -93.3154 -53.4002 1.2
      vertex -128.628 -57.1254 1.2
      vertex -108.318 -88.1726 1.2
    endloop
  endfacet
  facet normal -0 0 1
    outer loop
      vertex -128.453 -56.8976 1.2
      vertex -128.628 -57.1254 1.2
      vertex -93.3154 -53.4002 1.2
    endloop
  endfacet
  facet normal 0 0 1
    outer loop
      vertex -93.5432 -53.2254 1.2
      vertex -128.453 -56.8976 1.2
      vertex -93.3154 -53.4002 1.2
    endloop
  endfacet
  facet normal -0 0 1
    outer loop
      vertex -128.343 -56.6323 1.2
      vertex -128.453 -56.8976 1.2
      vertex -93.5432 -53.2254 1.2
    endloop
  endfacet
  facet normal 0 0 1
    outer loop
      vertex -93.718 -52.9976 1.2
      vertex -128.343 -56.6323 1.2
      vertex -93.5432 -53.2254 1.2
    endloop
  endfacet
  facet normal -0 0 1
    outer loop
      vertex -128.305 -56.3476 1.2
      vertex -128.343 -56.6323 1.2
      vertex -93.718 -52.9976 1.2
    endloop
  endfacet
  facet normal 0 0 1
    outer loop
      vertex -93.8279 -52.7323 1.2
      vertex -128.305 -56.3476 1.2
      vertex -93.718 -52.9976 1.2
    endloop
  endfacet
  facet normal -0 0 1
    outer loop
      vertex -128.343 -56.0629 1.2
      vertex -128.305 -56.3476 1.2
      vertex -93.8279 -52.7323 1.2
    endloop
  endfacet
  facet normal 0 0 1
    outer loop
      vertex -93.8654 -52.4476 1.2
      vertex -128.343 -56.0629 1.2
      vertex -93.8279 -52.7323 1.2
    endloop
  endfacet
  facet normal -0 0 1
    outer loop
      vertex -128.453 -55.7976 1.2
      vertex -128.343 -56.0629 1.2
      vertex -93.8654 -52.4476 1.2
    endloop
  endfacet
  facet normal 0 0 1
    outer loop
      vertex -93.8279 -52.1629 1.2
      vertex -128.453 -55.7976 1.2
      vertex -93.8654 -52.4476 1.2
    endloop
  endfacet
  facet normal 0 0 1
    outer loop
      vertex -114.87 -38.0925 1.2
      vertex -128.453 -55.7976 1.2
      vertex -93.8279 -52.1629 1.2
    endloop
  endfacet
  facet normal 0 0 1
    outer loop
      vertex -93.718 -51.8976 1.2
      vertex -114.87 -38.0925 1.2
      vertex -93.8279 -52.1629 1.2
    endloop
  endfacet
  facet normal 0 0 1
    outer loop
      vertex -114.486 -37.9897 1.2
      vertex -114.87 -38.0925 1.2
      vertex -93.718 -51.8976 1.2
    endloop
  endfacet
  facet normal 0 0 1
    outer loop
      vertex -93.5432 -51.6698 1.2
      vertex -114.486 -37.9897 1.2
      vertex -93.718 -51.8976 1.2
    endloop
  endfacet
  facet normal 0 0 1
    outer loop
      vertex -114.126 -37.8218 1.2
      vertex -114.486 -37.9897 1.2
      vertex -93.5432 -51.6698 1.2
    endloop
  endfacet
  facet normal 0 0 1
    outer loop
      vertex -113.8 -37.5939 1.2
      vertex -114.126 -37.8218 1.2
      vertex -93.5432 -51.6698 1.2
    endloop
  endfacet
  facet normal -0 0 1
    outer loop
      vertex -129.121 -57.4101 1.2
      vertex -108.661 -88.2026 1.2
      vertex -128.855 -57.3002 1.2
    endloop
  endfacet
  facet normal 0 -0 1
    outer loop
      vertex -109.045 -88.3055 1.2
      vertex -108.661 -88.2026 1.2
      vertex -129.121 -57.4101 1.2
    endloop
  endfacet
  facet normal 0 -0 1
    outer loop
      vertex -109.405 -88.4734 1.2
      vertex -109.045 -88.3055 1.2
      vertex -129.121 -57.4101 1.2
    endloop
  endfacet
  facet normal 0 0 1
    outer loop
      vertex -109.405 -88.4734 1.2
      vertex -124.481 -91.3851 1.2
      vertex -109.731 -88.7013 1.2
    endloop
  endfacet
  facet normal -0 0 1
    outer loop
      vertex -124.765 -91.3476 1.2
      vertex -124.481 -91.3851 1.2
      vertex -109.405 -88.4734 1.2
    endloop
  endfacet
  facet normal 0 0 1
    outer loop
      vertex -129.121 -57.4101 1.2
      vertex -124.765 -91.3476 1.2
      vertex -109.405 -88.4734 1.2
    endloop
  endfacet
  facet normal -0 0 1
    outer loop
      vertex -129.405 -57.4476 1.2
      vertex -124.765 -91.3476 1.2
      vertex -129.121 -57.4101 1.2
    endloop
  endfacet
  facet normal 0 -0 1
    outer loop
      vertex -125.05 -91.3851 1.2
      vertex -124.765 -91.3476 1.2
      vertex -129.405 -57.4476 1.2
    endloop
  endfacet
  facet normal 0 0 1
    outer loop
      vertex -129.69 -57.4101 1.2
      vertex -125.05 -91.3851 1.2
      vertex -129.405 -57.4476 1.2
    endloop
  endfacet
  facet normal 0 -0 1
    outer loop
      vertex -125.315 -91.4949 1.2
      vertex -125.05 -91.3851 1.2
      vertex -129.69 -57.4101 1.2
    endloop
  endfacet
  facet normal 0 0 1
    outer loop
      vertex -129.955 -57.3002 1.2
      vertex -125.315 -91.4949 1.2
      vertex -129.69 -57.4101 1.2
    endloop
  endfacet
  facet normal 0 -0 1
    outer loop
      vertex -125.543 -91.6698 1.2
      vertex -125.315 -91.4949 1.2
      vertex -129.955 -57.3002 1.2
    endloop
  endfacet
  facet normal 0 0 1
    outer loop
      vertex -169.49 -102.697 1.2
      vertex -125.543 -91.6698 1.2
      vertex -129.955 -57.3002 1.2
    endloop
  endfacet
  facet normal 0 -0 1
    outer loop
      vertex -125.718 -91.8976 1.2
      vertex -125.543 -91.6698 1.2
      vertex -169.49 -102.697 1.2
    endloop
  endfacet
  facet normal 0 -0 1
    outer loop
      vertex -125.828 -92.1629 1.2
      vertex -125.718 -91.8976 1.2
      vertex -169.49 -102.697 1.2
    endloop
  endfacet
  facet normal 0 -0 1
    outer loop
      vertex -115.861 -91.6026 1.2
      vertex -109.731 -88.7013 1.2
      vertex -124.481 -91.3851 1.2
    endloop
  endfacet
  facet normal 0 -0 1
    outer loop
      vertex -110.012 -88.9823 1.2
      vertex -109.731 -88.7013 1.2
      vertex -115.861 -91.6026 1.2
    endloop
  endfacet
  facet normal 0 -0 1
    outer loop
      vertex -115.518 -91.5726 1.2
      vertex -110.012 -88.9823 1.2
      vertex -115.861 -91.6026 1.2
    endloop
  endfacet
  facet normal 0 -0 1
    outer loop
      vertex -110.24 -89.3078 1.2
      vertex -110.012 -88.9823 1.2
      vertex -115.518 -91.5726 1.2
    endloop
  endfacet
  facet normal 0 -0 1
    outer loop
      vertex -110.407 -89.668 1.2
      vertex -110.24 -89.3078 1.2
      vertex -115.518 -91.5726 1.2
    endloop
  endfacet
  facet normal 0 0 1
    outer loop
      vertex -115.518 -91.5726 1.2
      vertex -110.51 -90.0518 1.2
      vertex -110.407 -89.668 1.2
    endloop
  endfacet
  facet normal 0 -0 1
    outer loop
      vertex -110.535 -90.3301 1.2
      vertex -110.51 -90.0518 1.2
      vertex -115.518 -91.5726 1.2
    endloop
  endfacet
  facet normal 0 -0 1
    outer loop
      vertex -110.54 -90.3886 1.2
      vertex -110.535 -90.3301 1.2
      vertex -115.518 -91.5726 1.2
    endloop
  endfacet
  facet normal 0 -0 1
    outer loop
      vertex -110.748 -91.5726 1.2
      vertex -110.54 -90.3886 1.2
      vertex -115.518 -91.5726 1.2
    endloop
  endfacet
  facet normal 0 -0 1
    outer loop
      vertex -110.54 -91.3657 1.2
      vertex -110.54 -90.3886 1.2
      vertex -110.748 -91.5726 1.2
    endloop
  endfacet
  facet normal 0 -0 1
    outer loop
      vertex -110.546 -91.4002 1.2
      vertex -110.54 -91.3657 1.2
      vertex -110.748 -91.5726 1.2
    endloop
  endfacet
  facet normal 0 0 1
    outer loop
      vertex -110.748 -91.5726 1.2
      vertex -110.557 -91.4339 1.2
      vertex -110.546 -91.4002 1.2
    endloop
  endfacet
  facet normal 0 -0 1
    outer loop
      vertex -110.573 -91.4655 1.2
      vertex -110.557 -91.4339 1.2
      vertex -110.748 -91.5726 1.2
    endloop
  endfacet
  facet normal 0 -0 1
    outer loop
      vertex -110.594 -91.4941 1.2
      vertex -110.573 -91.4655 1.2
      vertex -110.748 -91.5726 1.2
    endloop
  endfacet
  facet normal 0 0 1
    outer loop
      vertex -110.748 -91.5726 1.2
      vertex -110.619 -91.5192 1.2
      vertex -110.594 -91.4941 1.2
    endloop
  endfacet
  facet normal 0 -0 1
    outer loop
      vertex -110.647 -91.54 1.2
      vertex -110.619 -91.5192 1.2
      vertex -110.748 -91.5726 1.2
    endloop
  endfacet
  facet normal 0 -0 1
    outer loop
      vertex -110.679 -91.5561 1.2
      vertex -110.647 -91.54 1.2
      vertex -110.748 -91.5726 1.2
    endloop
  endfacet
  facet normal 0 0 1
    outer loop
      vertex -110.748 -91.5726 1.2
      vertex -110.713 -91.567 1.2
      vertex -110.679 -91.5561 1.2
    endloop
  endfacet
  facet normal 0 0 1
    outer loop
      vertex -124.481 -91.3851 1.2
      vertex -116.245 -91.7055 1.2
      vertex -115.861 -91.6026 1.2
    endloop
  endfacet
  facet normal -0 -0 1
    outer loop
      vertex -124.215 -91.4949 1.2
      vertex -116.245 -91.7055 1.2
      vertex -124.481 -91.3851 1.2
    endloop
  endfacet
  facet normal 0 -0 1
    outer loop
      vertex -116.605 -91.8734 1.2
      vertex -116.245 -91.7055 1.2
      vertex -124.215 -91.4949 1.2
    endloop
  endfacet
  facet normal -0 -0 1
    outer loop
      vertex -123.988 -91.6698 1.2
      vertex -116.605 -91.8734 1.2
      vertex -124.215 -91.4949 1.2
    endloop
  endfacet
  facet normal 0 -0 1
    outer loop
      vertex -116.931 -92.1013 1.2
      vertex -116.605 -91.8734 1.2
      vertex -123.988 -91.6698 1.2
    endloop
  endfacet
  facet normal -0 -0 1
    outer loop
      vertex -123.813 -91.8976 1.2
      vertex -116.931 -92.1013 1.2
      vertex -123.988 -91.6698 1.2
    endloop
  endfacet
  facet normal 0 -0 1
    outer loop
      vertex -117.212 -92.3823 1.2
      vertex -116.931 -92.1013 1.2
      vertex -123.813 -91.8976 1.2
    endloop
  endfacet
  facet normal -0 -0 1
    outer loop
      vertex -123.703 -92.1629 1.2
      vertex -117.212 -92.3823 1.2
      vertex -123.813 -91.8976 1.2
    endloop
  endfacet
  facet normal 0 -0 1
    outer loop
      vertex -117.44 -92.7078 1.2
      vertex -117.212 -92.3823 1.2
      vertex -123.703 -92.1629 1.2
    endloop
  endfacet
  facet normal -0 -0 1
    outer loop
      vertex -123.665 -92.4476 1.2
      vertex -117.44 -92.7078 1.2
      vertex -123.703 -92.1629 1.2
    endloop
  endfacet
  facet normal 0 -0 1
    outer loop
      vertex -117.607 -93.068 1.2
      vertex -117.44 -92.7078 1.2
      vertex -123.665 -92.4476 1.2
    endloop
  endfacet
  facet normal -0 0 1
    outer loop
      vertex -123.703 -92.7323 1.2
      vertex -117.607 -93.068 1.2
      vertex -123.665 -92.4476 1.2
    endloop
  endfacet
  facet normal 0 -0 1
    outer loop
      vertex -117.71 -93.4518 1.2
      vertex -117.607 -93.068 1.2
      vertex -123.703 -92.7323 1.2
    endloop
  endfacet
  facet normal 0 -0 1
    outer loop
      vertex -117.735 -93.7301 1.2
      vertex -117.71 -93.4518 1.2
      vertex -123.703 -92.7323 1.2
    endloop
  endfacet
  facet normal -0 0 1
    outer loop
      vertex -123.813 -92.9976 1.2
      vertex -117.735 -93.7301 1.2
      vertex -123.703 -92.7323 1.2
    endloop
  endfacet
  facet normal 0 -0 1
    outer loop
      vertex -117.74 -93.7886 1.2
      vertex -117.735 -93.7301 1.2
      vertex -123.813 -92.9976 1.2
    endloop
  endfacet
  facet normal -0 0 1
    outer loop
      vertex -123.988 -93.2254 1.2
      vertex -117.74 -93.7886 1.2
      vertex -123.813 -92.9976 1.2
    endloop
  endfacet
  facet normal -0 0 1
    outer loop
      vertex -124.215 -93.4002 1.2
      vertex -117.74 -93.7886 1.2
      vertex -123.988 -93.2254 1.2
    endloop
  endfacet
  facet normal -0 0 1
    outer loop
      vertex -124.481 -93.5101 1.2
      vertex -117.74 -93.7886 1.2
      vertex -124.215 -93.4002 1.2
    endloop
  endfacet
  facet normal 0 -0 1
    outer loop
      vertex -117.74 -112.616 1.2
      vertex -117.74 -93.7886 1.2
      vertex -124.481 -93.5101 1.2
    endloop
  endfacet
  facet normal -0 0 1
    outer loop
      vertex -124.765 -93.5476 1.2
      vertex -117.74 -112.616 1.2
      vertex -124.481 -93.5101 1.2
    endloop
  endfacet
  facet normal 0 0 1
    outer loop
      vertex -136.531 -112.823 1.2
      vertex -117.74 -112.616 1.2
      vertex -124.765 -93.5476 1.2
    endloop
  endfacet
  facet normal 0 0 1
    outer loop
      vertex -125.05 -93.5101 1.2
      vertex -136.531 -112.823 1.2
      vertex -124.765 -93.5476 1.2
    endloop
  endfacet
  facet normal 0 0 1
    outer loop
      vertex -125.315 -93.4002 1.2
      vertex -136.531 -112.823 1.2
      vertex -125.05 -93.5101 1.2
    endloop
  endfacet
  facet normal 0 0 1
    outer loop
      vertex -125.543 -93.2254 1.2
      vertex -136.531 -112.823 1.2
      vertex -125.315 -93.4002 1.2
    endloop
  endfacet
  facet normal 0 0 1
    outer loop
      vertex -136.703 -112.83 1.2
      vertex -136.531 -112.823 1.2
      vertex -125.543 -93.2254 1.2
    endloop
  endfacet
  facet normal 0 0 1
    outer loop
      vertex -136.9 -112.856 1.2
      vertex -136.703 -112.83 1.2
      vertex -125.543 -93.2254 1.2
    endloop
  endfacet
  facet normal 0 -0 1
    outer loop
      vertex -117.948 -112.823 1.2
      vertex -117.74 -112.616 1.2
      vertex -136.531 -112.823 1.2
    endloop
  endfacet
  facet normal 0 -0 1
    outer loop
      vertex -117.746 -112.65 1.2
      vertex -117.74 -112.616 1.2
      vertex -117.948 -112.823 1.2
    endloop
  endfacet
  facet normal 0 -0 1
    outer loop
      vertex -117.757 -112.684 1.2
      vertex -117.746 -112.65 1.2
      vertex -117.948 -112.823 1.2
    endloop
  endfacet
  facet normal 0 0 1
    outer loop
      vertex -117.948 -112.823 1.2
      vertex -117.773 -112.715 1.2
      vertex -117.757 -112.684 1.2
    endloop
  endfacet
  facet normal 0 -0 1
    outer loop
      vertex -117.794 -112.744 1.2
      vertex -117.773 -112.715 1.2
      vertex -117.948 -112.823 1.2
    endloop
  endfacet
  facet normal 0 -0 1
    outer loop
      vertex -117.819 -112.769 1.2
      vertex -117.794 -112.744 1.2
      vertex -117.948 -112.823 1.2
    endloop
  endfacet
  facet normal 0 0 1
    outer loop
      vertex -117.948 -112.823 1.2
      vertex -117.847 -112.79 1.2
      vertex -117.819 -112.769 1.2
    endloop
  endfacet
  facet normal 0 -0 1
    outer loop
      vertex -117.879 -112.806 1.2
      vertex -117.847 -112.79 1.2
      vertex -117.948 -112.823 1.2
    endloop
  endfacet
  facet normal 0 -0 1
    outer loop
      vertex -117.913 -112.817 1.2
      vertex -117.879 -112.806 1.2
      vertex -117.948 -112.823 1.2
    endloop
  endfacet
  facet normal -0 0 1
    outer loop
      vertex -156.611 -108.01 1.2
      vertex -136.9 -112.856 1.2
      vertex -125.543 -93.2254 1.2
    endloop
  endfacet
  facet normal 0 -0 1
    outer loop
      vertex -137.068 -112.893 1.2
      vertex -136.9 -112.856 1.2
      vertex -156.611 -108.01 1.2
    endloop
  endfacet
  facet normal -0 -0 1
    outer loop
      vertex -156.436 -108.238 1.2
      vertex -137.068 -112.893 1.2
      vertex -156.611 -108.01 1.2
    endloop
  endfacet
  facet normal -0 -0 1
    outer loop
      vertex -156.326 -108.503 1.2
      vertex -137.068 -112.893 1.2
      vertex -156.436 -108.238 1.2
    endloop
  endfacet
  facet normal -0 -0 1
    outer loop
      vertex -156.289 -108.788 1.2
      vertex -137.068 -112.893 1.2
      vertex -156.326 -108.503 1.2
    endloop
  endfacet
  facet normal -0 0 1
    outer loop
      vertex -156.326 -109.072 1.2
      vertex -137.068 -112.893 1.2
      vertex -156.289 -108.788 1.2
    endloop
  endfacet
  facet normal -0 0 1
    outer loop
      vertex -156.436 -109.338 1.2
      vertex -137.068 -112.893 1.2
      vertex -156.326 -109.072 1.2
    endloop
  endfacet
  facet normal 0 -0 1
    outer loop
      vertex -153.108 -117.191 1.2
      vertex -137.068 -112.893 1.2
      vertex -156.436 -109.338 1.2
    endloop
  endfacet
  facet normal -0 0 1
    outer loop
      vertex -156.611 -109.566 1.2
      vertex -153.108 -117.191 1.2
      vertex -156.436 -109.338 1.2
    endloop
  endfacet
  facet normal -0 0 1
    outer loop
      vertex -156.839 -109.74 1.2
      vertex -153.108 -117.191 1.2
      vertex -156.611 -109.566 1.2
    endloop
  endfacet
  facet normal -0 0 1
    outer loop
      vertex -157.104 -109.85 1.2
      vertex -153.108 -117.191 1.2
      vertex -156.839 -109.74 1.2
    endloop
  endfacet
  facet normal 0 -0 1
    outer loop
      vertex -153.268 -117.241 1.2
      vertex -153.108 -117.191 1.2
      vertex -157.104 -109.85 1.2
    endloop
  endfacet
  facet normal 0 -0 1
    outer loop
      vertex -153.447 -117.315 1.2
      vertex -153.268 -117.241 1.2
      vertex -157.104 -109.85 1.2
    endloop
  endfacet
  facet normal 0 0 1
    outer loop
      vertex -153.447 -117.315 1.2
      vertex -153.564 -117.373 1.2
      vertex -153.541 -117.363 1.2
    endloop
  endfacet
  facet normal 0 0 1
    outer loop
      vertex -157.389 -109.888 1.2
      vertex -153.564 -117.373 1.2
      vertex -153.447 -117.315 1.2
    endloop
  endfacet
  facet normal 0 0 1
    outer loop
      vertex -157.104 -109.85 1.2
      vertex -157.389 -109.888 1.2
      vertex -153.447 -117.315 1.2
    endloop
  endfacet
  facet normal 0 0 1
    outer loop
      vertex -153.564 -117.373 1.2
      vertex -170.501 -126.735 1.2
      vertex -170.211 -126.827 1.2
    endloop
  endfacet
  facet normal 0 0 1
    outer loop
      vertex -157.939 -109.74 1.2
      vertex -170.501 -126.735 1.2
      vertex -153.564 -117.373 1.2
    endloop
  endfacet
  facet normal 0 0 1
    outer loop
      vertex -157.673 -109.85 1.2
      vertex -157.939 -109.74 1.2
      vertex -153.564 -117.373 1.2
    endloop
  endfacet
  facet normal 0 0 1
    outer loop
      vertex -170.211 -126.827 1.2
      vertex -170.415 -126.821 1.2
      vertex -170.244 -126.839 1.2
    endloop
  endfacet
  facet normal 0 0 1
    outer loop
      vertex -170.444 -126.801 1.2
      vertex -170.415 -126.821 1.2
      vertex -170.211 -126.827 1.2
    endloop
  endfacet
  facet normal 0 0 1
    outer loop
      vertex -170.47 -126.778 1.2
      vertex -170.444 -126.801 1.2
      vertex -170.211 -126.827 1.2
    endloop
  endfacet
  facet normal 0 0 1
    outer loop
      vertex -170.244 -126.839 1.2
      vertex -170.349 -126.844 1.2
      vertex -170.278 -126.846 1.2
    endloop
  endfacet
  facet normal 0 0 1
    outer loop
      vertex -170.383 -126.835 1.2
      vertex -170.349 -126.844 1.2
      vertex -170.244 -126.839 1.2
    endloop
  endfacet
  facet normal 0 0 1
    outer loop
      vertex -170.415 -126.821 1.2
      vertex -170.383 -126.835 1.2
      vertex -170.244 -126.839 1.2
    endloop
  endfacet
  facet normal 0 0 1
    outer loop
      vertex -170.349 -126.844 1.2
      vertex -170.313 -126.848 1.2
      vertex -170.278 -126.846 1.2
    endloop
  endfacet
  facet normal 0 0 1
    outer loop
      vertex -170.211 -126.827 1.2
      vertex -170.492 -126.75 1.2
      vertex -170.47 -126.778 1.2
    endloop
  endfacet
  facet normal 0 0 1
    outer loop
      vertex -170.501 -126.735 1.2
      vertex -170.492 -126.75 1.2
      vertex -170.211 -126.827 1.2
    endloop
  endfacet
  facet normal 0 0 1
    outer loop
      vertex -158.166 -109.566 1.2
      vertex -170.501 -126.735 1.2
      vertex -157.939 -109.74 1.2
    endloop
  endfacet
  facet normal -0 0 1
    outer loop
      vertex -180.01 -110.265 1.2
      vertex -170.501 -126.735 1.2
      vertex -158.166 -109.566 1.2
    endloop
  endfacet
  facet normal 0 0 1
    outer loop
      vertex -158.341 -109.338 1.2
      vertex -180.01 -110.265 1.2
      vertex -158.166 -109.566 1.2
    endloop
  endfacet
  facet normal 0 0 1
    outer loop
      vertex -170.585 -104.584 1.2
      vertex -180.01 -110.265 1.2
      vertex -158.341 -109.338 1.2
    endloop
  endfacet
  facet normal 0 0 1
    outer loop
      vertex -158.451 -109.072 1.2
      vertex -170.585 -104.584 1.2
      vertex -158.341 -109.338 1.2
    endloop
  endfacet
  facet normal 0 0 1
    outer loop
      vertex -158.489 -108.788 1.2
      vertex -170.585 -104.584 1.2
      vertex -158.451 -109.072 1.2
    endloop
  endfacet
  facet normal 0 0 1
    outer loop
      vertex -170.542 -104.554 1.2
      vertex -170.585 -104.584 1.2
      vertex -158.489 -108.788 1.2
    endloop
  endfacet
  facet normal 0 0 1
    outer loop
      vertex -158.451 -108.503 1.2
      vertex -170.542 -104.554 1.2
      vertex -158.489 -108.788 1.2
    endloop
  endfacet
  facet normal 0 0 1
    outer loop
      vertex -170.3 -104.385 1.2
      vertex -170.542 -104.554 1.2
      vertex -158.451 -108.503 1.2
    endloop
  endfacet
  facet normal 0 0 1
    outer loop
      vertex -158.341 -108.238 1.2
      vertex -170.3 -104.385 1.2
      vertex -158.451 -108.503 1.2
    endloop
  endfacet
  facet normal 0 0 1
    outer loop
      vertex -170.019 -104.104 1.2
      vertex -170.3 -104.385 1.2
      vertex -158.341 -108.238 1.2
    endloop
  endfacet
  facet normal 0 0 1
    outer loop
      vertex -169.791 -103.778 1.2
      vertex -170.019 -104.104 1.2
      vertex -158.341 -108.238 1.2
    endloop
  endfacet
  facet normal -0 0 1
    outer loop
      vertex -179.919 -109.973 1.2
      vertex -180.01 -110.265 1.2
      vertex -170.585 -104.584 1.2
    endloop
  endfacet
  facet normal -0 0 1
    outer loop
      vertex -180.023 -110.232 1.2
      vertex -180.01 -110.265 1.2
      vertex -179.919 -109.973 1.2
    endloop
  endfacet
  facet normal -0 0 1
    outer loop
      vertex -180.03 -110.197 1.2
      vertex -180.023 -110.232 1.2
      vertex -179.919 -109.973 1.2
    endloop
  endfacet
  facet normal 0 0 1
    outer loop
      vertex -179.919 -109.973 1.2
      vertex -180.032 -110.162 1.2
      vertex -180.03 -110.197 1.2
    endloop
  endfacet
  facet normal -0 0 1
    outer loop
      vertex -180.029 -110.127 1.2
      vertex -180.032 -110.162 1.2
      vertex -179.919 -109.973 1.2
    endloop
  endfacet
  facet normal -0 0 1
    outer loop
      vertex -180.019 -110.093 1.2
      vertex -180.029 -110.127 1.2
      vertex -179.919 -109.973 1.2
    endloop
  endfacet
  facet normal 0 0 1
    outer loop
      vertex -179.919 -109.973 1.2
      vertex -180.005 -110.06 1.2
      vertex -180.019 -110.093 1.2
    endloop
  endfacet
  facet normal -0 0 1
    outer loop
      vertex -179.986 -110.03 1.2
      vertex -180.005 -110.06 1.2
      vertex -179.919 -109.973 1.2
    endloop
  endfacet
  facet normal -0 0 1
    outer loop
      vertex -179.962 -110.004 1.2
      vertex -179.986 -110.03 1.2
      vertex -179.919 -109.973 1.2
    endloop
  endfacet
  facet normal 0 0 1
    outer loop
      vertex -179.919 -109.973 1.2
      vertex -179.934 -109.982 1.2
      vertex -179.962 -110.004 1.2
    endloop
  endfacet
  facet normal 0 0 1
    outer loop
      vertex -158.166 -108.01 1.2
      vertex -169.791 -103.778 1.2
      vertex -158.341 -108.238 1.2
    endloop
  endfacet
  facet normal 0 0 1
    outer loop
      vertex -169.623 -103.418 1.2
      vertex -169.791 -103.778 1.2
      vertex -158.166 -108.01 1.2
    endloop
  endfacet
  facet normal 0 0 1
    outer loop
      vertex -157.939 -107.835 1.2
      vertex -169.623 -103.418 1.2
      vertex -158.166 -108.01 1.2
    endloop
  endfacet
  facet normal 0 0 1
    outer loop
      vertex -169.52 -103.034 1.2
      vertex -169.623 -103.418 1.2
      vertex -157.939 -107.835 1.2
    endloop
  endfacet
  facet normal 0 0 1
    outer loop
      vertex -169.496 -102.75 1.2
      vertex -169.52 -103.034 1.2
      vertex -157.939 -107.835 1.2
    endloop
  endfacet
  facet normal 0 0 1
    outer loop
      vertex -157.939 -107.835 1.2
      vertex -169.49 -102.697 1.2
      vertex -169.496 -102.75 1.2
    endloop
  endfacet
  facet normal 0 0 1
    outer loop
      vertex -157.673 -107.725 1.2
      vertex -169.49 -102.697 1.2
      vertex -157.939 -107.835 1.2
    endloop
  endfacet
  facet normal 0 0 1
    outer loop
      vertex -157.389 -107.688 1.2
      vertex -169.49 -102.697 1.2
      vertex -157.673 -107.725 1.2
    endloop
  endfacet
  facet normal 0 0 1
    outer loop
      vertex -157.104 -107.725 1.2
      vertex -169.49 -102.697 1.2
      vertex -157.389 -107.688 1.2
    endloop
  endfacet
  facet normal 0 0 1
    outer loop
      vertex -125.828 -92.1629 1.2
      vertex -169.49 -102.697 1.2
      vertex -157.104 -107.725 1.2
    endloop
  endfacet
  facet normal 0 -0 1
    outer loop
      vertex -125.865 -92.4476 1.2
      vertex -125.828 -92.1629 1.2
      vertex -157.104 -107.725 1.2
    endloop
  endfacet
  facet normal 0 0 1
    outer loop
      vertex -169.49 -102.697 1.2
      vertex -151.213 -46.1726 1.2
      vertex -169.49 -46.3975 1.2
    endloop
  endfacet
  facet normal 0 0 1
    outer loop
      vertex -130.183 -57.1254 1.2
      vertex -151.213 -46.1726 1.2
      vertex -169.49 -102.697 1.2
    endloop
  endfacet
  facet normal 0 0 1
    outer loop
      vertex -129.955 -57.3002 1.2
      vertex -130.183 -57.1254 1.2
      vertex -169.49 -102.697 1.2
    endloop
  endfacet
  facet normal -0 0 1
    outer loop
      vertex -169.283 -46.1726 1.2
      vertex -169.49 -46.3975 1.2
      vertex -151.213 -46.1726 1.2
    endloop
  endfacet
  facet normal -0 0 1
    outer loop
      vertex -169.49 -46.3798 1.2
      vertex -169.49 -46.3975 1.2
      vertex -169.283 -46.1726 1.2
    endloop
  endfacet
  facet normal -0 0 1
    outer loop
      vertex -169.485 -46.3448 1.2
      vertex -169.49 -46.3798 1.2
      vertex -169.283 -46.1726 1.2
    endloop
  endfacet
  facet normal 0 0 1
    outer loop
      vertex -169.283 -46.1726 1.2
      vertex -169.474 -46.3112 1.2
      vertex -169.485 -46.3448 1.2
    endloop
  endfacet
  facet normal -0 0 1
    outer loop
      vertex -169.458 -46.2796 1.2
      vertex -169.474 -46.3112 1.2
      vertex -169.283 -46.1726 1.2
    endloop
  endfacet
  facet normal -0 0 1
    outer loop
      vertex -169.437 -46.251 1.2
      vertex -169.458 -46.2796 1.2
      vertex -169.283 -46.1726 1.2
    endloop
  endfacet
  facet normal 0 0 1
    outer loop
      vertex -169.283 -46.1726 1.2
      vertex -169.412 -46.2259 1.2
      vertex -169.437 -46.251 1.2
    endloop
  endfacet
  facet normal -0 0 1
    outer loop
      vertex -169.383 -46.2051 1.2
      vertex -169.412 -46.2259 1.2
      vertex -169.283 -46.1726 1.2
    endloop
  endfacet
  facet normal -0 0 1
    outer loop
      vertex -169.352 -46.1891 1.2
      vertex -169.383 -46.2051 1.2
      vertex -169.283 -46.1726 1.2
    endloop
  endfacet
  facet normal 0 0 1
    outer loop
      vertex -169.283 -46.1726 1.2
      vertex -169.318 -46.1781 1.2
      vertex -169.352 -46.1891 1.2
    endloop
  endfacet
  facet normal -0 0 1
    outer loop
      vertex -151.213 -46.1726 1.2
      vertex -130.468 -56.6323 1.2
      vertex -150.87 -46.1425 1.2
    endloop
  endfacet
  facet normal 0 0 1
    outer loop
      vertex -130.358 -56.8976 1.2
      vertex -130.468 -56.6323 1.2
      vertex -151.213 -46.1726 1.2
    endloop
  endfacet
  facet normal 0 0 1
    outer loop
      vertex -130.183 -57.1254 1.2
      vertex -130.358 -56.8976 1.2
      vertex -151.213 -46.1726 1.2
    endloop
  endfacet
  facet normal 0 0 1
    outer loop
      vertex -130.505 -56.3476 1.2
      vertex -150.87 -46.1425 1.2
      vertex -130.468 -56.6323 1.2
    endloop
  endfacet
  facet normal 0 0 1
    outer loop
      vertex -150.486 -46.0397 1.2
      vertex -150.87 -46.1425 1.2
      vertex -130.505 -56.3476 1.2
    endloop
  endfacet
  facet normal 0 0 1
    outer loop
      vertex -130.468 -56.0629 1.2
      vertex -150.486 -46.0397 1.2
      vertex -130.505 -56.3476 1.2
    endloop
  endfacet
  facet normal 0 0 1
    outer loop
      vertex -150.126 -45.8718 1.2
      vertex -150.486 -46.0397 1.2
      vertex -130.468 -56.0629 1.2
    endloop
  endfacet
  facet normal 0 0 1
    outer loop
      vertex -130.358 -55.7976 1.2
      vertex -150.126 -45.8718 1.2
      vertex -130.468 -56.0629 1.2
    endloop
  endfacet
  facet normal 0 0 1
    outer loop
      vertex -149.8 -45.6439 1.2
      vertex -150.126 -45.8718 1.2
      vertex -130.358 -55.7976 1.2
    endloop
  endfacet
  facet normal 0 0 1
    outer loop
      vertex -130.183 -55.5698 1.2
      vertex -149.8 -45.6439 1.2
      vertex -130.358 -55.7976 1.2
    endloop
  endfacet
  facet normal 0 0 1
    outer loop
      vertex -149.519 -45.3629 1.2
      vertex -149.8 -45.6439 1.2
      vertex -130.183 -55.5698 1.2
    endloop
  endfacet
  facet normal 0 0 1
    outer loop
      vertex -129.955 -55.395 1.2
      vertex -149.519 -45.3629 1.2
      vertex -130.183 -55.5698 1.2
    endloop
  endfacet
  facet normal 0 0 1
    outer loop
      vertex -149.291 -45.0374 1.2
      vertex -149.519 -45.3629 1.2
      vertex -129.955 -55.395 1.2
    endloop
  endfacet
  facet normal 0 0 1
    outer loop
      vertex -133.213 -40.6726 1.2
      vertex -149.291 -45.0374 1.2
      vertex -129.955 -55.395 1.2
    endloop
  endfacet
  facet normal -0 0 1
    outer loop
      vertex -149.123 -44.6773 1.2
      vertex -149.291 -45.0374 1.2
      vertex -133.213 -40.6726 1.2
    endloop
  endfacet
  facet normal -0 0 1
    outer loop
      vertex -149.02 -44.2935 1.2
      vertex -149.123 -44.6773 1.2
      vertex -133.213 -40.6726 1.2
    endloop
  endfacet
  facet normal 0 0 1
    outer loop
      vertex -133.213 -40.6726 1.2
      vertex -148.99 -43.9508 1.2
      vertex -149.02 -44.2935 1.2
    endloop
  endfacet
  facet normal -0 0 1
    outer loop
      vertex -148.783 -40.6726 1.2
      vertex -148.99 -43.9508 1.2
      vertex -133.213 -40.6726 1.2
    endloop
  endfacet
  facet normal -0 0 1
    outer loop
      vertex -148.99 -40.8975 1.2
      vertex -148.99 -43.9508 1.2
      vertex -148.783 -40.6726 1.2
    endloop
  endfacet
  facet normal -0 0 1
    outer loop
      vertex -148.99 -40.8798 1.2
      vertex -148.99 -40.8975 1.2
      vertex -148.783 -40.6726 1.2
    endloop
  endfacet
  facet normal 0 0 1
    outer loop
      vertex -148.783 -40.6726 1.2
      vertex -148.985 -40.8448 1.2
      vertex -148.99 -40.8798 1.2
    endloop
  endfacet
  facet normal -0 0 1
    outer loop
      vertex -148.974 -40.8112 1.2
      vertex -148.985 -40.8448 1.2
      vertex -148.783 -40.6726 1.2
    endloop
  endfacet
  facet normal -0 0 1
    outer loop
      vertex -148.958 -40.7796 1.2
      vertex -148.974 -40.8112 1.2
      vertex -148.783 -40.6726 1.2
    endloop
  endfacet
  facet normal 0 0 1
    outer loop
      vertex -148.783 -40.6726 1.2
      vertex -148.937 -40.751 1.2
      vertex -148.958 -40.7796 1.2
    endloop
  endfacet
  facet normal -0 0 1
    outer loop
      vertex -148.912 -40.7259 1.2
      vertex -148.937 -40.751 1.2
      vertex -148.783 -40.6726 1.2
    endloop
  endfacet
  facet normal -0 0 1
    outer loop
      vertex -148.883 -40.7051 1.2
      vertex -148.912 -40.7259 1.2
      vertex -148.783 -40.6726 1.2
    endloop
  endfacet
  facet normal 0 0 1
    outer loop
      vertex -148.783 -40.6726 1.2
      vertex -148.852 -40.6891 1.2
      vertex -148.883 -40.7051 1.2
    endloop
  endfacet
  facet normal -0 0 1
    outer loop
      vertex -148.818 -40.6781 1.2
      vertex -148.852 -40.6891 1.2
      vertex -148.783 -40.6726 1.2
    endloop
  endfacet
  facet normal 0 0 1
    outer loop
      vertex -129.69 -55.2851 1.2
      vertex -133.213 -40.6726 1.2
      vertex -129.955 -55.395 1.2
    endloop
  endfacet
  facet normal 0 0 1
    outer loop
      vertex -132.87 -40.6425 1.2
      vertex -133.213 -40.6726 1.2
      vertex -129.69 -55.2851 1.2
    endloop
  endfacet
  facet normal 0 0 1
    outer loop
      vertex -129.405 -55.2476 1.2
      vertex -132.87 -40.6425 1.2
      vertex -129.69 -55.2851 1.2
    endloop
  endfacet
  facet normal 0 0 1
    outer loop
      vertex -132.486 -40.5397 1.2
      vertex -132.87 -40.6425 1.2
      vertex -129.405 -55.2476 1.2
    endloop
  endfacet
  facet normal 0 0 1
    outer loop
      vertex -129.121 -55.2851 1.2
      vertex -132.486 -40.5397 1.2
      vertex -129.405 -55.2476 1.2
    endloop
  endfacet
  facet normal 0 0 1
    outer loop
      vertex -132.126 -40.3718 1.2
      vertex -132.486 -40.5397 1.2
      vertex -129.121 -55.2851 1.2
    endloop
  endfacet
  facet normal 0 0 1
    outer loop
      vertex -131.8 -40.1439 1.2
      vertex -132.126 -40.3718 1.2
      vertex -129.121 -55.2851 1.2
    endloop
  endfacet
  facet normal 0 0 1
    outer loop
      vertex -131.8 -40.1439 1.2
      vertex -115.213 -38.1226 1.2
      vertex -131.519 -39.8629 1.2
    endloop
  endfacet
  facet normal 0 -0 1
    outer loop
      vertex -128.855 -55.395 1.2
      vertex -115.213 -38.1226 1.2
      vertex -131.8 -40.1439 1.2
    endloop
  endfacet
  facet normal -0 -0 1
    outer loop
      vertex -129.121 -55.2851 1.2
      vertex -128.855 -55.395 1.2
      vertex -131.8 -40.1439 1.2
    endloop
  endfacet
  facet normal 0 0 1
    outer loop
      vertex -115.213 -38.1226 1.2
      vertex -131.291 -39.5374 1.2
      vertex -131.519 -39.8629 1.2
    endloop
  endfacet
  facet normal -0 0 1
    outer loop
      vertex -131.123 -39.1773 1.2
      vertex -131.291 -39.5374 1.2
      vertex -115.213 -38.1226 1.2
    endloop
  endfacet
  facet normal -0 0 1
    outer loop
      vertex -131.02 -38.7935 1.2
      vertex -131.123 -39.1773 1.2
      vertex -115.213 -38.1226 1.2
    endloop
  endfacet
  facet normal -0 0 1
    outer loop
      vertex -130.783 -38.1226 1.2
      vertex -131.02 -38.7935 1.2
      vertex -115.213 -38.1226 1.2
    endloop
  endfacet
  facet normal -0 0 1
    outer loop
      vertex -130.974 -38.261 1.2
      vertex -131.02 -38.7935 1.2
      vertex -130.783 -38.1226 1.2
    endloop
  endfacet
  facet normal -0 0 1
    outer loop
      vertex -130.958 -38.2296 1.2
      vertex -130.974 -38.261 1.2
      vertex -130.783 -38.1226 1.2
    endloop
  endfacet
  facet normal 0 0 1
    outer loop
      vertex -130.783 -38.1226 1.2
      vertex -130.937 -38.201 1.2
      vertex -130.958 -38.2296 1.2
    endloop
  endfacet
  facet normal -0 0 1
    outer loop
      vertex -130.912 -38.1759 1.2
      vertex -130.937 -38.201 1.2
      vertex -130.783 -38.1226 1.2
    endloop
  endfacet
  facet normal -0 0 1
    outer loop
      vertex -130.883 -38.1551 1.2
      vertex -130.912 -38.1759 1.2
      vertex -130.783 -38.1226 1.2
    endloop
  endfacet
  facet normal 0 0 1
    outer loop
      vertex -130.783 -38.1226 1.2
      vertex -130.852 -38.1391 1.2
      vertex -130.883 -38.1551 1.2
    endloop
  endfacet
  facet normal -0 0 1
    outer loop
      vertex -130.818 -38.1281 1.2
      vertex -130.852 -38.1391 1.2
      vertex -130.783 -38.1226 1.2
    endloop
  endfacet
  facet normal -0 0 1
    outer loop
      vertex -115.213 -38.1226 1.2
      vertex -128.453 -55.7976 1.2
      vertex -114.87 -38.0925 1.2
    endloop
  endfacet
  facet normal -0 0 1
    outer loop
      vertex -128.628 -55.5698 1.2
      vertex -128.453 -55.7976 1.2
      vertex -115.213 -38.1226 1.2
    endloop
  endfacet
  facet normal -0 0 1
    outer loop
      vertex -128.855 -55.395 1.2
      vertex -128.628 -55.5698 1.2
      vertex -115.213 -38.1226 1.2
    endloop
  endfacet
  facet normal -0 0 1
    outer loop
      vertex -113.8 -37.5939 1.2
      vertex -92.0559 -38.8799 1.2
      vertex -113.519 -37.3129 1.2
    endloop
  endfacet
  facet normal 0 0 1
    outer loop
      vertex -91.797 -39.1575 1.2
      vertex -92.0559 -38.8799 1.2
      vertex -113.8 -37.5939 1.2
    endloop
  endfacet
  facet normal 0 -0 1
    outer loop
      vertex -93.3154 -51.4949 1.2
      vertex -91.797 -39.1575 1.2
      vertex -113.8 -37.5939 1.2
    endloop
  endfacet
  facet normal 0 0 1
    outer loop
      vertex -91.4956 -39.3884 1.2
      vertex -91.797 -39.1575 1.2
      vertex -93.3154 -51.4949 1.2
    endloop
  endfacet
  facet normal 0 -0 1
    outer loop
      vertex -93.0501 -51.3851 1.2
      vertex -91.4956 -39.3884 1.2
      vertex -93.3154 -51.4949 1.2
    endloop
  endfacet
  facet normal 0 0 1
    outer loop
      vertex -91.16 -39.566 1.2
      vertex -91.4956 -39.3884 1.2
      vertex -93.0501 -51.3851 1.2
    endloop
  endfacet
  facet normal 0 0 1
    outer loop
      vertex -90.7996 -39.6854 1.2
      vertex -91.16 -39.566 1.2
      vertex -93.0501 -51.3851 1.2
    endloop
  endfacet
  facet normal -0 0 1
    outer loop
      vertex -113.519 -37.3129 1.2
      vertex -92.419 -38.2159 1.2
      vertex -113.291 -36.9874 1.2
    endloop
  endfacet
  facet normal 0 0 1
    outer loop
      vertex -92.2652 -38.5631 1.2
      vertex -92.419 -38.2159 1.2
      vertex -113.519 -37.3129 1.2
    endloop
  endfacet
  facet normal 0 0 1
    outer loop
      vertex -92.0559 -38.8799 1.2
      vertex -92.2652 -38.5631 1.2
      vertex -113.519 -37.3129 1.2
    endloop
  endfacet
  facet normal 0 0 1
    outer loop
      vertex -92.5129 -37.8481 1.2
      vertex -113.291 -36.9874 1.2
      vertex -92.419 -38.2159 1.2
    endloop
  endfacet
  facet normal 0 0 1
    outer loop
      vertex -113.123 -36.6273 1.2
      vertex -113.291 -36.9874 1.2
      vertex -92.5129 -37.8481 1.2
    endloop
  endfacet
  facet normal 0 0 1
    outer loop
      vertex -92.5404 -37.5198 1.2
      vertex -113.123 -36.6273 1.2
      vertex -92.5129 -37.8481 1.2
    endloop
  endfacet
  facet normal 0 0 1
    outer loop
      vertex -113.02 -36.2435 1.2
      vertex -113.123 -36.6273 1.2
      vertex -92.5404 -37.5198 1.2
    endloop
  endfacet
  facet normal 0 0 1
    outer loop
      vertex -92.7654 -34.7226 1.2
      vertex -113.02 -36.2435 1.2
      vertex -92.5404 -37.5198 1.2
    endloop
  endfacet
  facet normal -0 0 1
    outer loop
      vertex -112.783 -34.7226 1.2
      vertex -113.02 -36.2435 1.2
      vertex -92.7654 -34.7226 1.2
    endloop
  endfacet
  facet normal -0 0 1
    outer loop
      vertex -112.891 -34.7604 1.2
      vertex -113.02 -36.2435 1.2
      vertex -112.783 -34.7226 1.2
    endloop
  endfacet
  facet normal -0 0 1
    outer loop
      vertex -112.818 -34.7281 1.2
      vertex -112.891 -34.7604 1.2
      vertex -112.783 -34.7226 1.2
    endloop
  endfacet
  facet normal -0 0 1
    outer loop
      vertex -112.852 -34.7391 1.2
      vertex -112.891 -34.7604 1.2
      vertex -112.818 -34.7281 1.2
    endloop
  endfacet
  facet normal -0 0 1
    outer loop
      vertex -112.883 -34.7551 1.2
      vertex -112.891 -34.7604 1.2
      vertex -112.852 -34.7391 1.2
    endloop
  endfacet
  facet normal -0 0 1
    outer loop
      vertex -92.7654 -34.7226 1.2
      vertex -92.7127 -34.7281 1.2
      vertex -92.7477 -34.7226 1.2
    endloop
  endfacet
  facet normal 0 0 1
    outer loop
      vertex -92.679 -34.7391 1.2
      vertex -92.7127 -34.7281 1.2
      vertex -92.7654 -34.7226 1.2
    endloop
  endfacet
  facet normal 0 0 1
    outer loop
      vertex -92.6475 -34.7552 1.2
      vertex -92.679 -34.7391 1.2
      vertex -92.7654 -34.7226 1.2
    endloop
  endfacet
  facet normal 0 0 1
    outer loop
      vertex -92.7654 -34.7226 1.2
      vertex -92.6188 -34.776 1.2
      vertex -92.6475 -34.7552 1.2
    endloop
  endfacet
  facet normal 0 0 1
    outer loop
      vertex -92.5938 -34.801 1.2
      vertex -92.6188 -34.776 1.2
      vertex -92.7654 -34.7226 1.2
    endloop
  endfacet
  facet normal 0 0 1
    outer loop
      vertex -92.573 -34.8297 1.2
      vertex -92.5938 -34.801 1.2
      vertex -92.7654 -34.7226 1.2
    endloop
  endfacet
  facet normal 0 0 1
    outer loop
      vertex -92.7654 -34.7226 1.2
      vertex -92.5569 -34.8612 1.2
      vertex -92.573 -34.8297 1.2
    endloop
  endfacet
  facet normal 0 0 1
    outer loop
      vertex -92.5459 -34.8949 1.2
      vertex -92.5569 -34.8612 1.2
      vertex -92.7654 -34.7226 1.2
    endloop
  endfacet
  facet normal 0 0 1
    outer loop
      vertex -92.5404 -34.9299 1.2
      vertex -92.5459 -34.8949 1.2
      vertex -92.7654 -34.7226 1.2
    endloop
  endfacet
  facet normal 0 0 1
    outer loop
      vertex -92.7654 -34.7226 1.2
      vertex -92.5404 -34.9476 1.2
      vertex -92.5404 -34.9299 1.2
    endloop
  endfacet
  facet normal 0 -0 1
    outer loop
      vertex -92.5404 -37.5198 1.2
      vertex -92.5404 -34.9476 1.2
      vertex -92.7654 -34.7226 1.2
    endloop
  endfacet
  facet normal 0 0 1
    outer loop
      vertex -90.7996 -39.6854 1.2
      vertex -90.4831 -39.735 1.2
      vertex -90.5339 -39.7264 1.2
    endloop
  endfacet
  facet normal 0 0 1
    outer loop
      vertex -92.7654 -51.3476 1.2
      vertex -90.4831 -39.735 1.2
      vertex -90.7996 -39.6854 1.2
    endloop
  endfacet
  facet normal 0 0 1
    outer loop
      vertex -93.0501 -51.3851 1.2
      vertex -92.7654 -51.3476 1.2
      vertex -90.7996 -39.6854 1.2
    endloop
  endfacet
  facet normal 0 0 1
    outer loop
      vertex -90.4831 -39.735 1.2
      vertex -71.6707 -45.5629 1.2
      vertex -71.5811 -41.0568 1.2
    endloop
  endfacet
  facet normal 0 0 1
    outer loop
      vertex -71.6662 -45.8923 1.2
      vertex -71.6707 -45.5629 1.2
      vertex -90.4831 -39.735 1.2
    endloop
  endfacet
  facet normal 0 0 1
    outer loop
      vertex -91.9876 -51.6698 1.2
      vertex -71.6662 -45.8923 1.2
      vertex -90.4831 -39.735 1.2
    endloop
  endfacet
  facet normal 0 0 1
    outer loop
      vertex -71.5981 -46.2658 1.2
      vertex -71.6662 -45.8923 1.2
      vertex -91.9876 -51.6698 1.2
    endloop
  endfacet
  facet normal 0 -0 1
    outer loop
      vertex -91.8128 -51.8976 1.2
      vertex -71.5981 -46.2658 1.2
      vertex -91.9876 -51.6698 1.2
    endloop
  endfacet
  facet normal 0 0 1
    outer loop
      vertex -71.469 -46.6228 1.2
      vertex -71.5981 -46.2658 1.2
      vertex -91.8128 -51.8976 1.2
    endloop
  endfacet
  facet normal 0 0 1
    outer loop
      vertex -71.2823 -46.9534 1.2
      vertex -71.469 -46.6228 1.2
      vertex -91.8128 -51.8976 1.2
    endloop
  endfacet
  facet normal 0 0 1
    outer loop
      vertex -71.5811 -41.0568 1.2
      vertex -71.529 -41.066 1.2
      vertex -71.5635 -41.0581 1.2
    endloop
  endfacet
  facet normal 0 0 1
    outer loop
      vertex -71.4961 -41.0793 1.2
      vertex -71.529 -41.066 1.2
      vertex -71.5811 -41.0568 1.2
    endloop
  endfacet
  facet normal 0 0 1
    outer loop
      vertex -71.4658 -41.0975 1.2
      vertex -71.4961 -41.0793 1.2
      vertex -71.5811 -41.0568 1.2
    endloop
  endfacet
  facet normal 0 0 1
    outer loop
      vertex -71.5811 -41.0568 1.2
      vertex -71.4387 -41.1203 1.2
      vertex -71.4658 -41.0975 1.2
    endloop
  endfacet
  facet normal 0 0 1
    outer loop
      vertex -71.4154 -41.147 1.2
      vertex -71.4387 -41.1203 1.2
      vertex -71.5811 -41.0568 1.2
    endloop
  endfacet
  facet normal 0 0 1
    outer loop
      vertex -71.3967 -41.177 1.2
      vertex -71.4154 -41.147 1.2
      vertex -71.5811 -41.0568 1.2
    endloop
  endfacet
  facet normal 0 0 1
    outer loop
      vertex -71.5811 -41.0568 1.2
      vertex -71.3828 -41.2096 1.2
      vertex -71.3967 -41.177 1.2
    endloop
  endfacet
  facet normal 0 0 1
    outer loop
      vertex -71.3743 -41.244 1.2
      vertex -71.3828 -41.2096 1.2
      vertex -71.5811 -41.0568 1.2
    endloop
  endfacet
  facet normal 0 0 1
    outer loop
      vertex -71.3712 -41.2792 1.2
      vertex -71.3743 -41.244 1.2
      vertex -71.5811 -41.0568 1.2
    endloop
  endfacet
  facet normal 0 0 1
    outer loop
      vertex -71.5811 -41.0568 1.2
      vertex -71.3724 -41.2969 1.2
      vertex -71.3712 -41.2792 1.2
    endloop
  endfacet
  facet normal 0 0 1
    outer loop
      vertex -71.6707 -45.5629 1.2
      vertex -71.3724 -41.2969 1.2
      vertex -71.5811 -41.0568 1.2
    endloop
  endfacet
  facet normal 0 -0 1
    outer loop
      vertex -91.7029 -52.1629 1.2
      vertex -71.2823 -46.9534 1.2
      vertex -91.8128 -51.8976 1.2
    endloop
  endfacet
  facet normal 0 0 1
    outer loop
      vertex -71.0434 -47.2485 1.2
      vertex -71.2823 -46.9534 1.2
      vertex -91.7029 -52.1629 1.2
    endloop
  endfacet
  facet normal 0 -0 1
    outer loop
      vertex -91.6654 -52.4476 1.2
      vertex -71.0434 -47.2485 1.2
      vertex -91.7029 -52.1629 1.2
    endloop
  endfacet
  facet normal 0 0 1
    outer loop
      vertex -70.7588 -47.4998 1.2
      vertex -71.0434 -47.2485 1.2
      vertex -91.6654 -52.4476 1.2
    endloop
  endfacet
  facet normal 0 0 1
    outer loop
      vertex -91.7029 -52.7323 1.2
      vertex -70.7588 -47.4998 1.2
      vertex -91.6654 -52.4476 1.2
    endloop
  endfacet
  facet normal 0 0 1
    outer loop
      vertex -70.4365 -47.7004 1.2
      vertex -70.7588 -47.4998 1.2
      vertex -91.7029 -52.7323 1.2
    endloop
  endfacet
  facet normal 0 0 1
    outer loop
      vertex -91.8128 -52.9976 1.2
      vertex -70.4365 -47.7004 1.2
      vertex -91.7029 -52.7323 1.2
    endloop
  endfacet
  facet normal 0 0 1
    outer loop
      vertex -70.0853 -47.8447 1.2
      vertex -70.4365 -47.7004 1.2
      vertex -91.8128 -52.9976 1.2
    endloop
  endfacet
  facet normal 0 0 1
    outer loop
      vertex -91.9876 -53.2254 1.2
      vertex -70.0853 -47.8447 1.2
      vertex -91.8128 -52.9976 1.2
    endloop
  endfacet
  facet normal 0 0 1
    outer loop
      vertex -69.7644 -47.9175 1.2
      vertex -70.0853 -47.8447 1.2
      vertex -91.9876 -53.2254 1.2
    endloop
  endfacet
  facet normal 0 -0 1
    outer loop
      vertex -74.4513 -75.2676 1.2
      vertex -69.7644 -47.9175 1.2
      vertex -91.9876 -53.2254 1.2
    endloop
  endfacet
  facet normal 0 -0 1
    outer loop
      vertex -74.1666 -75.3051 1.2
      vertex -69.7644 -47.9175 1.2
      vertex -74.4513 -75.2676 1.2
    endloop
  endfacet
  facet normal 0 0 1
    outer loop
      vertex -53.6633 -70.2002 1.2
      vertex -69.7644 -47.9175 1.2
      vertex -74.1666 -75.3051 1.2
    endloop
  endfacet
  facet normal 0 -0 1
    outer loop
      vertex -73.9013 -75.415 1.2
      vertex -53.6633 -70.2002 1.2
      vertex -74.1666 -75.3051 1.2
    endloop
  endfacet
  facet normal 0 -0 1
    outer loop
      vertex -73.6735 -75.5898 1.2
      vertex -53.6633 -70.2002 1.2
      vertex -73.9013 -75.415 1.2
    endloop
  endfacet
  facet normal 0 -0 1
    outer loop
      vertex -73.4987 -75.8176 1.2
      vertex -53.6633 -70.2002 1.2
      vertex -73.6735 -75.5898 1.2
    endloop
  endfacet
  facet normal 0 -0 1
    outer loop
      vertex -73.3888 -76.0829 1.2
      vertex -53.6633 -70.2002 1.2
      vertex -73.4987 -75.8176 1.2
    endloop
  endfacet
  facet normal 0 -0 1
    outer loop
      vertex -73.3513 -76.3676 1.2
      vertex -53.6633 -70.2002 1.2
      vertex -73.3888 -76.0829 1.2
    endloop
  endfacet
  facet normal 0 0 1
    outer loop
      vertex -73.3888 -76.6523 1.2
      vertex -53.6633 -70.2002 1.2
      vertex -73.3513 -76.3676 1.2
    endloop
  endfacet
  facet normal 0 0 1
    outer loop
      vertex -73.4987 -76.9176 1.2
      vertex -53.6633 -70.2002 1.2
      vertex -73.3888 -76.6523 1.2
    endloop
  endfacet
  facet normal 0 -0 1
    outer loop
      vertex -56.9949 -93.9067 1.2
      vertex -53.6633 -70.2002 1.2
      vertex -73.4987 -76.9176 1.2
    endloop
  endfacet
  facet normal -0 0 1
    outer loop
      vertex -73.6735 -77.1454 1.2
      vertex -56.9949 -93.9067 1.2
      vertex -73.4987 -76.9176 1.2
    endloop
  endfacet
  facet normal -0 0 1
    outer loop
      vertex -73.9013 -77.3202 1.2
      vertex -56.9949 -93.9067 1.2
      vertex -73.6735 -77.1454 1.2
    endloop
  endfacet
  facet normal -0 0 1
    outer loop
      vertex -74.1666 -77.4301 1.2
      vertex -56.9949 -93.9067 1.2
      vertex -73.9013 -77.3202 1.2
    endloop
  endfacet
  facet normal 0 0 1
    outer loop
      vertex -79.0667 -94.381 1.2
      vertex -56.9949 -93.9067 1.2
      vertex -74.1666 -77.4301 1.2
    endloop
  endfacet
  facet normal -0 0 1
    outer loop
      vertex -79.398 -94.2085 1.2
      vertex -79.0667 -94.381 1.2
      vertex -74.1666 -77.4301 1.2
    endloop
  endfacet
  facet normal 0 0 1
    outer loop
      vertex -50.9355 -50.7909 1.2
      vertex -69.7644 -47.9175 1.2
      vertex -53.6633 -70.2002 1.2
    endloop
  endfacet
  facet normal 0 0 1
    outer loop
      vertex -51.1266 -50.5368 1.2
      vertex -69.7644 -47.9175 1.2
      vertex -50.9355 -50.7909 1.2
    endloop
  endfacet
  facet normal 0 0 1
    outer loop
      vertex -50.9331 -50.7734 1.2
      vertex -51.1266 -50.5368 1.2
      vertex -50.9355 -50.7909 1.2
    endloop
  endfacet
  facet normal 0 0 1
    outer loop
      vertex -50.9337 -50.738 1.2
      vertex -51.1266 -50.5368 1.2
      vertex -50.9331 -50.7734 1.2
    endloop
  endfacet
  facet normal 0 0 1
    outer loop
      vertex -50.9398 -50.7031 1.2
      vertex -51.1266 -50.5368 1.2
      vertex -50.9337 -50.738 1.2
    endloop
  endfacet
  facet normal 0 0 1
    outer loop
      vertex -50.9514 -50.6696 1.2
      vertex -51.1266 -50.5368 1.2
      vertex -50.9398 -50.7031 1.2
    endloop
  endfacet
  facet normal 0 0 1
    outer loop
      vertex -50.968 -50.6383 1.2
      vertex -51.1266 -50.5368 1.2
      vertex -50.9514 -50.6696 1.2
    endloop
  endfacet
  facet normal 0 0 1
    outer loop
      vertex -50.9893 -50.61 1.2
      vertex -51.1266 -50.5368 1.2
      vertex -50.968 -50.6383 1.2
    endloop
  endfacet
  facet normal 0 0 1
    outer loop
      vertex -51.0148 -50.5854 1.2
      vertex -51.1266 -50.5368 1.2
      vertex -50.9893 -50.61 1.2
    endloop
  endfacet
  facet normal 0 0 1
    outer loop
      vertex -51.0438 -50.5651 1.2
      vertex -51.1266 -50.5368 1.2
      vertex -51.0148 -50.5854 1.2
    endloop
  endfacet
  facet normal 0 0 1
    outer loop
      vertex -51.0756 -50.5495 1.2
      vertex -51.1266 -50.5368 1.2
      vertex -51.0438 -50.5651 1.2
    endloop
  endfacet
  facet normal 0 0 1
    outer loop
      vertex -51.1095 -50.5392 1.2
      vertex -51.1266 -50.5368 1.2
      vertex -51.0756 -50.5495 1.2
    endloop
  endfacet
  facet normal 0 0 1
    outer loop
      vertex -56.9949 -93.9067 1.2
      vertex -78.2995 -95.1838 1.2
      vertex -56.9953 -93.9082 1.2
    endloop
  endfacet
  facet normal -0 0 1
    outer loop
      vertex -78.5099 -94.8753 1.2
      vertex -78.2995 -95.1838 1.2
      vertex -56.9949 -93.9067 1.2
    endloop
  endfacet
  facet normal -0 0 1
    outer loop
      vertex -78.768 -94.6052 1.2
      vertex -78.5099 -94.8753 1.2
      vertex -56.9949 -93.9067 1.2
    endloop
  endfacet
  facet normal 0 0 1
    outer loop
      vertex -56.9953 -93.9082 1.2
      vertex -58.5658 -103.467 1.2
      vertex -58.3117 -103.275 1.2
    endloop
  endfacet
  facet normal -0 0 1
    outer loop
      vertex -78.0211 -96.5755 1.2
      vertex -58.5658 -103.467 1.2
      vertex -56.9953 -93.9082 1.2
    endloop
  endfacet
  facet normal -0 0 1
    outer loop
      vertex -78.0184 -96.5263 1.2
      vertex -78.0211 -96.5755 1.2
      vertex -56.9953 -93.9082 1.2
    endloop
  endfacet
  facet normal 0 0 1
    outer loop
      vertex -58.5658 -103.467 1.2
      vertex -58.3142 -103.293 1.2
      vertex -58.3117 -103.275 1.2
    endloop
  endfacet
  facet normal 0 -0 1
    outer loop
      vertex -58.3245 -103.327 1.2
      vertex -58.3142 -103.293 1.2
      vertex -58.5658 -103.467 1.2
    endloop
  endfacet
  facet normal 0 -0 1
    outer loop
      vertex -58.34 -103.358 1.2
      vertex -58.3245 -103.327 1.2
      vertex -58.5658 -103.467 1.2
    endloop
  endfacet
  facet normal 0 0 1
    outer loop
      vertex -58.5658 -103.467 1.2
      vertex -58.3604 -103.387 1.2
      vertex -58.34 -103.358 1.2
    endloop
  endfacet
  facet normal 0 -0 1
    outer loop
      vertex -58.385 -103.413 1.2
      vertex -58.3604 -103.387 1.2
      vertex -58.5658 -103.467 1.2
    endloop
  endfacet
  facet normal 0 -0 1
    outer loop
      vertex -58.4132 -103.434 1.2
      vertex -58.385 -103.413 1.2
      vertex -58.5658 -103.467 1.2
    endloop
  endfacet
  facet normal 0 0 1
    outer loop
      vertex -58.5658 -103.467 1.2
      vertex -58.4445 -103.451 1.2
      vertex -58.4132 -103.434 1.2
    endloop
  endfacet
  facet normal 0 -0 1
    outer loop
      vertex -58.478 -103.462 1.2
      vertex -58.4445 -103.451 1.2
      vertex -58.5658 -103.467 1.2
    endloop
  endfacet
  facet normal 0 -0 1
    outer loop
      vertex -58.5129 -103.468 1.2
      vertex -58.478 -103.462 1.2
      vertex -58.5658 -103.467 1.2
    endloop
  endfacet
  facet normal 0 0 1
    outer loop
      vertex -58.5658 -103.467 1.2
      vertex -58.5483 -103.469 1.2
      vertex -58.5129 -103.468 1.2
    endloop
  endfacet
  facet normal 0 0 1
    outer loop
      vertex -78.0211 -96.5755 1.2
      vertex -78.3714 -100.683 1.2
      vertex -58.5658 -103.467 1.2
    endloop
  endfacet
  facet normal -0 0 1
    outer loop
      vertex -78.5627 -100.429 1.2
      vertex -78.3714 -100.683 1.2
      vertex -78.0211 -96.5755 1.2
    endloop
  endfacet
  facet normal -0 0 1
    outer loop
      vertex -78.5651 -100.447 1.2
      vertex -78.3714 -100.683 1.2
      vertex -78.5627 -100.429 1.2
    endloop
  endfacet
  facet normal -0 -0 1
    outer loop
      vertex -78.5645 -100.482 1.2
      vertex -78.3714 -100.683 1.2
      vertex -78.5651 -100.447 1.2
    endloop
  endfacet
  facet normal -0 -0 1
    outer loop
      vertex -78.5584 -100.517 1.2
      vertex -78.3714 -100.683 1.2
      vertex -78.5645 -100.482 1.2
    endloop
  endfacet
  facet normal -0 -0 1
    outer loop
      vertex -78.5468 -100.55 1.2
      vertex -78.3714 -100.683 1.2
      vertex -78.5584 -100.517 1.2
    endloop
  endfacet
  facet normal -0 -0 1
    outer loop
      vertex -78.5302 -100.582 1.2
      vertex -78.3714 -100.683 1.2
      vertex -78.5468 -100.55 1.2
    endloop
  endfacet
  facet normal -0 -0 1
    outer loop
      vertex -78.5089 -100.61 1.2
      vertex -78.3714 -100.683 1.2
      vertex -78.5302 -100.582 1.2
    endloop
  endfacet
  facet normal -0 -0 1
    outer loop
      vertex -78.4834 -100.634 1.2
      vertex -78.3714 -100.683 1.2
      vertex -78.5089 -100.61 1.2
    endloop
  endfacet
  facet normal -0 -0 1
    outer loop
      vertex -78.4544 -100.655 1.2
      vertex -78.3714 -100.683 1.2
      vertex -78.4834 -100.634 1.2
    endloop
  endfacet
  facet normal -0 -0 1
    outer loop
      vertex -78.4225 -100.67 1.2
      vertex -78.3714 -100.683 1.2
      vertex -78.4544 -100.655 1.2
    endloop
  endfacet
  facet normal -0 -0 1
    outer loop
      vertex -78.3887 -100.681 1.2
      vertex -78.3714 -100.683 1.2
      vertex -78.4225 -100.67 1.2
    endloop
  endfacet
  facet normal 0 0 1
    outer loop
      vertex -56.9953 -93.9082 1.2
      vertex -78.0027 -96.2539 1.2
      vertex -78.0184 -96.5263 1.2
    endloop
  endfacet
  facet normal -0 0 1
    outer loop
      vertex -78.0424 -95.8825 1.2
      vertex -78.0027 -96.2539 1.2
      vertex -56.9953 -93.9082 1.2
    endloop
  endfacet
  facet normal -0 0 1
    outer loop
      vertex -78.1422 -95.5226 1.2
      vertex -78.0424 -95.8825 1.2
      vertex -56.9953 -93.9082 1.2
    endloop
  endfacet
  facet normal 0 0 1
    outer loop
      vertex -56.9953 -93.9082 1.2
      vertex -78.2995 -95.1838 1.2
      vertex -78.1422 -95.5226 1.2
    endloop
  endfacet
  facet normal 0 0 1
    outer loop
      vertex -56.9949 -93.9067 1.2
      vertex -79.0667 -94.381 1.2
      vertex -78.768 -94.6052 1.2
    endloop
  endfacet
  facet normal -0 0 1
    outer loop
      vertex -74.4513 -77.4676 1.2
      vertex -79.398 -94.2085 1.2
      vertex -74.1666 -77.4301 1.2
    endloop
  endfacet
  facet normal -0 0 1
    outer loop
      vertex -79.753 -94.0925 1.2
      vertex -79.398 -94.2085 1.2
      vertex -74.4513 -77.4676 1.2
    endloop
  endfacet
  facet normal 0 0 1
    outer loop
      vertex -74.736 -77.4301 1.2
      vertex -79.753 -94.0925 1.2
      vertex -74.4513 -77.4676 1.2
    endloop
  endfacet
  facet normal -0 0 1
    outer loop
      vertex -80.0637 -94.0442 1.2
      vertex -79.753 -94.0925 1.2
      vertex -74.736 -77.4301 1.2
    endloop
  endfacet
  facet normal 0 0 1
    outer loop
      vertex -75.0013 -77.3202 1.2
      vertex -80.0637 -94.0442 1.2
      vertex -74.736 -77.4301 1.2
    endloop
  endfacet
  facet normal -0 0 1
    outer loop
      vertex -95.6916 -89.1864 1.2
      vertex -80.0637 -94.0442 1.2
      vertex -75.0013 -77.3202 1.2
    endloop
  endfacet
  facet normal -0 0 1
    outer loop
      vertex -95.9231 -88.8933 1.2
      vertex -95.6916 -89.1864 1.2
      vertex -75.0013 -77.3202 1.2
    endloop
  endfacet
  facet normal 0 0 1
    outer loop
      vertex -80.0637 -94.0442 1.2
      vertex -80.0118 -94.0529 1.2
      vertex -79.753 -94.0925 1.2
    endloop
  endfacet
  facet normal 0 0 1
    outer loop
      vertex -80.0637 -94.0442 1.2
      vertex -95.317 -90.5571 1.2
      vertex -95.261 -92.9814 1.2
    endloop
  endfacet
  facet normal 0 0 1
    outer loop
      vertex -95.3209 -90.2331 1.2
      vertex -95.317 -90.5571 1.2
      vertex -80.0637 -94.0442 1.2
    endloop
  endfacet
  facet normal 0 0 1
    outer loop
      vertex -95.3864 -89.8654 1.2
      vertex -95.3209 -90.2331 1.2
      vertex -80.0637 -94.0442 1.2
    endloop
  endfacet
  facet normal 0 0 1
    outer loop
      vertex -95.261 -92.9814 1.2
      vertex -95.3131 -92.9722 1.2
      vertex -95.2786 -92.9802 1.2
    endloop
  endfacet
  facet normal 0 0 1
    outer loop
      vertex -95.346 -92.9589 1.2
      vertex -95.3131 -92.9722 1.2
      vertex -95.261 -92.9814 1.2
    endloop
  endfacet
  facet normal 0 0 1
    outer loop
      vertex -95.3763 -92.9407 1.2
      vertex -95.346 -92.9589 1.2
      vertex -95.261 -92.9814 1.2
    endloop
  endfacet
  facet normal 0 0 1
    outer loop
      vertex -95.261 -92.9814 1.2
      vertex -95.4035 -92.9179 1.2
      vertex -95.3763 -92.9407 1.2
    endloop
  endfacet
  facet normal 0 0 1
    outer loop
      vertex -95.4267 -92.8912 1.2
      vertex -95.4035 -92.9179 1.2
      vertex -95.261 -92.9814 1.2
    endloop
  endfacet
  facet normal 0 0 1
    outer loop
      vertex -95.4454 -92.8612 1.2
      vertex -95.4267 -92.8912 1.2
      vertex -95.261 -92.9814 1.2
    endloop
  endfacet
  facet normal 0 0 1
    outer loop
      vertex -95.261 -92.9814 1.2
      vertex -95.4593 -92.8286 1.2
      vertex -95.4454 -92.8612 1.2
    endloop
  endfacet
  facet normal 0 0 1
    outer loop
      vertex -95.4678 -92.7942 1.2
      vertex -95.4593 -92.8286 1.2
      vertex -95.261 -92.9814 1.2
    endloop
  endfacet
  facet normal 0 0 1
    outer loop
      vertex -95.4709 -92.759 1.2
      vertex -95.4678 -92.7942 1.2
      vertex -95.261 -92.9814 1.2
    endloop
  endfacet
  facet normal 0 0 1
    outer loop
      vertex -95.261 -92.9814 1.2
      vertex -95.4697 -92.7413 1.2
      vertex -95.4709 -92.759 1.2
    endloop
  endfacet
  facet normal 0 0 1
    outer loop
      vertex -95.317 -90.5571 1.2
      vertex -95.4697 -92.7413 1.2
      vertex -95.261 -92.9814 1.2
    endloop
  endfacet
  facet normal 0 0 1
    outer loop
      vertex -80.0637 -94.0442 1.2
      vertex -95.5111 -89.5133 1.2
      vertex -95.3864 -89.8654 1.2
    endloop
  endfacet
  facet normal 0 0 1
    outer loop
      vertex -95.6916 -89.1864 1.2
      vertex -95.5111 -89.5133 1.2
      vertex -80.0637 -94.0442 1.2
    endloop
  endfacet
  facet normal 0 0 1
    outer loop
      vertex -75.2291 -77.1454 1.2
      vertex -95.9231 -88.8933 1.2
      vertex -75.0013 -77.3202 1.2
    endloop
  endfacet
  facet normal -0 0 1
    outer loop
      vertex -96.1993 -88.6419 1.2
      vertex -95.9231 -88.8933 1.2
      vertex -75.2291 -77.1454 1.2
    endloop
  endfacet
  facet normal 0 0 1
    outer loop
      vertex -75.404 -76.9176 1.2
      vertex -96.1993 -88.6419 1.2
      vertex -75.2291 -77.1454 1.2
    endloop
  endfacet
  facet normal -0 0 1
    outer loop
      vertex -96.5129 -88.4391 1.2
      vertex -96.1993 -88.6419 1.2
      vertex -75.404 -76.9176 1.2
    endloop
  endfacet
  facet normal 0 0 1
    outer loop
      vertex -75.5138 -76.6523 1.2
      vertex -96.5129 -88.4391 1.2
      vertex -75.404 -76.9176 1.2
    endloop
  endfacet
  facet normal -0 0 1
    outer loop
      vertex -96.8554 -88.2901 1.2
      vertex -96.5129 -88.4391 1.2
      vertex -75.5138 -76.6523 1.2
    endloop
  endfacet
  facet normal 0 0 1
    outer loop
      vertex -75.5513 -76.3676 1.2
      vertex -96.8554 -88.2901 1.2
      vertex -75.5138 -76.6523 1.2
    endloop
  endfacet
  facet normal -0 0 1
    outer loop
      vertex -97.2176 -88.1991 1.2
      vertex -96.8554 -88.2901 1.2
      vertex -75.5513 -76.3676 1.2
    endloop
  endfacet
  facet normal 0 0 1
    outer loop
      vertex -75.5138 -76.0829 1.2
      vertex -97.2176 -88.1991 1.2
      vertex -75.5513 -76.3676 1.2
    endloop
  endfacet
  facet normal -0 0 1
    outer loop
      vertex -97.5404 -88.1726 1.2
      vertex -97.2176 -88.1991 1.2
      vertex -75.5138 -76.0829 1.2
    endloop
  endfacet
  facet normal 0 0 1
    outer loop
      vertex -91.9876 -53.2254 1.2
      vertex -74.736 -75.3051 1.2
      vertex -74.4513 -75.2676 1.2
    endloop
  endfacet
  facet normal -0 0 1
    outer loop
      vertex -92.2154 -53.4002 1.2
      vertex -74.736 -75.3051 1.2
      vertex -91.9876 -53.2254 1.2
    endloop
  endfacet
  facet normal -0 0 1
    outer loop
      vertex -92.4807 -53.5101 1.2
      vertex -74.736 -75.3051 1.2
      vertex -92.2154 -53.4002 1.2
    endloop
  endfacet
  facet normal 0 -0 1
    outer loop
      vertex -75.0013 -75.415 1.2
      vertex -74.736 -75.3051 1.2
      vertex -92.4807 -53.5101 1.2
    endloop
  endfacet
  facet normal 0 -0 1
    outer loop
      vertex -75.2291 -75.5898 1.2
      vertex -75.0013 -75.415 1.2
      vertex -92.4807 -53.5101 1.2
    endloop
  endfacet
  facet normal -0 0 1
    outer loop
      vertex -92.7654 -53.5476 1.2
      vertex -75.2291 -75.5898 1.2
      vertex -92.4807 -53.5101 1.2
    endloop
  endfacet
  facet normal 0 -0 1
    outer loop
      vertex -75.404 -75.8176 1.2
      vertex -75.2291 -75.5898 1.2
      vertex -92.7654 -53.5476 1.2
    endloop
  endfacet
  facet normal 0 0 1
    outer loop
      vertex -93.0501 -53.5101 1.2
      vertex -75.404 -75.8176 1.2
      vertex -92.7654 -53.5476 1.2
    endloop
  endfacet
  facet normal 0 0 1
    outer loop
      vertex -125.718 -92.9976 1.2
      vertex -156.611 -108.01 1.2
      vertex -125.543 -93.2254 1.2
    endloop
  endfacet
  facet normal -0 0 1
    outer loop
      vertex -156.839 -107.835 1.2
      vertex -156.611 -108.01 1.2
      vertex -125.718 -92.9976 1.2
    endloop
  endfacet
  facet normal 0 0 1
    outer loop
      vertex -125.828 -92.7323 1.2
      vertex -156.839 -107.835 1.2
      vertex -125.718 -92.9976 1.2
    endloop
  endfacet
  facet normal -0 0 1
    outer loop
      vertex -157.104 -107.725 1.2
      vertex -156.839 -107.835 1.2
      vertex -125.828 -92.7323 1.2
    endloop
  endfacet
  facet normal 0 0 1
    outer loop
      vertex -125.865 -92.4476 1.2
      vertex -157.104 -107.725 1.2
      vertex -125.828 -92.7323 1.2
    endloop
  endfacet
  facet normal 0 0 1
    outer loop
      vertex -153.564 -117.373 1.2
      vertex -157.389 -109.888 1.2
      vertex -157.673 -109.85 1.2
    endloop
  endfacet
  facet normal 0 0 1
    outer loop
      vertex -90.4831 -39.735 1.2
      vertex -92.2154 -51.4949 1.2
      vertex -91.9876 -51.6698 1.2
    endloop
  endfacet
  facet normal -0 0 1
    outer loop
      vertex -92.4807 -51.3851 1.2
      vertex -92.2154 -51.4949 1.2
      vertex -90.4831 -39.735 1.2
    endloop
  endfacet
  facet normal -0 0 1
    outer loop
      vertex -92.7654 -51.3476 1.2
      vertex -92.4807 -51.3851 1.2
      vertex -90.4831 -39.735 1.2
    endloop
  endfacet
  facet normal 0 0 1
    outer loop
      vertex -113.8 -37.5939 1.2
      vertex -93.5432 -51.6698 1.2
      vertex -93.3154 -51.4949 1.2
    endloop
  endfacet
  facet normal 0 0 1
    outer loop
      vertex -108.318 -88.1726 1.2
      vertex -93.0501 -53.5101 1.2
      vertex -93.3154 -53.4002 1.2
    endloop
  endfacet
  facet normal -0.139169 -0.990269 0
    outer loop
      vertex -69.7644 -47.9175 1.2
      vertex -51.1266 -50.5368 6
      vertex -69.7644 -47.9175 6
    endloop
  endfacet
  facet normal -0.139169 -0.990269 0
    outer loop
      vertex -51.1266 -50.5368 1.2
      vertex -51.1266 -50.5368 6
      vertex -69.7644 -47.9175 1.2
    endloop
  endfacet
  facet normal 0 -0.991482 0.130246
    outer loop
      vertex -169.49 -80.6215 5.62941
      vertex -170.69 -80.6385 5.5
      vertex -169.49 -80.6385 5.5
    endloop
  endfacet
  facet normal 0 -0.991482 0.130246
    outer loop
      vertex -170.69 -80.6215 5.62941
      vertex -170.69 -80.6385 5.5
      vertex -169.49 -80.6215 5.62941
    endloop
  endfacet
  facet normal 0 -0.924015 0.382356
    outer loop
      vertex -169.49 -80.5716 5.75
      vertex -170.69 -80.6215 5.62941
      vertex -169.49 -80.6215 5.62941
    endloop
  endfacet
  facet normal 0 -0.924015 0.382356
    outer loop
      vertex -170.69 -80.5716 5.75
      vertex -170.69 -80.6215 5.62941
      vertex -169.49 -80.5716 5.75
    endloop
  endfacet
  facet normal 0 -0.793193 0.60897
    outer loop
      vertex -169.49 -80.4921 5.85355
      vertex -170.69 -80.5716 5.75
      vertex -169.49 -80.5716 5.75
    endloop
  endfacet
  facet normal 0 -0.793193 0.60897
    outer loop
      vertex -170.69 -80.4921 5.85355
      vertex -170.69 -80.5716 5.75
      vertex -169.49 -80.4921 5.85355
    endloop
  endfacet
  facet normal 0 -0.608592 0.793483
    outer loop
      vertex -169.49 -80.3885 5.93301
      vertex -170.69 -80.4921 5.85355
      vertex -169.49 -80.4921 5.85355
    endloop
  endfacet
  facet normal 0 -0.608592 0.793483
    outer loop
      vertex -170.69 -80.3885 5.93301
      vertex -170.69 -80.4921 5.85355
      vertex -169.49 -80.3885 5.93301
    endloop
  endfacet
  facet normal 0 -0.382927 0.923778
    outer loop
      vertex -169.49 -80.268 5.98296
      vertex -170.69 -80.3885 5.93301
      vertex -169.49 -80.3885 5.93301
    endloop
  endfacet
  facet normal 0 -0.382927 0.923778
    outer loop
      vertex -170.69 -80.268 5.98296
      vertex -170.69 -80.3885 5.93301
      vertex -169.49 -80.268 5.98296
    endloop
  endfacet
  facet normal 0 -0.130458 0.991454
    outer loop
      vertex -169.49 -80.1385 6
      vertex -170.69 -80.268 5.98296
      vertex -169.49 -80.268 5.98296
    endloop
  endfacet
  facet normal 0 -0.130458 0.991454
    outer loop
      vertex -170.69 -80.1385 6
      vertex -170.69 -80.268 5.98296
      vertex -169.49 -80.1385 6
    endloop
  endfacet
  facet normal -1 0 0
    outer loop
      vertex -170.69 -80.1385 6
      vertex -170.69 -80.3885 5.93301
      vertex -170.69 -80.268 5.98296
    endloop
  endfacet
  facet normal -1 0 0
    outer loop
      vertex -170.69 -80.4921 5.85355
      vertex -170.69 -80.3885 5.93301
      vertex -170.69 -80.1385 6
    endloop
  endfacet
  facet normal -1 0 0
    outer loop
      vertex -170.69 -80.5716 5.75
      vertex -170.69 -80.4921 5.85355
      vertex -170.69 -80.1385 6
    endloop
  endfacet
  facet normal -1 0 0
    outer loop
      vertex -170.69 -80.1385 6
      vertex -170.69 -80.6215 5.62941
      vertex -170.69 -80.5716 5.75
    endloop
  endfacet
  facet normal -1 -0 0
    outer loop
      vertex -170.69 -46.3976 6
      vertex -170.69 -80.6215 5.62941
      vertex -170.69 -80.1385 6
    endloop
  endfacet
  facet normal -1 0 0
    outer loop
      vertex -170.69 -80.6385 5.5
      vertex -170.69 -80.6215 5.62941
      vertex -170.69 -46.3976 6
    endloop
  endfacet
  facet normal -1 0 0
    outer loop
      vertex -170.69 -80.6385 5
      vertex -170.69 -80.6385 5.5
      vertex -170.69 -46.3976 6
    endloop
  endfacet
  facet normal -1 0 0
    outer loop
      vertex -170.69 -46.3976 6
      vertex -170.69 -80.6556 4.87059
      vertex -170.69 -80.6385 5
    endloop
  endfacet
  facet normal -1 0 0
    outer loop
      vertex -170.69 -80.7055 4.75
      vertex -170.69 -80.6556 4.87059
      vertex -170.69 -46.3976 6
    endloop
  endfacet
  facet normal -1 0 0
    outer loop
      vertex -170.69 -80.785 4.64645
      vertex -170.69 -80.7055 4.75
      vertex -170.69 -46.3976 6
    endloop
  endfacet
  facet normal -1 0 0
    outer loop
      vertex -170.69 -46.3976 6
      vertex -170.69 -80.8885 4.56699
      vertex -170.69 -80.785 4.64645
    endloop
  endfacet
  facet normal -1 0 0
    outer loop
      vertex -170.69 -81.0091 4.51704
      vertex -170.69 -80.8885 4.56699
      vertex -170.69 -46.3976 6
    endloop
  endfacet
  facet normal -1 0 0
    outer loop
      vertex -170.69 -46.3976 0
      vertex -170.69 -81.0091 4.51704
      vertex -170.69 -46.3976 6
    endloop
  endfacet
  facet normal -1 0 0
    outer loop
      vertex -170.69 -81.1385 4.5
      vertex -170.69 -81.0091 4.51704
      vertex -170.69 -46.3976 0
    endloop
  endfacet
  facet normal -1 0 0
    outer loop
      vertex -170.69 -102.639 0
      vertex -170.69 -81.1385 4.5
      vertex -170.69 -46.3976 0
    endloop
  endfacet
  facet normal -1 0 -0
    outer loop
      vertex -170.69 -95.1385 4.5
      vertex -170.69 -81.1385 4.5
      vertex -170.69 -102.639 0
    endloop
  endfacet
  facet normal -1 0 -0
    outer loop
      vertex -170.69 -95.268 4.51704
      vertex -170.69 -95.1385 4.5
      vertex -170.69 -102.639 0
    endloop
  endfacet
  facet normal -1 0 0
    outer loop
      vertex -170.69 -102.639 6
      vertex -170.69 -95.268 4.51704
      vertex -170.69 -102.639 0
    endloop
  endfacet
  facet normal -1 -0 -0
    outer loop
      vertex -170.69 -95.3885 4.56699
      vertex -170.69 -95.268 4.51704
      vertex -170.69 -102.639 6
    endloop
  endfacet
  facet normal -1 -0 -0
    outer loop
      vertex -170.69 -95.4921 4.64645
      vertex -170.69 -95.3885 4.56699
      vertex -170.69 -102.639 6
    endloop
  endfacet
  facet normal -1 0 0
    outer loop
      vertex -170.69 -102.639 6
      vertex -170.69 -95.5716 4.75
      vertex -170.69 -95.4921 4.64645
    endloop
  endfacet
  facet normal -1 -0 -0
    outer loop
      vertex -170.69 -95.6215 4.87059
      vertex -170.69 -95.5716 4.75
      vertex -170.69 -102.639 6
    endloop
  endfacet
  facet normal -1 -0 -0
    outer loop
      vertex -170.69 -95.6385 5
      vertex -170.69 -95.6215 4.87059
      vertex -170.69 -102.639 6
    endloop
  endfacet
  facet normal -1 0 0
    outer loop
      vertex -170.69 -102.639 6
      vertex -170.69 -95.6385 5.5
      vertex -170.69 -95.6385 5
    endloop
  endfacet
  facet normal -1 -0 -0
    outer loop
      vertex -170.69 -95.6556 5.62941
      vertex -170.69 -95.6385 5.5
      vertex -170.69 -102.639 6
    endloop
  endfacet
  facet normal -1 -0 -0
    outer loop
      vertex -170.69 -95.7055 5.75
      vertex -170.69 -95.6556 5.62941
      vertex -170.69 -102.639 6
    endloop
  endfacet
  facet normal -1 0 0
    outer loop
      vertex -170.69 -102.639 6
      vertex -170.69 -95.785 5.85355
      vertex -170.69 -95.7055 5.75
    endloop
  endfacet
  facet normal -1 -0 -0
    outer loop
      vertex -170.69 -95.8885 5.93301
      vertex -170.69 -95.785 5.85355
      vertex -170.69 -102.639 6
    endloop
  endfacet
  facet normal -1 -0 -0
    outer loop
      vertex -170.69 -96.1385 6
      vertex -170.69 -95.8885 5.93301
      vertex -170.69 -102.639 6
    endloop
  endfacet
  facet normal -1 -0 -0
    outer loop
      vertex -170.69 -96.0091 5.98296
      vertex -170.69 -95.8885 5.93301
      vertex -170.69 -96.1385 6
    endloop
  endfacet
  facet normal 0 -1 0
    outer loop
      vertex -170.69 -80.6385 5.5
      vertex -169.49 -80.6385 5
      vertex -169.49 -80.6385 5.5
    endloop
  endfacet
  facet normal 0 -1 0
    outer loop
      vertex -170.69 -80.6385 5
      vertex -169.49 -80.6385 5
      vertex -170.69 -80.6385 5.5
    endloop
  endfacet
  facet normal 0 -0.130558 0.991441
    outer loop
      vertex -169.49 -81.0091 4.51704
      vertex -170.69 -81.1385 4.5
      vertex -169.49 -81.1385 4.5
    endloop
  endfacet
  facet normal 0 -0.130558 0.991441
    outer loop
      vertex -170.69 -81.0091 4.51704
      vertex -170.69 -81.1385 4.5
      vertex -169.49 -81.0091 4.51704
    endloop
  endfacet
  facet normal 0 -0.382656 0.923891
    outer loop
      vertex -169.49 -80.8885 4.56699
      vertex -170.69 -81.0091 4.51704
      vertex -169.49 -81.0091 4.51704
    endloop
  endfacet
  facet normal 0 -0.382656 0.923891
    outer loop
      vertex -170.69 -80.8885 4.56699
      vertex -170.69 -81.0091 4.51704
      vertex -169.49 -80.8885 4.56699
    endloop
  endfacet
  facet normal 0 -0.608962 0.793199
    outer loop
      vertex -169.49 -80.785 4.64645
      vertex -170.69 -80.8885 4.56699
      vertex -169.49 -80.8885 4.56699
    endloop
  endfacet
  facet normal 0 -0.608962 0.793199
    outer loop
      vertex -170.69 -80.785 4.64645
      vertex -170.69 -80.8885 4.56699
      vertex -169.49 -80.785 4.64645
    endloop
  endfacet
  facet normal 0 -0.793193 0.60897
    outer loop
      vertex -169.49 -80.7055 4.75
      vertex -170.69 -80.785 4.64645
      vertex -169.49 -80.785 4.64645
    endloop
  endfacet
  facet normal 0 -0.793193 0.60897
    outer loop
      vertex -170.69 -80.7055 4.75
      vertex -170.69 -80.785 4.64645
      vertex -169.49 -80.7055 4.75
    endloop
  endfacet
  facet normal 0 -0.924015 0.382356
    outer loop
      vertex -169.49 -80.6556 4.87059
      vertex -170.69 -80.7055 4.75
      vertex -169.49 -80.7055 4.75
    endloop
  endfacet
  facet normal 0 -0.924015 0.382356
    outer loop
      vertex -170.69 -80.6556 4.87059
      vertex -170.69 -80.7055 4.75
      vertex -169.49 -80.6556 4.87059
    endloop
  endfacet
  facet normal 0 -0.991382 0.130999
    outer loop
      vertex -169.49 -80.6385 5
      vertex -170.69 -80.6556 4.87059
      vertex -169.49 -80.6556 4.87059
    endloop
  endfacet
  facet normal 0 -0.991382 0.130999
    outer loop
      vertex -170.69 -80.6385 5
      vertex -170.69 -80.6556 4.87059
      vertex -169.49 -80.6385 5
    endloop
  endfacet
  facet normal 0 0.991482 0.130246
    outer loop
      vertex -169.49 -95.6215 4.87059
      vertex -170.69 -95.6385 5
      vertex -169.49 -95.6385 5
    endloop
  endfacet
  facet normal -0 0.991482 0.130246
    outer loop
      vertex -170.69 -95.6215 4.87059
      vertex -170.69 -95.6385 5
      vertex -169.49 -95.6215 4.87059
    endloop
  endfacet
  facet normal 0 0.924015 0.382356
    outer loop
      vertex -169.49 -95.5716 4.75
      vertex -170.69 -95.6215 4.87059
      vertex -169.49 -95.6215 4.87059
    endloop
  endfacet
  facet normal -0 0.924015 0.382356
    outer loop
      vertex -170.69 -95.5716 4.75
      vertex -170.69 -95.6215 4.87059
      vertex -169.49 -95.5716 4.75
    endloop
  endfacet
  facet normal 0 0.793193 0.60897
    outer loop
      vertex -169.49 -95.4921 4.64645
      vertex -170.69 -95.5716 4.75
      vertex -169.49 -95.5716 4.75
    endloop
  endfacet
  facet normal -0 0.793193 0.60897
    outer loop
      vertex -170.69 -95.4921 4.64645
      vertex -170.69 -95.5716 4.75
      vertex -169.49 -95.4921 4.64645
    endloop
  endfacet
  facet normal 0 0.608592 0.793483
    outer loop
      vertex -169.49 -95.3885 4.56699
      vertex -170.69 -95.4921 4.64645
      vertex -169.49 -95.4921 4.64645
    endloop
  endfacet
  facet normal -0 0.608592 0.793483
    outer loop
      vertex -170.69 -95.3885 4.56699
      vertex -170.69 -95.4921 4.64645
      vertex -169.49 -95.3885 4.56699
    endloop
  endfacet
  facet normal 0 0.382927 0.923778
    outer loop
      vertex -169.49 -95.268 4.51704
      vertex -170.69 -95.3885 4.56699
      vertex -169.49 -95.3885 4.56699
    endloop
  endfacet
  facet normal -0 0.382927 0.923778
    outer loop
      vertex -170.69 -95.268 4.51704
      vertex -170.69 -95.3885 4.56699
      vertex -169.49 -95.268 4.51704
    endloop
  endfacet
  facet normal 0 0.130458 0.991454
    outer loop
      vertex -169.49 -95.1385 4.5
      vertex -170.69 -95.268 4.51704
      vertex -169.49 -95.268 4.51704
    endloop
  endfacet
  facet normal -0 0.130458 0.991454
    outer loop
      vertex -170.69 -95.1385 4.5
      vertex -170.69 -95.268 4.51704
      vertex -169.49 -95.1385 4.5
    endloop
  endfacet
  facet normal -0 0 1
    outer loop
      vertex -170.69 -81.1385 4.5
      vertex -169.49 -95.1385 4.5
      vertex -169.49 -81.1385 4.5
    endloop
  endfacet
  facet normal 0 0 1
    outer loop
      vertex -170.69 -95.1385 4.5
      vertex -169.49 -95.1385 4.5
      vertex -170.69 -81.1385 4.5
    endloop
  endfacet
  facet normal 0 0.130558 0.991441
    outer loop
      vertex -169.49 -96.0091 5.98296
      vertex -170.69 -96.1385 6
      vertex -169.49 -96.1385 6
    endloop
  endfacet
  facet normal -0 0.130558 0.991441
    outer loop
      vertex -170.69 -96.0091 5.98296
      vertex -170.69 -96.1385 6
      vertex -169.49 -96.0091 5.98296
    endloop
  endfacet
  facet normal 0 0.382656 0.923891
    outer loop
      vertex -169.49 -95.8885 5.93301
      vertex -170.69 -96.0091 5.98296
      vertex -169.49 -96.0091 5.98296
    endloop
  endfacet
  facet normal -0 0.382656 0.923891
    outer loop
      vertex -170.69 -95.8885 5.93301
      vertex -170.69 -96.0091 5.98296
      vertex -169.49 -95.8885 5.93301
    endloop
  endfacet
  facet normal 0 0.608962 0.793199
    outer loop
      vertex -169.49 -95.785 5.85355
      vertex -170.69 -95.8885 5.93301
      vertex -169.49 -95.8885 5.93301
    endloop
  endfacet
  facet normal -0 0.608962 0.793199
    outer loop
      vertex -170.69 -95.785 5.85355
      vertex -170.69 -95.8885 5.93301
      vertex -169.49 -95.785 5.85355
    endloop
  endfacet
  facet normal 0 0.793193 0.60897
    outer loop
      vertex -169.49 -95.7055 5.75
      vertex -170.69 -95.785 5.85355
      vertex -169.49 -95.785 5.85355
    endloop
  endfacet
  facet normal -0 0.793193 0.60897
    outer loop
      vertex -170.69 -95.7055 5.75
      vertex -170.69 -95.785 5.85355
      vertex -169.49 -95.7055 5.75
    endloop
  endfacet
  facet normal 0 0.924015 0.382356
    outer loop
      vertex -169.49 -95.6556 5.62941
      vertex -170.69 -95.7055 5.75
      vertex -169.49 -95.7055 5.75
    endloop
  endfacet
  facet normal -0 0.924015 0.382356
    outer loop
      vertex -170.69 -95.6556 5.62941
      vertex -170.69 -95.7055 5.75
      vertex -169.49 -95.6556 5.62941
    endloop
  endfacet
  facet normal 0 0.991382 0.130999
    outer loop
      vertex -169.49 -95.6385 5.5
      vertex -170.69 -95.6556 5.62941
      vertex -169.49 -95.6556 5.62941
    endloop
  endfacet
  facet normal -0 0.991382 0.130999
    outer loop
      vertex -170.69 -95.6385 5.5
      vertex -170.69 -95.6556 5.62941
      vertex -169.49 -95.6385 5.5
    endloop
  endfacet
  facet normal 0 1 0
    outer loop
      vertex -170.69 -95.6385 5
      vertex -169.49 -95.6385 5.5
      vertex -169.49 -95.6385 5
    endloop
  endfacet
  facet normal -0 1 0
    outer loop
      vertex -170.69 -95.6385 5.5
      vertex -169.49 -95.6385 5.5
      vertex -170.69 -95.6385 5
    endloop
  endfacet
  facet normal 1 0 0
    outer loop
      vertex -169.49 -46.3975 6
      vertex -169.49 -80.6385 5.5
      vertex -169.49 -80.6385 5
    endloop
  endfacet
  facet normal 1 -0 0
    outer loop
      vertex -169.49 -80.6215 5.62941
      vertex -169.49 -80.6385 5.5
      vertex -169.49 -46.3975 6
    endloop
  endfacet
  facet normal 1 -0 0
    outer loop
      vertex -169.49 -80.5716 5.75
      vertex -169.49 -80.6215 5.62941
      vertex -169.49 -46.3975 6
    endloop
  endfacet
  facet normal 1 -0 0
    outer loop
      vertex -169.49 -80.1385 6
      vertex -169.49 -80.5716 5.75
      vertex -169.49 -46.3975 6
    endloop
  endfacet
  facet normal 1 -0 0
    outer loop
      vertex -169.49 -80.4921 5.85355
      vertex -169.49 -80.5716 5.75
      vertex -169.49 -80.1385 6
    endloop
  endfacet
  facet normal 1 -0 0
    outer loop
      vertex -169.49 -80.3885 5.93301
      vertex -169.49 -80.4921 5.85355
      vertex -169.49 -80.1385 6
    endloop
  endfacet
  facet normal 1 0 0
    outer loop
      vertex -169.49 -80.1385 6
      vertex -169.49 -80.268 5.98296
      vertex -169.49 -80.3885 5.93301
    endloop
  endfacet
  facet normal 1 0 0
    outer loop
      vertex -169.49 -46.3975 6
      vertex -169.49 -81.0091 4.51704
      vertex -169.49 -46.3975 1.2
    endloop
  endfacet
  facet normal 1 -0 0
    outer loop
      vertex -169.49 -80.8885 4.56699
      vertex -169.49 -81.0091 4.51704
      vertex -169.49 -46.3975 6
    endloop
  endfacet
  facet normal 1 -0 0
    outer loop
      vertex -169.49 -80.785 4.64645
      vertex -169.49 -80.8885 4.56699
      vertex -169.49 -46.3975 6
    endloop
  endfacet
  facet normal 1 -0 0
    outer loop
      vertex -169.49 -81.1385 4.5
      vertex -169.49 -46.3975 1.2
      vertex -169.49 -81.0091 4.51704
    endloop
  endfacet
  facet normal 1 0 0
    outer loop
      vertex -169.49 -102.697 1.2
      vertex -169.49 -46.3975 1.2
      vertex -169.49 -81.1385 4.5
    endloop
  endfacet
  facet normal 1 -0 0
    outer loop
      vertex -169.49 -95.1385 4.5
      vertex -169.49 -102.697 1.2
      vertex -169.49 -81.1385 4.5
    endloop
  endfacet
  facet normal 1 0 0
    outer loop
      vertex -169.49 -95.268 4.51704
      vertex -169.49 -102.697 1.2
      vertex -169.49 -95.1385 4.5
    endloop
  endfacet
  facet normal 1 0 0
    outer loop
      vertex -169.49 -102.697 6
      vertex -169.49 -102.697 1.2
      vertex -169.49 -95.268 4.51704
    endloop
  endfacet
  facet normal 1 0 0
    outer loop
      vertex -169.49 -95.3885 4.56699
      vertex -169.49 -102.697 6
      vertex -169.49 -95.268 4.51704
    endloop
  endfacet
  facet normal 1 0 0
    outer loop
      vertex -169.49 -95.4921 4.64645
      vertex -169.49 -102.697 6
      vertex -169.49 -95.3885 4.56699
    endloop
  endfacet
  facet normal 1 0 0
    outer loop
      vertex -169.49 -95.5716 4.75
      vertex -169.49 -102.697 6
      vertex -169.49 -95.4921 4.64645
    endloop
  endfacet
  facet normal 1 0 0
    outer loop
      vertex -169.49 -95.6215 4.87059
      vertex -169.49 -102.697 6
      vertex -169.49 -95.5716 4.75
    endloop
  endfacet
  facet normal 1 0 0
    outer loop
      vertex -169.49 -95.6385 5
      vertex -169.49 -102.697 6
      vertex -169.49 -95.6215 4.87059
    endloop
  endfacet
  facet normal 1 0 0
    outer loop
      vertex -169.49 -95.6385 5.5
      vertex -169.49 -102.697 6
      vertex -169.49 -95.6385 5
    endloop
  endfacet
  facet normal 1 0 0
    outer loop
      vertex -169.49 -95.6556 5.62941
      vertex -169.49 -102.697 6
      vertex -169.49 -95.6385 5.5
    endloop
  endfacet
  facet normal 1 0 0
    outer loop
      vertex -169.49 -95.7055 5.75
      vertex -169.49 -102.697 6
      vertex -169.49 -95.6556 5.62941
    endloop
  endfacet
  facet normal 1 0 0
    outer loop
      vertex -169.49 -95.785 5.85355
      vertex -169.49 -102.697 6
      vertex -169.49 -95.7055 5.75
    endloop
  endfacet
  facet normal 1 0 0
    outer loop
      vertex -169.49 -95.8885 5.93301
      vertex -169.49 -102.697 6
      vertex -169.49 -95.785 5.85355
    endloop
  endfacet
  facet normal 1 0 0
    outer loop
      vertex -169.49 -96.1385 6
      vertex -169.49 -102.697 6
      vertex -169.49 -95.8885 5.93301
    endloop
  endfacet
  facet normal 1 0 0
    outer loop
      vertex -169.49 -96.0091 5.98296
      vertex -169.49 -96.1385 6
      vertex -169.49 -95.8885 5.93301
    endloop
  endfacet
  facet normal 1 0 0
    outer loop
      vertex -169.49 -46.3975 6
      vertex -169.49 -80.7055 4.75
      vertex -169.49 -80.785 4.64645
    endloop
  endfacet
  facet normal 1 -0 0
    outer loop
      vertex -169.49 -80.6556 4.87059
      vertex -169.49 -80.7055 4.75
      vertex -169.49 -46.3975 6
    endloop
  endfacet
  facet normal 1 -0 0
    outer loop
      vertex -169.49 -80.6385 5
      vertex -169.49 -80.6556 4.87059
      vertex -169.49 -46.3975 6
    endloop
  endfacet
  facet normal -1 0 0
    outer loop
      vertex -110.54 -91.3657 6
      vertex -110.54 -90.3886 1.2
      vertex -110.54 -91.3657 1.2
    endloop
  endfacet
  facet normal -1 -0 -0
    outer loop
      vertex -110.54 -90.3886 6
      vertex -110.54 -90.3886 1.2
      vertex -110.54 -91.3657 6
    endloop
  endfacet
  facet normal -1 0 0
    outer loop
      vertex -117.74 -112.616 6
      vertex -117.74 -93.7886 1.2
      vertex -117.74 -112.616 1.2
    endloop
  endfacet
  facet normal -1 -0 -0
    outer loop
      vertex -117.74 -93.7886 6
      vertex -117.74 -93.7886 1.2
      vertex -117.74 -112.616 6
    endloop
  endfacet
  facet normal -0.493831 0.869558 0
    outer loop
      vertex -170.211 -126.827 6
      vertex -153.564 -117.373 1.2
      vertex -170.211 -126.827 1.2
    endloop
  endfacet
  facet normal -0.493831 0.869558 0
    outer loop
      vertex -153.564 -117.373 6
      vertex -153.564 -117.373 1.2
      vertex -170.211 -126.827 6
    endloop
  endfacet
  facet normal 0.866024 0.500002 0
    outer loop
      vertex -180.01 -110.265 6
      vertex -170.501 -126.735 1.2
      vertex -180.01 -110.265 1.2
    endloop
  endfacet
  facet normal 0.866024 0.500002 0
    outer loop
      vertex -170.501 -126.735 6
      vertex -170.501 -126.735 1.2
      vertex -180.01 -110.265 6
    endloop
  endfacet
  facet normal 0.99629 -0.0860645 0
    outer loop
      vertex -130.974 -38.261 6
      vertex -131.02 -38.7935 1.2
      vertex -130.974 -38.261 1.2
    endloop
  endfacet
  facet normal 0.99629 -0.0860645 0
    outer loop
      vertex -131.02 -38.7935 6
      vertex -131.02 -38.7935 1.2
      vertex -130.974 -38.261 6
    endloop
  endfacet
  facet normal 0.996239 -0.0866528 0
    outer loop
      vertex -112.891 -34.7604 6
      vertex -113.02 -36.2435 1.2
      vertex -112.891 -34.7604 1.2
    endloop
  endfacet
  facet normal 0.996239 -0.0866528 0
    outer loop
      vertex -113.02 -36.2435 6
      vertex -113.02 -36.2435 1.2
      vertex -112.891 -34.7604 6
    endloop
  endfacet
  facet normal -0.990268 0.139173 0
    outer loop
      vertex -53.6633 -70.2002 6
      vertex -50.9355 -50.7909 1.2
      vertex -53.6633 -70.2002 1.2
    endloop
  endfacet
  facet normal -0.990268 0.139173 0
    outer loop
      vertex -50.9355 -50.7909 6
      vertex -50.9355 -50.7909 1.2
      vertex -53.6633 -70.2002 6
    endloop
  endfacet
  facet normal -0.990727 0.135871 0
    outer loop
      vertex -50.9355 -50.7909 6
      vertex -50.9331 -50.7734 1.2
      vertex -50.9355 -50.7909 1.2
    endloop
  endfacet
  facet normal -0.990727 0.135871 0
    outer loop
      vertex -50.9331 -50.7734 6
      vertex -50.9331 -50.7734 1.2
      vertex -50.9355 -50.7909 6
    endloop
  endfacet
  facet normal -0.999856 -0.0169467 -0
    outer loop
      vertex -50.9331 -50.7734 6
      vertex -50.9337 -50.738 1.2
      vertex -50.9331 -50.7734 1.2
    endloop
  endfacet
  facet normal -0.999856 -0.0169467 -0
    outer loop
      vertex -50.9337 -50.738 6
      vertex -50.9337 -50.738 1.2
      vertex -50.9331 -50.7734 6
    endloop
  endfacet
  facet normal -0.985066 -0.172175 -0
    outer loop
      vertex -50.9337 -50.738 6
      vertex -50.9398 -50.7031 1.2
      vertex -50.9337 -50.738 1.2
    endloop
  endfacet
  facet normal -0.985066 -0.172175 -0
    outer loop
      vertex -50.9398 -50.7031 6
      vertex -50.9398 -50.7031 1.2
      vertex -50.9337 -50.738 6
    endloop
  endfacet
  facet normal -0.944953 -0.327207 -0
    outer loop
      vertex -50.9398 -50.7031 6
      vertex -50.9514 -50.6696 1.2
      vertex -50.9398 -50.7031 1.2
    endloop
  endfacet
  facet normal -0.944953 -0.327207 -0
    outer loop
      vertex -50.9514 -50.6696 6
      vertex -50.9514 -50.6696 1.2
      vertex -50.9398 -50.7031 6
    endloop
  endfacet
  facet normal -0.883444 -0.468536 -0
    outer loop
      vertex -50.9514 -50.6696 6
      vertex -50.968 -50.6383 1.2
      vertex -50.9514 -50.6696 1.2
    endloop
  endfacet
  facet normal -0.883444 -0.468536 -0
    outer loop
      vertex -50.968 -50.6383 6
      vertex -50.968 -50.6383 1.2
      vertex -50.9514 -50.6696 6
    endloop
  endfacet
  facet normal -0.798982 -0.601354 -0
    outer loop
      vertex -50.968 -50.6383 6
      vertex -50.9893 -50.61 1.2
      vertex -50.968 -50.6383 1.2
    endloop
  endfacet
  facet normal -0.798982 -0.601354 -0
    outer loop
      vertex -50.9893 -50.61 6
      vertex -50.9893 -50.61 1.2
      vertex -50.968 -50.6383 6
    endloop
  endfacet
  facet normal -0.694292 -0.719693 -0
    outer loop
      vertex -50.9893 -50.61 6
      vertex -51.0148 -50.5854 1.2
      vertex -50.9893 -50.61 1.2
    endloop
  endfacet
  facet normal -0.694292 -0.719693 -0
    outer loop
      vertex -51.0148 -50.5854 6
      vertex -51.0148 -50.5854 1.2
      vertex -50.9893 -50.61 6
    endloop
  endfacet
  facet normal -0.573462 -0.819232 -0
    outer loop
      vertex -51.0148 -50.5854 6
      vertex -51.0438 -50.5651 1.2
      vertex -51.0148 -50.5854 1.2
    endloop
  endfacet
  facet normal -0.573462 -0.819232 -0
    outer loop
      vertex -51.0438 -50.5651 6
      vertex -51.0438 -50.5651 1.2
      vertex -51.0148 -50.5854 6
    endloop
  endfacet
  facet normal -0.440425 -0.897789 -0
    outer loop
      vertex -51.0438 -50.5651 6
      vertex -51.0756 -50.5495 1.2
      vertex -51.0438 -50.5651 1.2
    endloop
  endfacet
  facet normal -0.440425 -0.897789 -0
    outer loop
      vertex -51.0756 -50.5495 6
      vertex -51.0756 -50.5495 1.2
      vertex -51.0438 -50.5651 6
    endloop
  endfacet
  facet normal -0.290712 -0.956811 -0
    outer loop
      vertex -51.0756 -50.5495 6
      vertex -51.1095 -50.5392 1.2
      vertex -51.0756 -50.5495 1.2
    endloop
  endfacet
  facet normal -0.290712 -0.956811 -0
    outer loop
      vertex -51.1095 -50.5392 6
      vertex -51.1095 -50.5392 1.2
      vertex -51.0756 -50.5495 6
    endloop
  endfacet
  facet normal -0.138989 -0.990294 -0
    outer loop
      vertex -51.1095 -50.5392 6
      vertex -51.1266 -50.5368 1.2
      vertex -51.1095 -50.5392 1.2
    endloop
  endfacet
  facet normal -0.138989 -0.990294 -0
    outer loop
      vertex -51.1266 -50.5368 6
      vertex -51.1266 -50.5368 1.2
      vertex -51.1095 -50.5392 6
    endloop
  endfacet
  facet normal -0.22124 -0.975219 -0
    outer loop
      vertex -69.7644 -47.9175 6
      vertex -70.0853 -47.8447 1.2
      vertex -69.7644 -47.9175 1.2
    endloop
  endfacet
  facet normal -0.22124 -0.975219 -0
    outer loop
      vertex -70.0853 -47.8447 6
      vertex -70.0853 -47.8447 1.2
      vertex -69.7644 -47.9175 6
    endloop
  endfacet
  facet normal -0.380048 -0.924967 -0
    outer loop
      vertex -70.0853 -47.8447 6
      vertex -70.4365 -47.7004 1.2
      vertex -70.0853 -47.8447 1.2
    endloop
  endfacet
  facet normal -0.380048 -0.924967 -0
    outer loop
      vertex -70.4365 -47.7004 6
      vertex -70.4365 -47.7004 1.2
      vertex -70.0853 -47.8447 6
    endloop
  endfacet
  facet normal -0.528412 -0.848988 -0
    outer loop
      vertex -70.4365 -47.7004 6
      vertex -70.7588 -47.4998 1.2
      vertex -70.4365 -47.7004 1.2
    endloop
  endfacet
  facet normal -0.528412 -0.848988 -0
    outer loop
      vertex -70.7588 -47.4998 6
      vertex -70.7588 -47.4998 1.2
      vertex -70.4365 -47.7004 6
    endloop
  endfacet
  facet normal -0.661892 -0.7496 -0
    outer loop
      vertex -70.7588 -47.4998 6
      vertex -71.0434 -47.2485 1.2
      vertex -70.7588 -47.4998 1.2
    endloop
  endfacet
  facet normal -0.661892 -0.7496 -0
    outer loop
      vertex -71.0434 -47.2485 6
      vertex -71.0434 -47.2485 1.2
      vertex -70.7588 -47.4998 6
    endloop
  endfacet
  facet normal -0.777233 -0.629213 -0
    outer loop
      vertex -71.0434 -47.2485 6
      vertex -71.2823 -46.9534 1.2
      vertex -71.0434 -47.2485 1.2
    endloop
  endfacet
  facet normal -0.777233 -0.629213 -0
    outer loop
      vertex -71.2823 -46.9534 6
      vertex -71.2823 -46.9534 1.2
      vertex -71.0434 -47.2485 6
    endloop
  endfacet
  facet normal -0.870744 -0.491736 -0
    outer loop
      vertex -71.2823 -46.9534 6
      vertex -71.469 -46.6228 1.2
      vertex -71.2823 -46.9534 1.2
    endloop
  endfacet
  facet normal -0.870744 -0.491736 -0
    outer loop
      vertex -71.469 -46.6228 6
      vertex -71.469 -46.6228 1.2
      vertex -71.2823 -46.9534 6
    endloop
  endfacet
  facet normal -0.9404 -0.340072 -0
    outer loop
      vertex -71.469 -46.6228 6
      vertex -71.5981 -46.2658 1.2
      vertex -71.469 -46.6228 1.2
    endloop
  endfacet
  facet normal -0.9404 -0.340072 -0
    outer loop
      vertex -71.5981 -46.2658 6
      vertex -71.5981 -46.2658 1.2
      vertex -71.469 -46.6228 6
    endloop
  endfacet
  facet normal -0.983781 -0.179372 -0
    outer loop
      vertex -71.5981 -46.2658 6
      vertex -71.6662 -45.8923 1.2
      vertex -71.5981 -46.2658 1.2
    endloop
  endfacet
  facet normal -0.983781 -0.179372 -0
    outer loop
      vertex -71.6662 -45.8923 6
      vertex -71.6662 -45.8923 1.2
      vertex -71.5981 -46.2658 6
    endloop
  endfacet
  facet normal -0.999907 -0.0136599 -0
    outer loop
      vertex -71.6662 -45.8923 6
      vertex -71.6707 -45.5629 1.2
      vertex -71.6662 -45.8923 1.2
    endloop
  endfacet
  facet normal -0.999907 -0.0136599 -0
    outer loop
      vertex -71.6707 -45.5629 6
      vertex -71.6707 -45.5629 1.2
      vertex -71.6662 -45.8923 6
    endloop
  endfacet
  facet normal -0.997564 0.0697547 0
    outer loop
      vertex -71.6707 -45.5629 6
      vertex -71.3724 -41.2969 1.2
      vertex -71.6707 -45.5629 1.2
    endloop
  endfacet
  facet normal -0.997564 0.0697547 0
    outer loop
      vertex -71.3724 -41.2969 6
      vertex -71.3724 -41.2969 1.2
      vertex -71.6707 -45.5629 6
    endloop
  endfacet
  facet normal -0.99771 0.0676413 0
    outer loop
      vertex -71.3724 -41.2969 6
      vertex -71.3712 -41.2792 1.2
      vertex -71.3724 -41.2969 1.2
    endloop
  endfacet
  facet normal -0.99771 0.0676413 0
    outer loop
      vertex -71.3712 -41.2792 6
      vertex -71.3712 -41.2792 1.2
      vertex -71.3724 -41.2969 6
    endloop
  endfacet
  facet normal -0.996144 -0.0877286 -0
    outer loop
      vertex -71.3712 -41.2792 6
      vertex -71.3743 -41.244 1.2
      vertex -71.3712 -41.2792 1.2
    endloop
  endfacet
  facet normal -0.996144 -0.0877286 -0
    outer loop
      vertex -71.3743 -41.244 6
      vertex -71.3743 -41.244 1.2
      vertex -71.3712 -41.2792 6
    endloop
  endfacet
  facet normal -0.970803 -0.239879 -0
    outer loop
      vertex -71.3743 -41.244 6
      vertex -71.3828 -41.2096 1.2
      vertex -71.3743 -41.244 1.2
    endloop
  endfacet
  facet normal -0.970803 -0.239879 -0
    outer loop
      vertex -71.3828 -41.2096 6
      vertex -71.3828 -41.2096 1.2
      vertex -71.3743 -41.244 6
    endloop
  endfacet
  facet normal -0.919873 -0.392216 -0
    outer loop
      vertex -71.3828 -41.2096 6
      vertex -71.3967 -41.177 1.2
      vertex -71.3828 -41.2096 1.2
    endloop
  endfacet
  facet normal -0.919873 -0.392216 -0
    outer loop
      vertex -71.3967 -41.177 6
      vertex -71.3967 -41.177 1.2
      vertex -71.3828 -41.2096 6
    endloop
  endfacet
  facet normal -0.848633 -0.528981 -0
    outer loop
      vertex -71.3967 -41.177 6
      vertex -71.4154 -41.147 1.2
      vertex -71.3967 -41.177 1.2
    endloop
  endfacet
  facet normal -0.848633 -0.528981 -0
    outer loop
      vertex -71.4154 -41.147 6
      vertex -71.4154 -41.147 1.2
      vertex -71.3967 -41.177 6
    endloop
  endfacet
  facet normal -0.75345 -0.657505 -0
    outer loop
      vertex -71.4154 -41.147 6
      vertex -71.4387 -41.1203 1.2
      vertex -71.4154 -41.147 1.2
    endloop
  endfacet
  facet normal -0.75345 -0.657505 -0
    outer loop
      vertex -71.4387 -41.1203 6
      vertex -71.4387 -41.1203 1.2
      vertex -71.4154 -41.147 6
    endloop
  endfacet
  facet normal -0.643788 -0.765204 -0
    outer loop
      vertex -71.4387 -41.1203 6
      vertex -71.4658 -41.0975 1.2
      vertex -71.4387 -41.1203 1.2
    endloop
  endfacet
  facet normal -0.643788 -0.765204 -0
    outer loop
      vertex -71.4658 -41.0975 6
      vertex -71.4658 -41.0975 1.2
      vertex -71.4387 -41.1203 6
    endloop
  endfacet
  facet normal -0.514912 -0.857243 -0
    outer loop
      vertex -71.4658 -41.0975 6
      vertex -71.4961 -41.0793 1.2
      vertex -71.4658 -41.0975 1.2
    endloop
  endfacet
  facet normal -0.514912 -0.857243 -0
    outer loop
      vertex -71.4961 -41.0793 6
      vertex -71.4961 -41.0793 1.2
      vertex -71.4658 -41.0975 6
    endloop
  endfacet
  facet normal -0.374789 -0.92711 -0
    outer loop
      vertex -71.4961 -41.0793 6
      vertex -71.529 -41.066 1.2
      vertex -71.4961 -41.0793 1.2
    endloop
  endfacet
  facet normal -0.374789 -0.92711 -0
    outer loop
      vertex -71.529 -41.066 6
      vertex -71.529 -41.066 1.2
      vertex -71.4961 -41.0793 6
    endloop
  endfacet
  facet normal -0.223208 -0.974771 -0
    outer loop
      vertex -71.529 -41.066 6
      vertex -71.5635 -41.0581 1.2
      vertex -71.529 -41.066 1.2
    endloop
  endfacet
  facet normal -0.223208 -0.974771 -0
    outer loop
      vertex -71.5635 -41.0581 6
      vertex -71.5635 -41.0581 1.2
      vertex -71.529 -41.066 6
    endloop
  endfacet
  facet normal -0.073663 -0.997283 -0
    outer loop
      vertex -71.5635 -41.0581 6
      vertex -71.5811 -41.0568 1.2
      vertex -71.5635 -41.0581 1.2
    endloop
  endfacet
  facet normal -0.073663 -0.997283 -0
    outer loop
      vertex -71.5811 -41.0568 6
      vertex -71.5811 -41.0568 1.2
      vertex -71.5635 -41.0581 6
    endloop
  endfacet
  facet normal -0.0697588 -0.997564 -0
    outer loop
      vertex -71.5811 -41.0568 6
      vertex -90.4831 -39.735 1.2
      vertex -71.5811 -41.0568 1.2
    endloop
  endfacet
  facet normal -0.0697588 -0.997564 -0
    outer loop
      vertex -90.4831 -39.735 6
      vertex -90.4831 -39.735 1.2
      vertex -71.5811 -41.0568 6
    endloop
  endfacet
  facet normal -0.166916 -0.985971 -0
    outer loop
      vertex -90.4831 -39.735 6
      vertex -90.5339 -39.7264 1.2
      vertex -90.4831 -39.735 1.2
    endloop
  endfacet
  facet normal -0.166916 -0.985971 -0
    outer loop
      vertex -90.5339 -39.7264 6
      vertex -90.5339 -39.7264 1.2
      vertex -90.4831 -39.735 6
    endloop
  endfacet
  facet normal -0.152504 -0.988303 -0
    outer loop
      vertex -90.5339 -39.7264 6
      vertex -90.7996 -39.6854 1.2
      vertex -90.5339 -39.7264 1.2
    endloop
  endfacet
  facet normal -0.152504 -0.988303 -0
    outer loop
      vertex -90.7996 -39.6854 6
      vertex -90.7996 -39.6854 1.2
      vertex -90.5339 -39.7264 6
    endloop
  endfacet
  facet normal -0.314489 -0.949261 -0
    outer loop
      vertex -90.7996 -39.6854 6
      vertex -91.16 -39.566 1.2
      vertex -90.7996 -39.6854 1.2
    endloop
  endfacet
  facet normal -0.314489 -0.949261 -0
    outer loop
      vertex -91.16 -39.566 6
      vertex -91.16 -39.566 1.2
      vertex -90.7996 -39.6854 6
    endloop
  endfacet
  facet normal -0.467743 -0.883865 -0
    outer loop
      vertex -91.16 -39.566 6
      vertex -91.4956 -39.3884 1.2
      vertex -91.16 -39.566 1.2
    endloop
  endfacet
  facet normal -0.467743 -0.883865 -0
    outer loop
      vertex -91.4956 -39.3884 6
      vertex -91.4956 -39.3884 1.2
      vertex -91.16 -39.566 6
    endloop
  endfacet
  facet normal -0.608144 -0.793827 -0
    outer loop
      vertex -91.4956 -39.3884 6
      vertex -91.797 -39.1575 1.2
      vertex -91.4956 -39.3884 1.2
    endloop
  endfacet
  facet normal -0.608144 -0.793827 -0
    outer loop
      vertex -91.797 -39.1575 6
      vertex -91.797 -39.1575 1.2
      vertex -91.4956 -39.3884 6
    endloop
  endfacet
  facet normal -0.731309 -0.682046 -0
    outer loop
      vertex -91.797 -39.1575 6
      vertex -92.0559 -38.8799 1.2
      vertex -91.797 -39.1575 1.2
    endloop
  endfacet
  facet normal -0.731309 -0.682046 -0
    outer loop
      vertex -92.0559 -38.8799 6
      vertex -92.0559 -38.8799 1.2
      vertex -91.797 -39.1575 6
    endloop
  endfacet
  facet normal -0.834353 -0.551231 -0
    outer loop
      vertex -92.0559 -38.8799 6
      vertex -92.2652 -38.5631 1.2
      vertex -92.0559 -38.8799 1.2
    endloop
  endfacet
  facet normal -0.834353 -0.551231 -0
    outer loop
      vertex -92.2652 -38.5631 6
      vertex -92.2652 -38.5631 1.2
      vertex -92.0559 -38.8799 6
    endloop
  endfacet
  facet normal -0.91431 -0.405014 -0
    outer loop
      vertex -92.2652 -38.5631 6
      vertex -92.419 -38.2159 1.2
      vertex -92.2652 -38.5631 1.2
    endloop
  endfacet
  facet normal -0.91431 -0.405014 -0
    outer loop
      vertex -92.419 -38.2159 6
      vertex -92.419 -38.2159 1.2
      vertex -92.2652 -38.5631 6
    endloop
  endfacet
  facet normal -0.968922 -0.247367 -0
    outer loop
      vertex -92.419 -38.2159 6
      vertex -92.5129 -37.8481 1.2
      vertex -92.419 -38.2159 1.2
    endloop
  endfacet
  facet normal -0.968922 -0.247367 -0
    outer loop
      vertex -92.5129 -37.8481 6
      vertex -92.5129 -37.8481 1.2
      vertex -92.419 -38.2159 6
    endloop
  endfacet
  facet normal -0.99651 -0.0834725 -0
    outer loop
      vertex -92.5129 -37.8481 6
      vertex -92.5404 -37.5198 1.2
      vertex -92.5129 -37.8481 1.2
    endloop
  endfacet
  facet normal -0.99651 -0.0834725 -0
    outer loop
      vertex -92.5404 -37.5198 6
      vertex -92.5404 -37.5198 1.2
      vertex -92.5129 -37.8481 6
    endloop
  endfacet
  facet normal -1 0 0
    outer loop
      vertex -92.5404 -37.5198 6
      vertex -92.5404 -34.9476 1.2
      vertex -92.5404 -37.5198 1.2
    endloop
  endfacet
  facet normal -1 -0 -0
    outer loop
      vertex -92.5404 -34.9476 6
      vertex -92.5404 -34.9476 1.2
      vertex -92.5404 -37.5198 6
    endloop
  endfacet
  facet normal -1 0 0
    outer loop
      vertex -92.5404 -34.9476 6
      vertex -92.5404 -34.9299 1.2
      vertex -92.5404 -34.9476 1.2
    endloop
  endfacet
  facet normal -1 -0 -0
    outer loop
      vertex -92.5404 -34.9299 6
      vertex -92.5404 -34.9299 1.2
      vertex -92.5404 -34.9476 6
    endloop
  endfacet
  facet normal -0.987877 -0.155238 -0
    outer loop
      vertex -92.5404 -34.9299 6
      vertex -92.5459 -34.8949 1.2
      vertex -92.5404 -34.9299 1.2
    endloop
  endfacet
  facet normal -0.987877 -0.155238 -0
    outer loop
      vertex -92.5459 -34.8949 6
      vertex -92.5459 -34.8949 1.2
      vertex -92.5404 -34.9299 6
    endloop
  endfacet
  facet normal -0.950639 -0.310298 -0
    outer loop
      vertex -92.5459 -34.8949 6
      vertex -92.5569 -34.8612 1.2
      vertex -92.5459 -34.8949 1.2
    endloop
  endfacet
  facet normal -0.950639 -0.310298 -0
    outer loop
      vertex -92.5569 -34.8612 6
      vertex -92.5569 -34.8612 1.2
      vertex -92.5459 -34.8949 6
    endloop
  endfacet
  facet normal -0.890435 -0.455111 -0
    outer loop
      vertex -92.5569 -34.8612 6
      vertex -92.573 -34.8297 1.2
      vertex -92.5569 -34.8612 1.2
    endloop
  endfacet
  facet normal -0.890435 -0.455111 -0
    outer loop
      vertex -92.573 -34.8297 6
      vertex -92.573 -34.8297 1.2
      vertex -92.5569 -34.8612 6
    endloop
  endfacet
  facet normal -0.809711 -0.586829 -0
    outer loop
      vertex -92.573 -34.8297 6
      vertex -92.5938 -34.801 1.2
      vertex -92.573 -34.8297 1.2
    endloop
  endfacet
  facet normal -0.809711 -0.586829 -0
    outer loop
      vertex -92.5938 -34.801 6
      vertex -92.5938 -34.801 1.2
      vertex -92.573 -34.8297 6
    endloop
  endfacet
  facet normal -0.707107 -0.707107 -0
    outer loop
      vertex -92.5938 -34.801 6
      vertex -92.6188 -34.776 1.2
      vertex -92.5938 -34.801 1.2
    endloop
  endfacet
  facet normal -0.707107 -0.707107 -0
    outer loop
      vertex -92.6188 -34.776 6
      vertex -92.6188 -34.776 1.2
      vertex -92.5938 -34.801 6
    endloop
  endfacet
  facet normal -0.586829 -0.809711 -0
    outer loop
      vertex -92.6188 -34.776 6
      vertex -92.6475 -34.7552 1.2
      vertex -92.6188 -34.776 1.2
    endloop
  endfacet
  facet normal -0.586829 -0.809711 -0
    outer loop
      vertex -92.6475 -34.7552 6
      vertex -92.6475 -34.7552 1.2
      vertex -92.6188 -34.776 6
    endloop
  endfacet
  facet normal -0.455111 -0.890435 -0
    outer loop
      vertex -92.6475 -34.7552 6
      vertex -92.679 -34.7391 1.2
      vertex -92.6475 -34.7552 1.2
    endloop
  endfacet
  facet normal -0.455111 -0.890435 -0
    outer loop
      vertex -92.679 -34.7391 6
      vertex -92.679 -34.7391 1.2
      vertex -92.6475 -34.7552 6
    endloop
  endfacet
  facet normal -0.310298 -0.950639 -0
    outer loop
      vertex -92.679 -34.7391 6
      vertex -92.7127 -34.7281 1.2
      vertex -92.679 -34.7391 1.2
    endloop
  endfacet
  facet normal -0.310298 -0.950639 -0
    outer loop
      vertex -92.7127 -34.7281 6
      vertex -92.7127 -34.7281 1.2
      vertex -92.679 -34.7391 6
    endloop
  endfacet
  facet normal -0.155238 -0.987877 -0
    outer loop
      vertex -92.7127 -34.7281 6
      vertex -92.7477 -34.7226 1.2
      vertex -92.7127 -34.7281 1.2
    endloop
  endfacet
  facet normal -0.155238 -0.987877 -0
    outer loop
      vertex -92.7477 -34.7226 6
      vertex -92.7477 -34.7226 1.2
      vertex -92.7127 -34.7281 6
    endloop
  endfacet
  facet normal 0 -1 -0
    outer loop
      vertex -92.7477 -34.7226 6
      vertex -92.7654 -34.7226 1.2
      vertex -92.7477 -34.7226 1.2
    endloop
  endfacet
  facet normal 0 -1 0
    outer loop
      vertex -92.7654 -34.7226 6
      vertex -92.7654 -34.7226 1.2
      vertex -92.7477 -34.7226 6
    endloop
  endfacet
  facet normal 0 -1 -0
    outer loop
      vertex -92.7654 -34.7226 6
      vertex -112.783 -34.7226 1.2
      vertex -92.7654 -34.7226 1.2
    endloop
  endfacet
  facet normal 0 -1 0
    outer loop
      vertex -112.783 -34.7226 6
      vertex -112.783 -34.7226 1.2
      vertex -92.7654 -34.7226 6
    endloop
  endfacet
  facet normal 0.155238 -0.987877 0
    outer loop
      vertex -112.783 -34.7226 6
      vertex -112.818 -34.7281 1.2
      vertex -112.783 -34.7226 1.2
    endloop
  endfacet
  facet normal 0.155238 -0.987877 0
    outer loop
      vertex -112.818 -34.7281 6
      vertex -112.818 -34.7281 1.2
      vertex -112.783 -34.7226 6
    endloop
  endfacet
  facet normal 0.30782 -0.951445 0
    outer loop
      vertex -112.818 -34.7281 6
      vertex -112.852 -34.7391 1.2
      vertex -112.818 -34.7281 1.2
    endloop
  endfacet
  facet normal 0.30782 -0.951445 0
    outer loop
      vertex -112.852 -34.7391 6
      vertex -112.852 -34.7391 1.2
      vertex -112.818 -34.7281 6
    endloop
  endfacet
  facet normal 0.458643 -0.888621 0
    outer loop
      vertex -112.852 -34.7391 6
      vertex -112.883 -34.7551 1.2
      vertex -112.852 -34.7391 1.2
    endloop
  endfacet
  facet normal 0.458643 -0.888621 0
    outer loop
      vertex -112.883 -34.7551 6
      vertex -112.883 -34.7551 1.2
      vertex -112.852 -34.7391 6
    endloop
  endfacet
  facet normal 0.552293 -0.83365 0
    outer loop
      vertex -112.891 -34.7604 1.2
      vertex -112.883 -34.7551 6
      vertex -112.891 -34.7604 6
    endloop
  endfacet
  facet normal 0.552293 -0.83365 0
    outer loop
      vertex -112.883 -34.7551 1.2
      vertex -112.883 -34.7551 6
      vertex -112.891 -34.7604 1.2
    endloop
  endfacet
  facet normal 0.965824 -0.259197 0
    outer loop
      vertex -113.02 -36.2435 6
      vertex -113.123 -36.6273 1.2
      vertex -113.02 -36.2435 1.2
    endloop
  endfacet
  facet normal 0.965824 -0.259197 0
    outer loop
      vertex -113.123 -36.6273 6
      vertex -113.123 -36.6273 1.2
      vertex -113.02 -36.2435 6
    endloop
  endfacet
  facet normal 0.906228 -0.422789 0
    outer loop
      vertex -113.123 -36.6273 6
      vertex -113.291 -36.9874 1.2
      vertex -113.123 -36.6273 1.2
    endloop
  endfacet
  facet normal 0.906228 -0.422789 0
    outer loop
      vertex -113.291 -36.9874 6
      vertex -113.291 -36.9874 1.2
      vertex -113.123 -36.6273 6
    endloop
  endfacet
  facet normal 0.819055 -0.573716 0
    outer loop
      vertex -113.291 -36.9874 6
      vertex -113.519 -37.3129 1.2
      vertex -113.291 -36.9874 1.2
    endloop
  endfacet
  facet normal 0.819055 -0.573716 0
    outer loop
      vertex -113.519 -37.3129 6
      vertex -113.519 -37.3129 1.2
      vertex -113.291 -36.9874 6
    endloop
  endfacet
  facet normal 0.707107 -0.707107 0
    outer loop
      vertex -113.519 -37.3129 6
      vertex -113.8 -37.5939 1.2
      vertex -113.519 -37.3129 1.2
    endloop
  endfacet
  facet normal 0.707107 -0.707107 0
    outer loop
      vertex -113.8 -37.5939 6
      vertex -113.8 -37.5939 1.2
      vertex -113.519 -37.3129 6
    endloop
  endfacet
  facet normal 0.572956 -0.819586 0
    outer loop
      vertex -113.8 -37.5939 6
      vertex -114.126 -37.8218 1.2
      vertex -113.8 -37.5939 1.2
    endloop
  endfacet
  facet normal 0.572956 -0.819586 0
    outer loop
      vertex -114.126 -37.8218 6
      vertex -114.126 -37.8218 1.2
      vertex -113.8 -37.5939 6
    endloop
  endfacet
  facet normal 0.422679 -0.90628 0
    outer loop
      vertex -114.126 -37.8218 6
      vertex -114.486 -37.9897 1.2
      vertex -114.126 -37.8218 1.2
    endloop
  endfacet
  facet normal 0.422679 -0.90628 0
    outer loop
      vertex -114.486 -37.9897 6
      vertex -114.486 -37.9897 1.2
      vertex -114.126 -37.8218 6
    endloop
  endfacet
  facet normal 0.258602 -0.965984 0
    outer loop
      vertex -114.486 -37.9897 6
      vertex -114.87 -38.0925 1.2
      vertex -114.486 -37.9897 1.2
    endloop
  endfacet
  facet normal 0.258602 -0.965984 0
    outer loop
      vertex -114.87 -38.0925 6
      vertex -114.87 -38.0925 1.2
      vertex -114.486 -37.9897 6
    endloop
  endfacet
  facet normal 0.0874191 -0.996172 0
    outer loop
      vertex -114.87 -38.0925 6
      vertex -115.213 -38.1226 1.2
      vertex -114.87 -38.0925 1.2
    endloop
  endfacet
  facet normal 0.0874191 -0.996172 0
    outer loop
      vertex -115.213 -38.1226 6
      vertex -115.213 -38.1226 1.2
      vertex -114.87 -38.0925 6
    endloop
  endfacet
  facet normal 0 -1 -0
    outer loop
      vertex -115.213 -38.1226 6
      vertex -130.783 -38.1226 1.2
      vertex -115.213 -38.1226 1.2
    endloop
  endfacet
  facet normal 0 -1 0
    outer loop
      vertex -130.783 -38.1226 6
      vertex -130.783 -38.1226 1.2
      vertex -115.213 -38.1226 6
    endloop
  endfacet
  facet normal 0.155238 -0.987877 0
    outer loop
      vertex -130.783 -38.1226 6
      vertex -130.818 -38.1281 1.2
      vertex -130.783 -38.1226 1.2
    endloop
  endfacet
  facet normal 0.155238 -0.987877 0
    outer loop
      vertex -130.818 -38.1281 6
      vertex -130.818 -38.1281 1.2
      vertex -130.783 -38.1226 6
    endloop
  endfacet
  facet normal 0.30782 -0.951445 0
    outer loop
      vertex -130.818 -38.1281 6
      vertex -130.852 -38.1391 1.2
      vertex -130.818 -38.1281 1.2
    endloop
  endfacet
  facet normal 0.30782 -0.951445 0
    outer loop
      vertex -130.852 -38.1391 6
      vertex -130.852 -38.1391 1.2
      vertex -130.818 -38.1281 6
    endloop
  endfacet
  facet normal 0.458643 -0.888621 0
    outer loop
      vertex -130.852 -38.1391 6
      vertex -130.883 -38.1551 1.2
      vertex -130.852 -38.1391 1.2
    endloop
  endfacet
  facet normal 0.458643 -0.888621 0
    outer loop
      vertex -130.883 -38.1551 6
      vertex -130.883 -38.1551 1.2
      vertex -130.852 -38.1391 6
    endloop
  endfacet
  facet normal 0.582827 -0.812596 0
    outer loop
      vertex -130.883 -38.1551 6
      vertex -130.912 -38.1759 1.2
      vertex -130.883 -38.1551 1.2
    endloop
  endfacet
  facet normal 0.582827 -0.812596 0
    outer loop
      vertex -130.912 -38.1759 6
      vertex -130.912 -38.1759 1.2
      vertex -130.883 -38.1551 6
    endloop
  endfacet
  facet normal 0.708517 -0.705694 0
    outer loop
      vertex -130.912 -38.1759 6
      vertex -130.937 -38.201 1.2
      vertex -130.912 -38.1759 1.2
    endloop
  endfacet
  facet normal 0.708517 -0.705694 0
    outer loop
      vertex -130.937 -38.201 6
      vertex -130.937 -38.201 1.2
      vertex -130.912 -38.1759 6
    endloop
  endfacet
  facet normal 0.806046 -0.591852 0
    outer loop
      vertex -130.937 -38.201 6
      vertex -130.958 -38.2296 1.2
      vertex -130.937 -38.201 1.2
    endloop
  endfacet
  facet normal 0.806046 -0.591852 0
    outer loop
      vertex -130.958 -38.2296 6
      vertex -130.958 -38.2296 1.2
      vertex -130.937 -38.201 6
    endloop
  endfacet
  facet normal 0.890996 -0.454011 0
    outer loop
      vertex -130.974 -38.261 1.2
      vertex -130.958 -38.2296 6
      vertex -130.974 -38.261 6
    endloop
  endfacet
  facet normal 0.890996 -0.454011 0
    outer loop
      vertex -130.958 -38.2296 1.2
      vertex -130.958 -38.2296 6
      vertex -130.974 -38.261 1.2
    endloop
  endfacet
  facet normal 0.965824 -0.259197 0
    outer loop
      vertex -131.02 -38.7935 6
      vertex -131.123 -39.1773 1.2
      vertex -131.02 -38.7935 1.2
    endloop
  endfacet
  facet normal 0.965824 -0.259197 0
    outer loop
      vertex -131.123 -39.1773 6
      vertex -131.123 -39.1773 1.2
      vertex -131.02 -38.7935 6
    endloop
  endfacet
  facet normal 0.906228 -0.422789 0
    outer loop
      vertex -131.123 -39.1773 6
      vertex -131.291 -39.5374 1.2
      vertex -131.123 -39.1773 1.2
    endloop
  endfacet
  facet normal 0.906228 -0.422789 0
    outer loop
      vertex -131.291 -39.5374 6
      vertex -131.291 -39.5374 1.2
      vertex -131.123 -39.1773 6
    endloop
  endfacet
  facet normal 0.819055 -0.573716 0
    outer loop
      vertex -131.291 -39.5374 6
      vertex -131.519 -39.8629 1.2
      vertex -131.291 -39.5374 1.2
    endloop
  endfacet
  facet normal 0.819055 -0.573716 0
    outer loop
      vertex -131.519 -39.8629 6
      vertex -131.519 -39.8629 1.2
      vertex -131.291 -39.5374 6
    endloop
  endfacet
  facet normal 0.707107 -0.707107 0
    outer loop
      vertex -131.519 -39.8629 6
      vertex -131.8 -40.1439 1.2
      vertex -131.519 -39.8629 1.2
    endloop
  endfacet
  facet normal 0.707107 -0.707107 0
    outer loop
      vertex -131.8 -40.1439 6
      vertex -131.8 -40.1439 1.2
      vertex -131.519 -39.8629 6
    endloop
  endfacet
  facet normal 0.572956 -0.819586 0
    outer loop
      vertex -131.8 -40.1439 6
      vertex -132.126 -40.3718 1.2
      vertex -131.8 -40.1439 1.2
    endloop
  endfacet
  facet normal 0.572956 -0.819586 0
    outer loop
      vertex -132.126 -40.3718 6
      vertex -132.126 -40.3718 1.2
      vertex -131.8 -40.1439 6
    endloop
  endfacet
  facet normal 0.422679 -0.90628 0
    outer loop
      vertex -132.126 -40.3718 6
      vertex -132.486 -40.5397 1.2
      vertex -132.126 -40.3718 1.2
    endloop
  endfacet
  facet normal 0.422679 -0.90628 0
    outer loop
      vertex -132.486 -40.5397 6
      vertex -132.486 -40.5397 1.2
      vertex -132.126 -40.3718 6
    endloop
  endfacet
  facet normal 0.258602 -0.965984 0
    outer loop
      vertex -132.486 -40.5397 6
      vertex -132.87 -40.6425 1.2
      vertex -132.486 -40.5397 1.2
    endloop
  endfacet
  facet normal 0.258602 -0.965984 0
    outer loop
      vertex -132.87 -40.6425 6
      vertex -132.87 -40.6425 1.2
      vertex -132.486 -40.5397 6
    endloop
  endfacet
  facet normal 0.0874191 -0.996172 0
    outer loop
      vertex -132.87 -40.6425 6
      vertex -133.213 -40.6726 1.2
      vertex -132.87 -40.6425 1.2
    endloop
  endfacet
  facet normal 0.0874191 -0.996172 0
    outer loop
      vertex -133.213 -40.6726 6
      vertex -133.213 -40.6726 1.2
      vertex -132.87 -40.6425 6
    endloop
  endfacet
  facet normal 0 -1 -0
    outer loop
      vertex -133.213 -40.6726 6
      vertex -148.783 -40.6726 1.2
      vertex -133.213 -40.6726 1.2
    endloop
  endfacet
  facet normal 0 -1 0
    outer loop
      vertex -148.783 -40.6726 6
      vertex -148.783 -40.6726 1.2
      vertex -133.213 -40.6726 6
    endloop
  endfacet
  facet normal 0.155238 -0.987877 0
    outer loop
      vertex -148.783 -40.6726 6
      vertex -148.818 -40.6781 1.2
      vertex -148.783 -40.6726 1.2
    endloop
  endfacet
  facet normal 0.155238 -0.987877 0
    outer loop
      vertex -148.818 -40.6781 6
      vertex -148.818 -40.6781 1.2
      vertex -148.783 -40.6726 6
    endloop
  endfacet
  facet normal 0.30782 -0.951445 0
    outer loop
      vertex -148.818 -40.6781 6
      vertex -148.852 -40.6891 1.2
      vertex -148.818 -40.6781 1.2
    endloop
  endfacet
  facet normal 0.30782 -0.951445 0
    outer loop
      vertex -148.852 -40.6891 6
      vertex -148.852 -40.6891 1.2
      vertex -148.818 -40.6781 6
    endloop
  endfacet
  facet normal 0.458643 -0.888621 0
    outer loop
      vertex -148.852 -40.6891 6
      vertex -148.883 -40.7051 1.2
      vertex -148.852 -40.6891 1.2
    endloop
  endfacet
  facet normal 0.458643 -0.888621 0
    outer loop
      vertex -148.883 -40.7051 6
      vertex -148.883 -40.7051 1.2
      vertex -148.852 -40.6891 6
    endloop
  endfacet
  facet normal 0.582827 -0.812596 0
    outer loop
      vertex -148.883 -40.7051 6
      vertex -148.912 -40.7259 1.2
      vertex -148.883 -40.7051 1.2
    endloop
  endfacet
  facet normal 0.582827 -0.812596 0
    outer loop
      vertex -148.912 -40.7259 6
      vertex -148.912 -40.7259 1.2
      vertex -148.883 -40.7051 6
    endloop
  endfacet
  facet normal 0.708517 -0.705694 0
    outer loop
      vertex -148.912 -40.7259 6
      vertex -148.937 -40.751 1.2
      vertex -148.912 -40.7259 1.2
    endloop
  endfacet
  facet normal 0.708517 -0.705694 0
    outer loop
      vertex -148.937 -40.751 6
      vertex -148.937 -40.751 1.2
      vertex -148.912 -40.7259 6
    endloop
  endfacet
  facet normal 0.806046 -0.591852 0
    outer loop
      vertex -148.937 -40.751 6
      vertex -148.958 -40.7796 1.2
      vertex -148.937 -40.751 1.2
    endloop
  endfacet
  facet normal 0.806046 -0.591852 0
    outer loop
      vertex -148.958 -40.7796 6
      vertex -148.958 -40.7796 1.2
      vertex -148.937 -40.751 6
    endloop
  endfacet
  facet normal 0.892157 -0.451725 0
    outer loop
      vertex -148.958 -40.7796 6
      vertex -148.974 -40.8112 1.2
      vertex -148.958 -40.7796 1.2
    endloop
  endfacet
  facet normal 0.892157 -0.451725 0
    outer loop
      vertex -148.974 -40.8112 6
      vertex -148.974 -40.8112 1.2
      vertex -148.958 -40.7796 6
    endloop
  endfacet
  facet normal 0.950367 -0.311132 0
    outer loop
      vertex -148.974 -40.8112 6
      vertex -148.985 -40.8448 1.2
      vertex -148.974 -40.8112 1.2
    endloop
  endfacet
  facet normal 0.950367 -0.311132 0
    outer loop
      vertex -148.985 -40.8448 6
      vertex -148.985 -40.8448 1.2
      vertex -148.974 -40.8112 6
    endloop
  endfacet
  facet normal 0.989949 -0.141421 0
    outer loop
      vertex -148.985 -40.8448 6
      vertex -148.99 -40.8798 1.2
      vertex -148.985 -40.8448 1.2
    endloop
  endfacet
  facet normal 0.989949 -0.141421 0
    outer loop
      vertex -148.99 -40.8798 6
      vertex -148.99 -40.8798 1.2
      vertex -148.985 -40.8448 6
    endloop
  endfacet
  facet normal 1 0 0
    outer loop
      vertex -148.99 -40.8798 6
      vertex -148.99 -40.8975 1.2
      vertex -148.99 -40.8798 1.2
    endloop
  endfacet
  facet normal 1 -0 0
    outer loop
      vertex -148.99 -40.8975 6
      vertex -148.99 -40.8975 1.2
      vertex -148.99 -40.8798 6
    endloop
  endfacet
  facet normal 1 0 0
    outer loop
      vertex -148.99 -43.9508 1.2
      vertex -148.99 -40.8975 6
      vertex -148.99 -43.9508 6
    endloop
  endfacet
  facet normal 1 0 -0
    outer loop
      vertex -148.99 -40.8975 1.2
      vertex -148.99 -40.8975 6
      vertex -148.99 -43.9508 1.2
    endloop
  endfacet
  facet normal 0.99619 -0.0872066 0
    outer loop
      vertex -148.99 -43.9508 6
      vertex -149.02 -44.2935 1.2
      vertex -148.99 -43.9508 1.2
    endloop
  endfacet
  facet normal 0.99619 -0.0872066 0
    outer loop
      vertex -149.02 -44.2935 6
      vertex -149.02 -44.2935 1.2
      vertex -148.99 -43.9508 6
    endloop
  endfacet
  facet normal 0.965824 -0.259197 0
    outer loop
      vertex -149.02 -44.2935 6
      vertex -149.123 -44.6773 1.2
      vertex -149.02 -44.2935 1.2
    endloop
  endfacet
  facet normal 0.965824 -0.259197 0
    outer loop
      vertex -149.123 -44.6773 6
      vertex -149.123 -44.6773 1.2
      vertex -149.02 -44.2935 6
    endloop
  endfacet
  facet normal 0.906228 -0.422789 0
    outer loop
      vertex -149.123 -44.6773 6
      vertex -149.291 -45.0374 1.2
      vertex -149.123 -44.6773 1.2
    endloop
  endfacet
  facet normal 0.906228 -0.422789 0
    outer loop
      vertex -149.291 -45.0374 6
      vertex -149.291 -45.0374 1.2
      vertex -149.123 -44.6773 6
    endloop
  endfacet
  facet normal 0.819055 -0.573716 0
    outer loop
      vertex -149.291 -45.0374 6
      vertex -149.519 -45.3629 1.2
      vertex -149.291 -45.0374 1.2
    endloop
  endfacet
  facet normal 0.819055 -0.573716 0
    outer loop
      vertex -149.519 -45.3629 6
      vertex -149.519 -45.3629 1.2
      vertex -149.291 -45.0374 6
    endloop
  endfacet
  facet normal 0.707107 -0.707107 0
    outer loop
      vertex -149.519 -45.3629 6
      vertex -149.8 -45.6439 1.2
      vertex -149.519 -45.3629 1.2
    endloop
  endfacet
  facet normal 0.707107 -0.707107 0
    outer loop
      vertex -149.8 -45.6439 6
      vertex -149.8 -45.6439 1.2
      vertex -149.519 -45.3629 6
    endloop
  endfacet
  facet normal 0.572956 -0.819586 0
    outer loop
      vertex -149.8 -45.6439 6
      vertex -150.126 -45.8718 1.2
      vertex -149.8 -45.6439 1.2
    endloop
  endfacet
  facet normal 0.572956 -0.819586 0
    outer loop
      vertex -150.126 -45.8718 6
      vertex -150.126 -45.8718 1.2
      vertex -149.8 -45.6439 6
    endloop
  endfacet
  facet normal 0.422679 -0.90628 0
    outer loop
      vertex -150.126 -45.8718 6
      vertex -150.486 -46.0397 1.2
      vertex -150.126 -45.8718 1.2
    endloop
  endfacet
  facet normal 0.422679 -0.90628 0
    outer loop
      vertex -150.486 -46.0397 6
      vertex -150.486 -46.0397 1.2
      vertex -150.126 -45.8718 6
    endloop
  endfacet
  facet normal 0.258602 -0.965984 0
    outer loop
      vertex -150.486 -46.0397 6
      vertex -150.87 -46.1425 1.2
      vertex -150.486 -46.0397 1.2
    endloop
  endfacet
  facet normal 0.258602 -0.965984 0
    outer loop
      vertex -150.87 -46.1425 6
      vertex -150.87 -46.1425 1.2
      vertex -150.486 -46.0397 6
    endloop
  endfacet
  facet normal 0.0874191 -0.996172 0
    outer loop
      vertex -150.87 -46.1425 6
      vertex -151.213 -46.1726 1.2
      vertex -150.87 -46.1425 1.2
    endloop
  endfacet
  facet normal 0.0874191 -0.996172 0
    outer loop
      vertex -151.213 -46.1726 6
      vertex -151.213 -46.1726 1.2
      vertex -150.87 -46.1425 6
    endloop
  endfacet
  facet normal 0 -1 -0
    outer loop
      vertex -151.213 -46.1726 6
      vertex -169.283 -46.1726 1.2
      vertex -151.213 -46.1726 1.2
    endloop
  endfacet
  facet normal 0 -1 0
    outer loop
      vertex -169.283 -46.1726 6
      vertex -169.283 -46.1726 1.2
      vertex -151.213 -46.1726 6
    endloop
  endfacet
  facet normal 0.155238 -0.987877 0
    outer loop
      vertex -169.283 -46.1726 6
      vertex -169.318 -46.1781 1.2
      vertex -169.283 -46.1726 1.2
    endloop
  endfacet
  facet normal 0.155238 -0.987877 0
    outer loop
      vertex -169.318 -46.1781 6
      vertex -169.318 -46.1781 1.2
      vertex -169.283 -46.1726 6
    endloop
  endfacet
  facet normal 0.30782 -0.951445 0
    outer loop
      vertex -169.318 -46.1781 6
      vertex -169.352 -46.1891 1.2
      vertex -169.318 -46.1781 1.2
    endloop
  endfacet
  facet normal 0.30782 -0.951445 0
    outer loop
      vertex -169.352 -46.1891 6
      vertex -169.352 -46.1891 1.2
      vertex -169.318 -46.1781 6
    endloop
  endfacet
  facet normal 0.458643 -0.888621 0
    outer loop
      vertex -169.352 -46.1891 6
      vertex -169.383 -46.2051 1.2
      vertex -169.352 -46.1891 1.2
    endloop
  endfacet
  facet normal 0.458643 -0.888621 0
    outer loop
      vertex -169.383 -46.2051 6
      vertex -169.383 -46.2051 1.2
      vertex -169.352 -46.1891 6
    endloop
  endfacet
  facet normal 0.582827 -0.812596 0
    outer loop
      vertex -169.383 -46.2051 6
      vertex -169.412 -46.2259 1.2
      vertex -169.383 -46.2051 1.2
    endloop
  endfacet
  facet normal 0.582827 -0.812596 0
    outer loop
      vertex -169.412 -46.2259 6
      vertex -169.412 -46.2259 1.2
      vertex -169.383 -46.2051 6
    endloop
  endfacet
  facet normal 0.708517 -0.705694 0
    outer loop
      vertex -169.412 -46.2259 6
      vertex -169.437 -46.251 1.2
      vertex -169.412 -46.2259 1.2
    endloop
  endfacet
  facet normal 0.708517 -0.705694 0
    outer loop
      vertex -169.437 -46.251 6
      vertex -169.437 -46.251 1.2
      vertex -169.412 -46.2259 6
    endloop
  endfacet
  facet normal 0.806046 -0.591852 0
    outer loop
      vertex -169.437 -46.251 6
      vertex -169.458 -46.2796 1.2
      vertex -169.437 -46.251 1.2
    endloop
  endfacet
  facet normal 0.806046 -0.591852 0
    outer loop
      vertex -169.458 -46.2796 6
      vertex -169.458 -46.2796 1.2
      vertex -169.437 -46.251 6
    endloop
  endfacet
  facet normal 0.892157 -0.451725 0
    outer loop
      vertex -169.458 -46.2796 6
      vertex -169.474 -46.3112 1.2
      vertex -169.458 -46.2796 1.2
    endloop
  endfacet
  facet normal 0.892157 -0.451725 0
    outer loop
      vertex -169.474 -46.3112 6
      vertex -169.474 -46.3112 1.2
      vertex -169.458 -46.2796 6
    endloop
  endfacet
  facet normal 0.950367 -0.311132 0
    outer loop
      vertex -169.474 -46.3112 6
      vertex -169.485 -46.3448 1.2
      vertex -169.474 -46.3112 1.2
    endloop
  endfacet
  facet normal 0.950367 -0.311132 0
    outer loop
      vertex -169.485 -46.3448 6
      vertex -169.485 -46.3448 1.2
      vertex -169.474 -46.3112 6
    endloop
  endfacet
  facet normal 0.989949 -0.141421 0
    outer loop
      vertex -169.485 -46.3448 6
      vertex -169.49 -46.3798 1.2
      vertex -169.485 -46.3448 1.2
    endloop
  endfacet
  facet normal 0.989949 -0.141421 0
    outer loop
      vertex -169.49 -46.3798 6
      vertex -169.49 -46.3798 1.2
      vertex -169.485 -46.3448 6
    endloop
  endfacet
  facet normal 1 0 0
    outer loop
      vertex -169.49 -46.3798 6
      vertex -169.49 -46.3975 1.2
      vertex -169.49 -46.3798 1.2
    endloop
  endfacet
  facet normal 1 -0 0
    outer loop
      vertex -169.49 -46.3975 6
      vertex -169.49 -46.3975 1.2
      vertex -169.49 -46.3798 6
    endloop
  endfacet
  facet normal 0.993653 -0.112489 0
    outer loop
      vertex -169.49 -102.697 6
      vertex -169.496 -102.75 1.2
      vertex -169.49 -102.697 1.2
    endloop
  endfacet
  facet normal 0.993653 -0.112489 0
    outer loop
      vertex -169.496 -102.75 6
      vertex -169.496 -102.75 1.2
      vertex -169.49 -102.697 6
    endloop
  endfacet
  facet normal 0.996448 -0.0842069 0
    outer loop
      vertex -169.496 -102.75 6
      vertex -169.52 -103.034 1.2
      vertex -169.496 -102.75 1.2
    endloop
  endfacet
  facet normal 0.996448 -0.0842069 0
    outer loop
      vertex -169.52 -103.034 6
      vertex -169.52 -103.034 1.2
      vertex -169.496 -102.75 6
    endloop
  endfacet
  facet normal 0.965858 -0.259071 0
    outer loop
      vertex -169.52 -103.034 6
      vertex -169.623 -103.418 1.2
      vertex -169.52 -103.034 1.2
    endloop
  endfacet
  facet normal 0.965858 -0.259071 0
    outer loop
      vertex -169.623 -103.418 6
      vertex -169.623 -103.418 1.2
      vertex -169.52 -103.034 6
    endloop
  endfacet
  facet normal 0.906183 -0.422885 0
    outer loop
      vertex -169.623 -103.418 6
      vertex -169.791 -103.778 1.2
      vertex -169.623 -103.418 1.2
    endloop
  endfacet
  facet normal 0.906183 -0.422885 0
    outer loop
      vertex -169.791 -103.778 6
      vertex -169.791 -103.778 1.2
      vertex -169.623 -103.418 6
    endloop
  endfacet
  facet normal 0.819468 -0.573125 0
    outer loop
      vertex -169.791 -103.778 6
      vertex -170.019 -104.104 1.2
      vertex -169.791 -103.778 1.2
    endloop
  endfacet
  facet normal 0.819468 -0.573125 0
    outer loop
      vertex -170.019 -104.104 6
      vertex -170.019 -104.104 1.2
      vertex -169.791 -103.778 6
    endloop
  endfacet
  facet normal 0.707107 -0.707107 0
    outer loop
      vertex -170.019 -104.104 6
      vertex -170.3 -104.385 1.2
      vertex -170.019 -104.104 1.2
    endloop
  endfacet
  facet normal 0.707107 -0.707107 0
    outer loop
      vertex -170.3 -104.385 6
      vertex -170.3 -104.385 1.2
      vertex -170.019 -104.104 6
    endloop
  endfacet
  facet normal 0.572552 -0.819868 0
    outer loop
      vertex -170.3 -104.385 6
      vertex -170.542 -104.554 1.2
      vertex -170.3 -104.385 1.2
    endloop
  endfacet
  facet normal 0.572552 -0.819868 0
    outer loop
      vertex -170.542 -104.554 6
      vertex -170.542 -104.554 1.2
      vertex -170.3 -104.385 6
    endloop
  endfacet
  facet normal 0.572182 -0.820127 0
    outer loop
      vertex -170.542 -104.554 6
      vertex -170.585 -104.584 1.2
      vertex -170.542 -104.554 1.2
    endloop
  endfacet
  facet normal 0.572182 -0.820127 0
    outer loop
      vertex -170.585 -104.584 6
      vertex -170.585 -104.584 1.2
      vertex -170.542 -104.554 6
    endloop
  endfacet
  facet normal 0.500001 -0.866025 0
    outer loop
      vertex -170.585 -104.584 6
      vertex -179.919 -109.973 1.2
      vertex -170.585 -104.584 1.2
    endloop
  endfacet
  facet normal 0.500001 -0.866025 0
    outer loop
      vertex -179.919 -109.973 6
      vertex -179.919 -109.973 1.2
      vertex -170.585 -104.584 6
    endloop
  endfacet
  facet normal 0.514496 -0.857493 0
    outer loop
      vertex -179.919 -109.973 6
      vertex -179.934 -109.982 1.2
      vertex -179.919 -109.973 1.2
    endloop
  endfacet
  facet normal 0.514496 -0.857493 0
    outer loop
      vertex -179.934 -109.982 6
      vertex -179.934 -109.982 1.2
      vertex -179.919 -109.973 6
    endloop
  endfacet
  facet normal 0.617822 -0.786318 0
    outer loop
      vertex -179.934 -109.982 6
      vertex -179.962 -110.004 1.2
      vertex -179.934 -109.982 1.2
    endloop
  endfacet
  facet normal 0.617822 -0.786318 0
    outer loop
      vertex -179.962 -110.004 6
      vertex -179.962 -110.004 1.2
      vertex -179.934 -109.982 6
    endloop
  endfacet
  facet normal 0.734803 -0.67828 0
    outer loop
      vertex -179.962 -110.004 6
      vertex -179.986 -110.03 1.2
      vertex -179.962 -110.004 1.2
    endloop
  endfacet
  facet normal 0.734803 -0.67828 0
    outer loop
      vertex -179.986 -110.03 6
      vertex -179.986 -110.03 1.2
      vertex -179.962 -110.004 6
    endloop
  endfacet
  facet normal 0.844819 -0.535052 0
    outer loop
      vertex -179.986 -110.03 6
      vertex -180.005 -110.06 1.2
      vertex -179.986 -110.03 1.2
    endloop
  endfacet
  facet normal 0.844819 -0.535052 0
    outer loop
      vertex -180.005 -110.06 6
      vertex -180.005 -110.06 1.2
      vertex -179.986 -110.03 6
    endloop
  endfacet
  facet normal 0.920582 -0.39055 0
    outer loop
      vertex -180.005 -110.06 6
      vertex -180.019 -110.093 1.2
      vertex -180.005 -110.06 1.2
    endloop
  endfacet
  facet normal 0.920582 -0.39055 0
    outer loop
      vertex -180.019 -110.093 6
      vertex -180.019 -110.093 1.2
      vertex -180.005 -110.06 6
    endloop
  endfacet
  facet normal 0.959366 -0.282166 0
    outer loop
      vertex -180.019 -110.093 6
      vertex -180.029 -110.127 1.2
      vertex -180.019 -110.093 1.2
    endloop
  endfacet
  facet normal 0.959366 -0.282166 0
    outer loop
      vertex -180.029 -110.127 6
      vertex -180.029 -110.127 1.2
      vertex -180.019 -110.093 6
    endloop
  endfacet
  facet normal 0.996347 -0.0854011 0
    outer loop
      vertex -180.029 -110.127 6
      vertex -180.032 -110.162 1.2
      vertex -180.029 -110.127 1.2
    endloop
  endfacet
  facet normal 0.996347 -0.0854011 0
    outer loop
      vertex -180.032 -110.162 6
      vertex -180.032 -110.162 1.2
      vertex -180.029 -110.127 6
    endloop
  endfacet
  facet normal 0.998371 0.0570498 0
    outer loop
      vertex -180.032 -110.162 6
      vertex -180.03 -110.197 1.2
      vertex -180.032 -110.162 1.2
    endloop
  endfacet
  facet normal 0.998371 0.0570498 0
    outer loop
      vertex -180.03 -110.197 6
      vertex -180.03 -110.197 1.2
      vertex -180.032 -110.162 6
    endloop
  endfacet
  facet normal 0.980581 0.196116 0
    outer loop
      vertex -180.03 -110.197 6
      vertex -180.023 -110.232 1.2
      vertex -180.03 -110.197 1.2
    endloop
  endfacet
  facet normal 0.980581 0.196116 0
    outer loop
      vertex -180.023 -110.232 6
      vertex -180.023 -110.232 1.2
      vertex -180.03 -110.197 6
    endloop
  endfacet
  facet normal 0.930408 0.366525 -0
    outer loop
      vertex -180.01 -110.265 1.2
      vertex -180.023 -110.232 6
      vertex -180.01 -110.265 6
    endloop
  endfacet
  facet normal 0.930408 0.366525 -0
    outer loop
      vertex -180.023 -110.232 1.2
      vertex -180.023 -110.232 6
      vertex -180.01 -110.265 1.2
    endloop
  endfacet
  facet normal 0.857493 0.514496 0
    outer loop
      vertex -170.501 -126.735 6
      vertex -170.492 -126.75 1.2
      vertex -170.501 -126.735 1.2
    endloop
  endfacet
  facet normal 0.857493 0.514496 0
    outer loop
      vertex -170.492 -126.75 6
      vertex -170.492 -126.75 1.2
      vertex -170.501 -126.735 6
    endloop
  endfacet
  facet normal 0.786318 0.617822 0
    outer loop
      vertex -170.492 -126.75 6
      vertex -170.47 -126.778 1.2
      vertex -170.492 -126.75 1.2
    endloop
  endfacet
  facet normal 0.786318 0.617822 0
    outer loop
      vertex -170.47 -126.778 6
      vertex -170.47 -126.778 1.2
      vertex -170.492 -126.75 6
    endloop
  endfacet
  facet normal 0.662574 0.748997 0
    outer loop
      vertex -170.47 -126.778 6
      vertex -170.444 -126.801 1.2
      vertex -170.47 -126.778 1.2
    endloop
  endfacet
  facet normal 0.662574 0.748997 0
    outer loop
      vertex -170.444 -126.801 6
      vertex -170.444 -126.801 1.2
      vertex -170.47 -126.778 6
    endloop
  endfacet
  facet normal 0.567733 0.823213 0
    outer loop
      vertex -170.444 -126.801 6
      vertex -170.415 -126.821 1.2
      vertex -170.444 -126.801 1.2
    endloop
  endfacet
  facet normal 0.567733 0.823213 0
    outer loop
      vertex -170.415 -126.821 6
      vertex -170.415 -126.821 1.2
      vertex -170.444 -126.801 6
    endloop
  endfacet
  facet normal 0.400819 0.916157 0
    outer loop
      vertex -170.415 -126.821 6
      vertex -170.383 -126.835 1.2
      vertex -170.415 -126.821 1.2
    endloop
  endfacet
  facet normal 0.400819 0.916157 0
    outer loop
      vertex -170.383 -126.835 6
      vertex -170.383 -126.835 1.2
      vertex -170.415 -126.821 6
    endloop
  endfacet
  facet normal 0.255893 0.966705 0
    outer loop
      vertex -170.383 -126.835 6
      vertex -170.349 -126.844 1.2
      vertex -170.383 -126.835 1.2
    endloop
  endfacet
  facet normal 0.255893 0.966705 0
    outer loop
      vertex -170.349 -126.844 6
      vertex -170.349 -126.844 1.2
      vertex -170.383 -126.835 6
    endloop
  endfacet
  facet normal 0.110432 0.993884 0
    outer loop
      vertex -170.349 -126.844 6
      vertex -170.313 -126.848 1.2
      vertex -170.349 -126.844 1.2
    endloop
  endfacet
  facet normal 0.110432 0.993884 0
    outer loop
      vertex -170.313 -126.848 6
      vertex -170.313 -126.848 1.2
      vertex -170.349 -126.844 6
    endloop
  endfacet
  facet normal -0.0570498 0.998371 0
    outer loop
      vertex -170.313 -126.848 6
      vertex -170.278 -126.846 1.2
      vertex -170.313 -126.848 1.2
    endloop
  endfacet
  facet normal -0.0570498 0.998371 0
    outer loop
      vertex -170.278 -126.846 6
      vertex -170.278 -126.846 1.2
      vertex -170.313 -126.848 6
    endloop
  endfacet
  facet normal -0.201653 0.979457 0
    outer loop
      vertex -170.278 -126.846 6
      vertex -170.244 -126.839 1.2
      vertex -170.278 -126.846 1.2
    endloop
  endfacet
  facet normal -0.201653 0.979457 0
    outer loop
      vertex -170.244 -126.839 6
      vertex -170.244 -126.839 1.2
      vertex -170.278 -126.846 6
    endloop
  endfacet
  facet normal -0.341743 0.939793 0
    outer loop
      vertex -170.211 -126.827 1.2
      vertex -170.244 -126.839 6
      vertex -170.211 -126.827 6
    endloop
  endfacet
  facet normal -0.341743 0.939793 0
    outer loop
      vertex -170.244 -126.839 1.2
      vertex -170.244 -126.839 6
      vertex -170.211 -126.827 1.2
    endloop
  endfacet
  facet normal -0.398726 0.91707 0
    outer loop
      vertex -153.564 -117.373 6
      vertex -153.541 -117.363 1.2
      vertex -153.564 -117.373 1.2
    endloop
  endfacet
  facet normal -0.398726 0.91707 0
    outer loop
      vertex -153.541 -117.363 6
      vertex -153.541 -117.363 1.2
      vertex -153.564 -117.373 6
    endloop
  endfacet
  facet normal -0.454777 0.890605 0
    outer loop
      vertex -153.541 -117.363 6
      vertex -153.447 -117.315 1.2
      vertex -153.541 -117.363 1.2
    endloop
  endfacet
  facet normal -0.454777 0.890605 0
    outer loop
      vertex -153.447 -117.315 6
      vertex -153.447 -117.315 1.2
      vertex -153.541 -117.363 6
    endloop
  endfacet
  facet normal -0.382048 0.924143 0
    outer loop
      vertex -153.447 -117.315 6
      vertex -153.268 -117.241 1.2
      vertex -153.447 -117.315 1.2
    endloop
  endfacet
  facet normal -0.382048 0.924143 0
    outer loop
      vertex -153.268 -117.241 6
      vertex -153.268 -117.241 1.2
      vertex -153.447 -117.315 6
    endloop
  endfacet
  facet normal -0.298275 0.95448 0
    outer loop
      vertex -153.268 -117.241 6
      vertex -153.108 -117.191 1.2
      vertex -153.268 -117.241 1.2
    endloop
  endfacet
  facet normal -0.298275 0.95448 0
    outer loop
      vertex -153.108 -117.191 6
      vertex -153.108 -117.191 1.2
      vertex -153.268 -117.241 6
    endloop
  endfacet
  facet normal -0.258824 0.965924 0
    outer loop
      vertex -153.108 -117.191 6
      vertex -137.068 -112.893 1.2
      vertex -153.108 -117.191 1.2
    endloop
  endfacet
  facet normal -0.258824 0.965924 0
    outer loop
      vertex -137.068 -112.893 6
      vertex -137.068 -112.893 1.2
      vertex -153.108 -117.191 6
    endloop
  endfacet
  facet normal -0.215084 0.976596 0
    outer loop
      vertex -137.068 -112.893 6
      vertex -136.9 -112.856 1.2
      vertex -137.068 -112.893 1.2
    endloop
  endfacet
  facet normal -0.215084 0.976596 0
    outer loop
      vertex -136.9 -112.856 6
      vertex -136.9 -112.856 1.2
      vertex -137.068 -112.893 6
    endloop
  endfacet
  facet normal -0.130845 0.991403 0
    outer loop
      vertex -136.9 -112.856 6
      vertex -136.703 -112.83 1.2
      vertex -136.9 -112.856 1.2
    endloop
  endfacet
  facet normal -0.130845 0.991403 0
    outer loop
      vertex -136.703 -112.83 6
      vertex -136.703 -112.83 1.2
      vertex -136.9 -112.856 6
    endloop
  endfacet
  facet normal -0.040664 0.999173 0
    outer loop
      vertex -136.703 -112.83 6
      vertex -136.531 -112.823 1.2
      vertex -136.703 -112.83 1.2
    endloop
  endfacet
  facet normal -0.040664 0.999173 0
    outer loop
      vertex -136.531 -112.823 6
      vertex -136.531 -112.823 1.2
      vertex -136.703 -112.83 6
    endloop
  endfacet
  facet normal 0 1 0
    outer loop
      vertex -136.531 -112.823 6
      vertex -117.948 -112.823 1.2
      vertex -136.531 -112.823 1.2
    endloop
  endfacet
  facet normal 0 1 0
    outer loop
      vertex -117.948 -112.823 6
      vertex -117.948 -112.823 1.2
      vertex -136.531 -112.823 6
    endloop
  endfacet
  facet normal -0.168964 0.985622 0
    outer loop
      vertex -117.948 -112.823 6
      vertex -117.913 -112.817 1.2
      vertex -117.948 -112.823 1.2
    endloop
  endfacet
  facet normal -0.168964 0.985622 0
    outer loop
      vertex -117.913 -112.817 6
      vertex -117.913 -112.817 1.2
      vertex -117.948 -112.823 6
    endloop
  endfacet
  facet normal -0.30782 0.951445 0
    outer loop
      vertex -117.913 -112.817 6
      vertex -117.879 -112.806 1.2
      vertex -117.913 -112.817 1.2
    endloop
  endfacet
  facet normal -0.30782 0.951445 0
    outer loop
      vertex -117.879 -112.806 6
      vertex -117.879 -112.806 1.2
      vertex -117.913 -112.817 6
    endloop
  endfacet
  facet normal -0.447214 0.894427 0
    outer loop
      vertex -117.879 -112.806 6
      vertex -117.847 -112.79 1.2
      vertex -117.879 -112.806 1.2
    endloop
  endfacet
  facet normal -0.447214 0.894427 0
    outer loop
      vertex -117.847 -112.79 6
      vertex -117.847 -112.79 1.2
      vertex -117.879 -112.806 6
    endloop
  endfacet
  facet normal -0.6 0.8 0
    outer loop
      vertex -117.847 -112.79 6
      vertex -117.819 -112.769 1.2
      vertex -117.847 -112.79 1.2
    endloop
  endfacet
  facet normal -0.6 0.8 0
    outer loop
      vertex -117.819 -112.769 6
      vertex -117.819 -112.769 1.2
      vertex -117.847 -112.79 6
    endloop
  endfacet
  facet normal -0.707107 0.707107 0
    outer loop
      vertex -117.819 -112.769 6
      vertex -117.794 -112.744 1.2
      vertex -117.819 -112.769 1.2
    endloop
  endfacet
  facet normal -0.707107 0.707107 0
    outer loop
      vertex -117.794 -112.744 6
      vertex -117.794 -112.744 1.2
      vertex -117.819 -112.769 6
    endloop
  endfacet
  facet normal -0.809942 0.58651 0
    outer loop
      vertex -117.794 -112.744 6
      vertex -117.773 -112.715 1.2
      vertex -117.794 -112.744 1.2
    endloop
  endfacet
  facet normal -0.809942 0.58651 0
    outer loop
      vertex -117.773 -112.715 6
      vertex -117.773 -112.715 1.2
      vertex -117.794 -112.744 6
    endloop
  endfacet
  facet normal -0.888621 0.458643 0
    outer loop
      vertex -117.773 -112.715 6
      vertex -117.757 -112.684 1.2
      vertex -117.773 -112.715 1.2
    endloop
  endfacet
  facet normal -0.888621 0.458643 0
    outer loop
      vertex -117.757 -112.684 6
      vertex -117.757 -112.684 1.2
      vertex -117.773 -112.715 6
    endloop
  endfacet
  facet normal -0.951445 0.30782 0
    outer loop
      vertex -117.757 -112.684 6
      vertex -117.746 -112.65 1.2
      vertex -117.757 -112.684 1.2
    endloop
  endfacet
  facet normal -0.951445 0.30782 0
    outer loop
      vertex -117.746 -112.65 6
      vertex -117.746 -112.65 1.2
      vertex -117.757 -112.684 6
    endloop
  endfacet
  facet normal -0.984784 0.173785 0
    outer loop
      vertex -117.74 -112.616 1.2
      vertex -117.746 -112.65 6
      vertex -117.74 -112.616 6
    endloop
  endfacet
  facet normal -0.984784 0.173785 0
    outer loop
      vertex -117.746 -112.65 1.2
      vertex -117.746 -112.65 6
      vertex -117.74 -112.616 1.2
    endloop
  endfacet
  facet normal -0.996367 0.0851596 0
    outer loop
      vertex -117.74 -93.7886 6
      vertex -117.735 -93.7301 1.2
      vertex -117.74 -93.7886 1.2
    endloop
  endfacet
  facet normal -0.996367 0.0851596 0
    outer loop
      vertex -117.735 -93.7301 6
      vertex -117.735 -93.7301 1.2
      vertex -117.74 -93.7886 6
    endloop
  endfacet
  facet normal -0.995989 0.0894708 0
    outer loop
      vertex -117.735 -93.7301 6
      vertex -117.71 -93.4518 1.2
      vertex -117.735 -93.7301 1.2
    endloop
  endfacet
  facet normal -0.995989 0.0894708 0
    outer loop
      vertex -117.71 -93.4518 6
      vertex -117.71 -93.4518 1.2
      vertex -117.735 -93.7301 6
    endloop
  endfacet
  facet normal -0.965824 0.259197 0
    outer loop
      vertex -117.71 -93.4518 6
      vertex -117.607 -93.068 1.2
      vertex -117.71 -93.4518 1.2
    endloop
  endfacet
  facet normal -0.965824 0.259197 0
    outer loop
      vertex -117.607 -93.068 6
      vertex -117.607 -93.068 1.2
      vertex -117.71 -93.4518 6
    endloop
  endfacet
  facet normal -0.907236 0.420623 0
    outer loop
      vertex -117.607 -93.068 6
      vertex -117.44 -92.7078 1.2
      vertex -117.607 -93.068 1.2
    endloop
  endfacet
  facet normal -0.907236 0.420623 0
    outer loop
      vertex -117.44 -92.7078 6
      vertex -117.44 -92.7078 1.2
      vertex -117.607 -93.068 6
    endloop
  endfacet
  facet normal -0.819055 0.573716 0
    outer loop
      vertex -117.44 -92.7078 6
      vertex -117.212 -92.3823 1.2
      vertex -117.44 -92.7078 1.2
    endloop
  endfacet
  facet normal -0.819055 0.573716 0
    outer loop
      vertex -117.212 -92.3823 6
      vertex -117.212 -92.3823 1.2
      vertex -117.44 -92.7078 6
    endloop
  endfacet
  facet normal -0.707107 0.707107 0
    outer loop
      vertex -117.212 -92.3823 6
      vertex -116.931 -92.1013 1.2
      vertex -117.212 -92.3823 1.2
    endloop
  endfacet
  facet normal -0.707107 0.707107 0
    outer loop
      vertex -116.931 -92.1013 6
      vertex -116.931 -92.1013 1.2
      vertex -117.212 -92.3823 6
    endloop
  endfacet
  facet normal -0.572956 0.819586 0
    outer loop
      vertex -116.931 -92.1013 6
      vertex -116.605 -91.8734 1.2
      vertex -116.931 -92.1013 1.2
    endloop
  endfacet
  facet normal -0.572956 0.819586 0
    outer loop
      vertex -116.605 -91.8734 6
      vertex -116.605 -91.8734 1.2
      vertex -116.931 -92.1013 6
    endloop
  endfacet
  facet normal -0.422679 0.90628 0
    outer loop
      vertex -116.605 -91.8734 6
      vertex -116.245 -91.7055 1.2
      vertex -116.605 -91.8734 1.2
    endloop
  endfacet
  facet normal -0.422679 0.90628 0
    outer loop
      vertex -116.245 -91.7055 6
      vertex -116.245 -91.7055 1.2
      vertex -116.605 -91.8734 6
    endloop
  endfacet
  facet normal -0.258837 0.965921 0
    outer loop
      vertex -116.245 -91.7055 6
      vertex -115.861 -91.6026 1.2
      vertex -116.245 -91.7055 1.2
    endloop
  endfacet
  facet normal -0.258837 0.965921 0
    outer loop
      vertex -115.861 -91.6026 6
      vertex -115.861 -91.6026 1.2
      vertex -116.245 -91.7055 6
    endloop
  endfacet
  facet normal -0.0871309 0.996197 0
    outer loop
      vertex -115.861 -91.6026 6
      vertex -115.518 -91.5726 1.2
      vertex -115.861 -91.6026 1.2
    endloop
  endfacet
  facet normal -0.0871309 0.996197 0
    outer loop
      vertex -115.518 -91.5726 6
      vertex -115.518 -91.5726 1.2
      vertex -115.861 -91.6026 6
    endloop
  endfacet
  facet normal 0 1 0
    outer loop
      vertex -115.518 -91.5726 6
      vertex -110.748 -91.5726 1.2
      vertex -115.518 -91.5726 1.2
    endloop
  endfacet
  facet normal 0 1 0
    outer loop
      vertex -110.748 -91.5726 6
      vertex -110.748 -91.5726 1.2
      vertex -115.518 -91.5726 6
    endloop
  endfacet
  facet normal -0.157991 0.987441 0
    outer loop
      vertex -110.748 -91.5726 6
      vertex -110.713 -91.567 1.2
      vertex -110.748 -91.5726 1.2
    endloop
  endfacet
  facet normal -0.157991 0.987441 0
    outer loop
      vertex -110.713 -91.567 6
      vertex -110.713 -91.567 1.2
      vertex -110.748 -91.5726 6
    endloop
  endfacet
  facet normal -0.305284 0.952261 0
    outer loop
      vertex -110.713 -91.567 6
      vertex -110.679 -91.5561 1.2
      vertex -110.713 -91.567 1.2
    endloop
  endfacet
  facet normal -0.305284 0.952261 0
    outer loop
      vertex -110.679 -91.5561 6
      vertex -110.679 -91.5561 1.2
      vertex -110.713 -91.567 6
    endloop
  endfacet
  facet normal -0.449445 0.893308 0
    outer loop
      vertex -110.679 -91.5561 6
      vertex -110.647 -91.54 1.2
      vertex -110.679 -91.5561 1.2
    endloop
  endfacet
  facet normal -0.449445 0.893308 0
    outer loop
      vertex -110.647 -91.54 6
      vertex -110.647 -91.54 1.2
      vertex -110.679 -91.5561 6
    endloop
  endfacet
  facet normal -0.596324 0.802744 0
    outer loop
      vertex -110.647 -91.54 6
      vertex -110.619 -91.5192 1.2
      vertex -110.647 -91.54 1.2
    endloop
  endfacet
  facet normal -0.596324 0.802744 0
    outer loop
      vertex -110.619 -91.5192 6
      vertex -110.619 -91.5192 1.2
      vertex -110.647 -91.54 6
    endloop
  endfacet
  facet normal -0.708517 0.705694 0
    outer loop
      vertex -110.619 -91.5192 6
      vertex -110.594 -91.4941 1.2
      vertex -110.619 -91.5192 1.2
    endloop
  endfacet
  facet normal -0.708517 0.705694 0
    outer loop
      vertex -110.594 -91.4941 6
      vertex -110.594 -91.4941 1.2
      vertex -110.619 -91.5192 6
    endloop
  endfacet
  facet normal -0.806046 0.591852 0
    outer loop
      vertex -110.594 -91.4941 6
      vertex -110.573 -91.4655 1.2
      vertex -110.594 -91.4941 1.2
    endloop
  endfacet
  facet normal -0.806046 0.591852 0
    outer loop
      vertex -110.573 -91.4655 6
      vertex -110.573 -91.4655 1.2
      vertex -110.594 -91.4941 6
    endloop
  endfacet
  facet normal -0.892157 0.451725 0
    outer loop
      vertex -110.573 -91.4655 6
      vertex -110.557 -91.4339 1.2
      vertex -110.573 -91.4655 1.2
    endloop
  endfacet
  facet normal -0.892157 0.451725 0
    outer loop
      vertex -110.557 -91.4339 6
      vertex -110.557 -91.4339 1.2
      vertex -110.573 -91.4655 6
    endloop
  endfacet
  facet normal -0.950639 0.310298 0
    outer loop
      vertex -110.557 -91.4339 6
      vertex -110.546 -91.4002 1.2
      vertex -110.557 -91.4339 1.2
    endloop
  endfacet
  facet normal -0.950639 0.310298 0
    outer loop
      vertex -110.546 -91.4002 6
      vertex -110.546 -91.4002 1.2
      vertex -110.557 -91.4339 6
    endloop
  endfacet
  facet normal -0.985212 0.171341 0
    outer loop
      vertex -110.54 -91.3657 1.2
      vertex -110.546 -91.4002 6
      vertex -110.54 -91.3657 6
    endloop
  endfacet
  facet normal -0.985212 0.171341 0
    outer loop
      vertex -110.546 -91.4002 1.2
      vertex -110.546 -91.4002 6
      vertex -110.54 -91.3657 1.2
    endloop
  endfacet
  facet normal -0.996367 0.0851596 0
    outer loop
      vertex -110.54 -90.3886 6
      vertex -110.535 -90.3301 1.2
      vertex -110.54 -90.3886 1.2
    endloop
  endfacet
  facet normal -0.996367 0.0851596 0
    outer loop
      vertex -110.535 -90.3301 6
      vertex -110.535 -90.3301 1.2
      vertex -110.54 -90.3886 6
    endloop
  endfacet
  facet normal -0.995989 0.0894708 0
    outer loop
      vertex -110.535 -90.3301 6
      vertex -110.51 -90.0518 1.2
      vertex -110.535 -90.3301 1.2
    endloop
  endfacet
  facet normal -0.995989 0.0894708 0
    outer loop
      vertex -110.51 -90.0518 6
      vertex -110.51 -90.0518 1.2
      vertex -110.535 -90.3301 6
    endloop
  endfacet
  facet normal -0.965824 0.259197 0
    outer loop
      vertex -110.51 -90.0518 6
      vertex -110.407 -89.668 1.2
      vertex -110.51 -90.0518 1.2
    endloop
  endfacet
  facet normal -0.965824 0.259197 0
    outer loop
      vertex -110.407 -89.668 6
      vertex -110.407 -89.668 1.2
      vertex -110.51 -90.0518 6
    endloop
  endfacet
  facet normal -0.907236 0.420623 0
    outer loop
      vertex -110.407 -89.668 6
      vertex -110.24 -89.3078 1.2
      vertex -110.407 -89.668 1.2
    endloop
  endfacet
  facet normal -0.907236 0.420623 0
    outer loop
      vertex -110.24 -89.3078 6
      vertex -110.24 -89.3078 1.2
      vertex -110.407 -89.668 6
    endloop
  endfacet
  facet normal -0.819055 0.573716 0
    outer loop
      vertex -110.24 -89.3078 6
      vertex -110.012 -88.9823 1.2
      vertex -110.24 -89.3078 1.2
    endloop
  endfacet
  facet normal -0.819055 0.573716 0
    outer loop
      vertex -110.012 -88.9823 6
      vertex -110.012 -88.9823 1.2
      vertex -110.24 -89.3078 6
    endloop
  endfacet
  facet normal -0.707107 0.707107 0
    outer loop
      vertex -110.012 -88.9823 6
      vertex -109.731 -88.7013 1.2
      vertex -110.012 -88.9823 1.2
    endloop
  endfacet
  facet normal -0.707107 0.707107 0
    outer loop
      vertex -109.731 -88.7013 6
      vertex -109.731 -88.7013 1.2
      vertex -110.012 -88.9823 6
    endloop
  endfacet
  facet normal -0.572956 0.819586 0
    outer loop
      vertex -109.731 -88.7013 6
      vertex -109.405 -88.4734 1.2
      vertex -109.731 -88.7013 1.2
    endloop
  endfacet
  facet normal -0.572956 0.819586 0
    outer loop
      vertex -109.405 -88.4734 6
      vertex -109.405 -88.4734 1.2
      vertex -109.731 -88.7013 6
    endloop
  endfacet
  facet normal -0.422679 0.90628 0
    outer loop
      vertex -109.405 -88.4734 6
      vertex -109.045 -88.3055 1.2
      vertex -109.405 -88.4734 1.2
    endloop
  endfacet
  facet normal -0.422679 0.90628 0
    outer loop
      vertex -109.045 -88.3055 6
      vertex -109.045 -88.3055 1.2
      vertex -109.405 -88.4734 6
    endloop
  endfacet
  facet normal -0.258837 0.965921 0
    outer loop
      vertex -109.045 -88.3055 6
      vertex -108.661 -88.2026 1.2
      vertex -109.045 -88.3055 1.2
    endloop
  endfacet
  facet normal -0.258837 0.965921 0
    outer loop
      vertex -108.661 -88.2026 6
      vertex -108.661 -88.2026 1.2
      vertex -109.045 -88.3055 6
    endloop
  endfacet
  facet normal -0.0871309 0.996197 0
    outer loop
      vertex -108.661 -88.2026 6
      vertex -108.318 -88.1726 1.2
      vertex -108.661 -88.2026 1.2
    endloop
  endfacet
  facet normal -0.0871309 0.996197 0
    outer loop
      vertex -108.318 -88.1726 6
      vertex -108.318 -88.1726 1.2
      vertex -108.661 -88.2026 6
    endloop
  endfacet
  facet normal 0 1 -0
    outer loop
      vertex -97.5404 -88.1726 1.2
      vertex -108.318 -88.1726 6
      vertex -97.5404 -88.1726 6
    endloop
  endfacet
  facet normal 0 1 0
    outer loop
      vertex -108.318 -88.1726 1.2
      vertex -108.318 -88.1726 6
      vertex -97.5404 -88.1726 1.2
    endloop
  endfacet
  facet normal 0.0818189 0.996647 0
    outer loop
      vertex -97.5404 -88.1726 6
      vertex -97.2176 -88.1991 1.2
      vertex -97.5404 -88.1726 1.2
    endloop
  endfacet
  facet normal 0.0818189 0.996647 0
    outer loop
      vertex -97.2176 -88.1991 6
      vertex -97.2176 -88.1991 1.2
      vertex -97.5404 -88.1726 6
    endloop
  endfacet
  facet normal 0.24367 0.969858 0
    outer loop
      vertex -97.2176 -88.1991 6
      vertex -96.8554 -88.2901 1.2
      vertex -97.2176 -88.1991 1.2
    endloop
  endfacet
  facet normal 0.24367 0.969858 0
    outer loop
      vertex -96.8554 -88.2901 6
      vertex -96.8554 -88.2901 1.2
      vertex -97.2176 -88.1991 6
    endloop
  endfacet
  facet normal 0.398922 0.916985 0
    outer loop
      vertex -96.8554 -88.2901 6
      vertex -96.5129 -88.4391 1.2
      vertex -96.8554 -88.2901 1.2
    endloop
  endfacet
  facet normal 0.398922 0.916985 0
    outer loop
      vertex -96.5129 -88.4391 6
      vertex -96.5129 -88.4391 1.2
      vertex -96.8554 -88.2901 6
    endloop
  endfacet
  facet normal 0.543029 0.839714 0
    outer loop
      vertex -96.5129 -88.4391 6
      vertex -96.1993 -88.6419 1.2
      vertex -96.5129 -88.4391 1.2
    endloop
  endfacet
  facet normal 0.543029 0.839714 0
    outer loop
      vertex -96.1993 -88.6419 6
      vertex -96.1993 -88.6419 1.2
      vertex -96.5129 -88.4391 6
    endloop
  endfacet
  facet normal 0.673126 0.739528 0
    outer loop
      vertex -96.1993 -88.6419 6
      vertex -95.9231 -88.8933 1.2
      vertex -96.1993 -88.6419 1.2
    endloop
  endfacet
  facet normal 0.673126 0.739528 0
    outer loop
      vertex -95.9231 -88.8933 6
      vertex -95.9231 -88.8933 1.2
      vertex -96.1993 -88.6419 6
    endloop
  endfacet
  facet normal 0.784746 0.619818 0
    outer loop
      vertex -95.9231 -88.8933 6
      vertex -95.6916 -89.1864 1.2
      vertex -95.9231 -88.8933 1.2
    endloop
  endfacet
  facet normal 0.784746 0.619818 0
    outer loop
      vertex -95.6916 -89.1864 6
      vertex -95.6916 -89.1864 1.2
      vertex -95.9231 -88.8933 6
    endloop
  endfacet
  facet normal 0.875417 0.483368 0
    outer loop
      vertex -95.6916 -89.1864 6
      vertex -95.5111 -89.5133 1.2
      vertex -95.6916 -89.1864 1.2
    endloop
  endfacet
  facet normal 0.875417 0.483368 0
    outer loop
      vertex -95.5111 -89.5133 6
      vertex -95.5111 -89.5133 1.2
      vertex -95.6916 -89.1864 6
    endloop
  endfacet
  facet normal 0.942629 0.333842 0
    outer loop
      vertex -95.5111 -89.5133 6
      vertex -95.3864 -89.8654 1.2
      vertex -95.5111 -89.5133 1.2
    endloop
  endfacet
  facet normal 0.942629 0.333842 0
    outer loop
      vertex -95.3864 -89.8654 6
      vertex -95.3864 -89.8654 1.2
      vertex -95.5111 -89.5133 6
    endloop
  endfacet
  facet normal 0.984502 0.175374 0
    outer loop
      vertex -95.3864 -89.8654 6
      vertex -95.3209 -90.2331 1.2
      vertex -95.3864 -89.8654 1.2
    endloop
  endfacet
  facet normal 0.984502 0.175374 0
    outer loop
      vertex -95.3209 -90.2331 6
      vertex -95.3209 -90.2331 1.2
      vertex -95.3864 -89.8654 6
    endloop
  endfacet
  facet normal 0.999928 0.0120362 0
    outer loop
      vertex -95.3209 -90.2331 6
      vertex -95.317 -90.5571 1.2
      vertex -95.3209 -90.2331 1.2
    endloop
  endfacet
  facet normal 0.999928 0.0120362 0
    outer loop
      vertex -95.317 -90.5571 6
      vertex -95.317 -90.5571 1.2
      vertex -95.3209 -90.2331 6
    endloop
  endfacet
  facet normal 0.997565 -0.069741 0
    outer loop
      vertex -95.317 -90.5571 6
      vertex -95.4697 -92.7413 1.2
      vertex -95.317 -90.5571 1.2
    endloop
  endfacet
  facet normal 0.997565 -0.069741 0
    outer loop
      vertex -95.4697 -92.7413 6
      vertex -95.4697 -92.7413 1.2
      vertex -95.317 -90.5571 6
    endloop
  endfacet
  facet normal 0.99771 -0.0676413 0
    outer loop
      vertex -95.4697 -92.7413 6
      vertex -95.4709 -92.759 1.2
      vertex -95.4697 -92.7413 1.2
    endloop
  endfacet
  facet normal 0.99771 -0.0676413 0
    outer loop
      vertex -95.4709 -92.759 6
      vertex -95.4709 -92.759 1.2
      vertex -95.4697 -92.7413 6
    endloop
  endfacet
  facet normal 0.996144 0.0877286 0
    outer loop
      vertex -95.4709 -92.759 6
      vertex -95.4678 -92.7942 1.2
      vertex -95.4709 -92.759 1.2
    endloop
  endfacet
  facet normal 0.996144 0.0877286 0
    outer loop
      vertex -95.4678 -92.7942 6
      vertex -95.4678 -92.7942 1.2
      vertex -95.4709 -92.759 6
    endloop
  endfacet
  facet normal 0.970803 0.239879 0
    outer loop
      vertex -95.4678 -92.7942 6
      vertex -95.4593 -92.8286 1.2
      vertex -95.4678 -92.7942 1.2
    endloop
  endfacet
  facet normal 0.970803 0.239879 0
    outer loop
      vertex -95.4593 -92.8286 6
      vertex -95.4593 -92.8286 1.2
      vertex -95.4678 -92.7942 6
    endloop
  endfacet
  facet normal 0.919873 0.392216 0
    outer loop
      vertex -95.4593 -92.8286 6
      vertex -95.4454 -92.8612 1.2
      vertex -95.4593 -92.8286 1.2
    endloop
  endfacet
  facet normal 0.919873 0.392216 0
    outer loop
      vertex -95.4454 -92.8612 6
      vertex -95.4454 -92.8612 1.2
      vertex -95.4593 -92.8286 6
    endloop
  endfacet
  facet normal 0.848633 0.528981 0
    outer loop
      vertex -95.4454 -92.8612 6
      vertex -95.4267 -92.8912 1.2
      vertex -95.4454 -92.8612 1.2
    endloop
  endfacet
  facet normal 0.848633 0.528981 0
    outer loop
      vertex -95.4267 -92.8912 6
      vertex -95.4267 -92.8912 1.2
      vertex -95.4454 -92.8612 6
    endloop
  endfacet
  facet normal 0.754849 0.655899 0
    outer loop
      vertex -95.4267 -92.8912 6
      vertex -95.4035 -92.9179 1.2
      vertex -95.4267 -92.8912 1.2
    endloop
  endfacet
  facet normal 0.754849 0.655899 0
    outer loop
      vertex -95.4035 -92.9179 6
      vertex -95.4035 -92.9179 1.2
      vertex -95.4267 -92.8912 6
    endloop
  endfacet
  facet normal 0.642399 0.766371 0
    outer loop
      vertex -95.4035 -92.9179 6
      vertex -95.3763 -92.9407 1.2
      vertex -95.4035 -92.9179 1.2
    endloop
  endfacet
  facet normal 0.642399 0.766371 0
    outer loop
      vertex -95.3763 -92.9407 6
      vertex -95.3763 -92.9407 1.2
      vertex -95.4035 -92.9179 6
    endloop
  endfacet
  facet normal 0.514912 0.857243 0
    outer loop
      vertex -95.3763 -92.9407 6
      vertex -95.346 -92.9589 1.2
      vertex -95.3763 -92.9407 1.2
    endloop
  endfacet
  facet normal 0.514912 0.857243 0
    outer loop
      vertex -95.346 -92.9589 6
      vertex -95.346 -92.9589 1.2
      vertex -95.3763 -92.9407 6
    endloop
  endfacet
  facet normal 0.374789 0.92711 0
    outer loop
      vertex -95.346 -92.9589 6
      vertex -95.3131 -92.9722 1.2
      vertex -95.346 -92.9589 1.2
    endloop
  endfacet
  facet normal 0.374789 0.92711 0
    outer loop
      vertex -95.3131 -92.9722 6
      vertex -95.3131 -92.9722 1.2
      vertex -95.346 -92.9589 6
    endloop
  endfacet
  facet normal 0.22589 0.974153 0
    outer loop
      vertex -95.3131 -92.9722 6
      vertex -95.2786 -92.9802 1.2
      vertex -95.3131 -92.9722 1.2
    endloop
  endfacet
  facet normal 0.22589 0.974153 0
    outer loop
      vertex -95.2786 -92.9802 6
      vertex -95.2786 -92.9802 1.2
      vertex -95.3131 -92.9722 6
    endloop
  endfacet
  facet normal 0.0680239 0.997684 0
    outer loop
      vertex -95.2786 -92.9802 6
      vertex -95.261 -92.9814 1.2
      vertex -95.2786 -92.9802 1.2
    endloop
  endfacet
  facet normal 0.0680239 0.997684 0
    outer loop
      vertex -95.261 -92.9814 6
      vertex -95.261 -92.9814 1.2
      vertex -95.2786 -92.9802 6
    endloop
  endfacet
  facet normal 0.0697631 0.997564 0
    outer loop
      vertex -95.261 -92.9814 6
      vertex -80.0637 -94.0442 1.2
      vertex -95.261 -92.9814 1.2
    endloop
  endfacet
  facet normal 0.0697631 0.997564 0
    outer loop
      vertex -80.0637 -94.0442 6
      vertex -80.0637 -94.0442 1.2
      vertex -95.261 -92.9814 6
    endloop
  endfacet
  facet normal 0.165323 0.986239 0
    outer loop
      vertex -80.0637 -94.0442 6
      vertex -80.0118 -94.0529 1.2
      vertex -80.0637 -94.0442 1.2
    endloop
  endfacet
  facet normal 0.165323 0.986239 0
    outer loop
      vertex -80.0118 -94.0529 6
      vertex -80.0118 -94.0529 1.2
      vertex -80.0637 -94.0442 6
    endloop
  endfacet
  facet normal 0.151253 0.988495 0
    outer loop
      vertex -80.0118 -94.0529 6
      vertex -79.753 -94.0925 1.2
      vertex -80.0118 -94.0529 1.2
    endloop
  endfacet
  facet normal 0.151253 0.988495 0
    outer loop
      vertex -79.753 -94.0925 6
      vertex -79.753 -94.0925 1.2
      vertex -80.0118 -94.0529 6
    endloop
  endfacet
  facet normal 0.310599 0.950541 0
    outer loop
      vertex -79.753 -94.0925 6
      vertex -79.398 -94.2085 1.2
      vertex -79.753 -94.0925 1.2
    endloop
  endfacet
  facet normal 0.310599 0.950541 0
    outer loop
      vertex -79.398 -94.2085 6
      vertex -79.398 -94.2085 1.2
      vertex -79.753 -94.0925 6
    endloop
  endfacet
  facet normal 0.461825 0.886971 0
    outer loop
      vertex -79.398 -94.2085 6
      vertex -79.0667 -94.381 1.2
      vertex -79.398 -94.2085 1.2
    endloop
  endfacet
  facet normal 0.461825 0.886971 0
    outer loop
      vertex -79.0667 -94.381 6
      vertex -79.0667 -94.381 1.2
      vertex -79.398 -94.2085 6
    endloop
  endfacet
  facet normal 0.6003 0.799775 0
    outer loop
      vertex -79.0667 -94.381 6
      vertex -78.768 -94.6052 1.2
      vertex -79.0667 -94.381 1.2
    endloop
  endfacet
  facet normal 0.6003 0.799775 0
    outer loop
      vertex -78.768 -94.6052 6
      vertex -78.768 -94.6052 1.2
      vertex -79.0667 -94.381 6
    endloop
  endfacet
  facet normal 0.722985 0.690864 0
    outer loop
      vertex -78.768 -94.6052 6
      vertex -78.5099 -94.8753 1.2
      vertex -78.768 -94.6052 1.2
    endloop
  endfacet
  facet normal 0.722985 0.690864 0
    outer loop
      vertex -78.5099 -94.8753 6
      vertex -78.5099 -94.8753 1.2
      vertex -78.768 -94.6052 6
    endloop
  endfacet
  facet normal 0.826154 0.563445 0
    outer loop
      vertex -78.5099 -94.8753 6
      vertex -78.2995 -95.1838 1.2
      vertex -78.5099 -94.8753 1.2
    endloop
  endfacet
  facet normal 0.826154 0.563445 0
    outer loop
      vertex -78.2995 -95.1838 6
      vertex -78.2995 -95.1838 1.2
      vertex -78.5099 -94.8753 6
    endloop
  endfacet
  facet normal 0.907009 0.421111 0
    outer loop
      vertex -78.2995 -95.1838 6
      vertex -78.1422 -95.5226 1.2
      vertex -78.2995 -95.1838 1.2
    endloop
  endfacet
  facet normal 0.907009 0.421111 0
    outer loop
      vertex -78.1422 -95.5226 6
      vertex -78.1422 -95.5226 1.2
      vertex -78.2995 -95.1838 6
    endloop
  endfacet
  facet normal 0.963637 0.267216 0
    outer loop
      vertex -78.1422 -95.5226 6
      vertex -78.0424 -95.8825 1.2
      vertex -78.1422 -95.5226 1.2
    endloop
  endfacet
  facet normal 0.963637 0.267216 0
    outer loop
      vertex -78.0424 -95.8825 6
      vertex -78.0424 -95.8825 1.2
      vertex -78.1422 -95.5226 6
    endloop
  endfacet
  facet normal 0.994335 0.106287 0
    outer loop
      vertex -78.0424 -95.8825 6
      vertex -78.0027 -96.2539 1.2
      vertex -78.0424 -95.8825 1.2
    endloop
  endfacet
  facet normal 0.994335 0.106287 0
    outer loop
      vertex -78.0027 -96.2539 6
      vertex -78.0027 -96.2539 1.2
      vertex -78.0424 -95.8825 6
    endloop
  endfacet
  facet normal 0.998343 -0.0575403 0
    outer loop
      vertex -78.0027 -96.2539 6
      vertex -78.0184 -96.5263 1.2
      vertex -78.0027 -96.2539 1.2
    endloop
  endfacet
  facet normal 0.998343 -0.0575403 0
    outer loop
      vertex -78.0184 -96.5263 6
      vertex -78.0184 -96.5263 1.2
      vertex -78.0027 -96.2539 6
    endloop
  endfacet
  facet normal 0.998498 -0.0547956 0
    outer loop
      vertex -78.0184 -96.5263 6
      vertex -78.0211 -96.5755 1.2
      vertex -78.0184 -96.5263 1.2
    endloop
  endfacet
  facet normal 0.998498 -0.0547956 0
    outer loop
      vertex -78.0211 -96.5755 6
      vertex -78.0211 -96.5755 1.2
      vertex -78.0184 -96.5263 6
    endloop
  endfacet
  facet normal 0.990267 -0.13918 0
    outer loop
      vertex -78.0211 -96.5755 6
      vertex -78.5627 -100.429 1.2
      vertex -78.0211 -96.5755 1.2
    endloop
  endfacet
  facet normal 0.990267 -0.13918 0
    outer loop
      vertex -78.5627 -100.429 6
      vertex -78.5627 -100.429 1.2
      vertex -78.0211 -96.5755 6
    endloop
  endfacet
  facet normal 0.991228 -0.132164 0
    outer loop
      vertex -78.5627 -100.429 6
      vertex -78.5651 -100.447 1.2
      vertex -78.5627 -100.429 1.2
    endloop
  endfacet
  facet normal 0.991228 -0.132164 0
    outer loop
      vertex -78.5651 -100.447 6
      vertex -78.5651 -100.447 1.2
      vertex -78.5627 -100.429 6
    endloop
  endfacet
  facet normal 0.999853 0.0171403 0
    outer loop
      vertex -78.5651 -100.447 6
      vertex -78.5645 -100.482 1.2
      vertex -78.5651 -100.447 1.2
    endloop
  endfacet
  facet normal 0.999853 0.0171403 0
    outer loop
      vertex -78.5645 -100.482 6
      vertex -78.5645 -100.482 1.2
      vertex -78.5651 -100.447 6
    endloop
  endfacet
  facet normal 0.98515 0.171698 0
    outer loop
      vertex -78.5645 -100.482 6
      vertex -78.5584 -100.517 1.2
      vertex -78.5645 -100.482 1.2
    endloop
  endfacet
  facet normal 0.98515 0.171698 0
    outer loop
      vertex -78.5584 -100.517 6
      vertex -78.5584 -100.517 1.2
      vertex -78.5645 -100.482 6
    endloop
  endfacet
  facet normal 0.943412 0.331624 0
    outer loop
      vertex -78.5584 -100.517 6
      vertex -78.5468 -100.55 1.2
      vertex -78.5584 -100.517 1.2
    endloop
  endfacet
  facet normal 0.943412 0.331624 0
    outer loop
      vertex -78.5468 -100.55 6
      vertex -78.5468 -100.55 1.2
      vertex -78.5584 -100.517 6
    endloop
  endfacet
  facet normal 0.887671 0.460479 0
    outer loop
      vertex -78.5468 -100.55 6
      vertex -78.5302 -100.582 1.2
      vertex -78.5468 -100.55 1.2
    endloop
  endfacet
  facet normal 0.887671 0.460479 0
    outer loop
      vertex -78.5302 -100.582 6
      vertex -78.5302 -100.582 1.2
      vertex -78.5468 -100.55 6
    endloop
  endfacet
  facet normal 0.795888 0.605444 0
    outer loop
      vertex -78.5302 -100.582 6
      vertex -78.5089 -100.61 1.2
      vertex -78.5302 -100.582 1.2
    endloop
  endfacet
  facet normal 0.795888 0.605444 0
    outer loop
      vertex -78.5089 -100.61 6
      vertex -78.5089 -100.61 1.2
      vertex -78.5302 -100.582 6
    endloop
  endfacet
  facet normal 0.685365 0.7282 0
    outer loop
      vertex -78.5089 -100.61 6
      vertex -78.4834 -100.634 1.2
      vertex -78.5089 -100.61 1.2
    endloop
  endfacet
  facet normal 0.685365 0.7282 0
    outer loop
      vertex -78.4834 -100.634 6
      vertex -78.4834 -100.634 1.2
      vertex -78.5089 -100.61 6
    endloop
  endfacet
  facet normal 0.58651 0.809942 0
    outer loop
      vertex -78.4834 -100.634 6
      vertex -78.4544 -100.655 1.2
      vertex -78.4834 -100.634 1.2
    endloop
  endfacet
  facet normal 0.58651 0.809942 0
    outer loop
      vertex -78.4544 -100.655 6
      vertex -78.4544 -100.655 1.2
      vertex -78.4834 -100.634 6
    endloop
  endfacet
  facet normal 0.425524 0.904947 0
    outer loop
      vertex -78.4544 -100.655 6
      vertex -78.4225 -100.67 1.2
      vertex -78.4544 -100.655 1.2
    endloop
  endfacet
  facet normal 0.425524 0.904947 0
    outer loop
      vertex -78.4225 -100.67 6
      vertex -78.4225 -100.67 1.2
      vertex -78.4544 -100.655 6
    endloop
  endfacet
  facet normal 0.309468 0.95091 0
    outer loop
      vertex -78.4225 -100.67 6
      vertex -78.3887 -100.681 1.2
      vertex -78.4225 -100.67 1.2
    endloop
  endfacet
  facet normal 0.309468 0.95091 0
    outer loop
      vertex -78.3887 -100.681 6
      vertex -78.3887 -100.681 1.2
      vertex -78.4225 -100.67 6
    endloop
  endfacet
  facet normal 0.114842 0.993384 0
    outer loop
      vertex -78.3887 -100.681 6
      vertex -78.3714 -100.683 1.2
      vertex -78.3887 -100.681 1.2
    endloop
  endfacet
  facet normal 0.114842 0.993384 0
    outer loop
      vertex -78.3714 -100.683 6
      vertex -78.3714 -100.683 1.2
      vertex -78.3887 -100.681 6
    endloop
  endfacet
  facet normal 0.139198 0.990265 0
    outer loop
      vertex -78.3714 -100.683 6
      vertex -58.5658 -103.467 1.2
      vertex -78.3714 -100.683 1.2
    endloop
  endfacet
  facet normal 0.139198 0.990265 0
    outer loop
      vertex -58.5658 -103.467 6
      vertex -58.5658 -103.467 1.2
      vertex -78.3714 -100.683 6
    endloop
  endfacet
  facet normal 0.113547 0.993533 0
    outer loop
      vertex -58.5658 -103.467 6
      vertex -58.5483 -103.469 1.2
      vertex -58.5658 -103.467 1.2
    endloop
  endfacet
  facet normal 0.113547 0.993533 0
    outer loop
      vertex -58.5483 -103.469 6
      vertex -58.5483 -103.469 1.2
      vertex -58.5658 -103.467 6
    endloop
  endfacet
  facet normal -0.0282373 0.999601 0
    outer loop
      vertex -58.5483 -103.469 6
      vertex -58.5129 -103.468 1.2
      vertex -58.5483 -103.469 1.2
    endloop
  endfacet
  facet normal -0.0282373 0.999601 0
    outer loop
      vertex -58.5129 -103.468 6
      vertex -58.5129 -103.468 1.2
      vertex -58.5483 -103.469 6
    endloop
  endfacet
  facet normal -0.169434 0.985542 0
    outer loop
      vertex -58.5129 -103.468 6
      vertex -58.478 -103.462 1.2
      vertex -58.5129 -103.468 1.2
    endloop
  endfacet
  facet normal -0.169434 0.985542 0
    outer loop
      vertex -58.478 -103.462 6
      vertex -58.478 -103.462 1.2
      vertex -58.5129 -103.468 6
    endloop
  endfacet
  facet normal -0.31197 0.950092 0
    outer loop
      vertex -58.478 -103.462 6
      vertex -58.4445 -103.451 1.2
      vertex -58.478 -103.462 1.2
    endloop
  endfacet
  facet normal -0.31197 0.950092 0
    outer loop
      vertex -58.4445 -103.451 6
      vertex -58.4445 -103.451 1.2
      vertex -58.478 -103.462 6
    endloop
  endfacet
  facet normal -0.477278 0.878753 0
    outer loop
      vertex -58.4445 -103.451 6
      vertex -58.4132 -103.434 1.2
      vertex -58.4445 -103.451 1.2
    endloop
  endfacet
  facet normal -0.477278 0.878753 0
    outer loop
      vertex -58.4132 -103.434 6
      vertex -58.4132 -103.434 1.2
      vertex -58.4445 -103.451 6
    endloop
  endfacet
  facet normal -0.597266 0.802043 0
    outer loop
      vertex -58.4132 -103.434 6
      vertex -58.385 -103.413 1.2
      vertex -58.4132 -103.434 1.2
    endloop
  endfacet
  facet normal -0.597266 0.802043 0
    outer loop
      vertex -58.385 -103.413 6
      vertex -58.385 -103.413 1.2
      vertex -58.4132 -103.434 6
    endloop
  endfacet
  facet normal -0.726393 0.68728 0
    outer loop
      vertex -58.385 -103.413 6
      vertex -58.3604 -103.387 1.2
      vertex -58.385 -103.413 1.2
    endloop
  endfacet
  facet normal -0.726393 0.68728 0
    outer loop
      vertex -58.3604 -103.387 6
      vertex -58.3604 -103.387 1.2
      vertex -58.385 -103.413 6
    endloop
  endfacet
  facet normal -0.817905 0.575354 0
    outer loop
      vertex -58.3604 -103.387 6
      vertex -58.34 -103.358 1.2
      vertex -58.3604 -103.387 1.2
    endloop
  endfacet
  facet normal -0.817905 0.575354 0
    outer loop
      vertex -58.34 -103.358 6
      vertex -58.34 -103.358 1.2
      vertex -58.3604 -103.387 6
    endloop
  endfacet
  facet normal -0.894427 0.447214 0
    outer loop
      vertex -58.34 -103.358 6
      vertex -58.3245 -103.327 1.2
      vertex -58.34 -103.358 1.2
    endloop
  endfacet
  facet normal -0.894427 0.447214 0
    outer loop
      vertex -58.3245 -103.327 6
      vertex -58.3245 -103.327 1.2
      vertex -58.34 -103.358 6
    endloop
  endfacet
  facet normal -0.957048 0.289929 0
    outer loop
      vertex -58.3245 -103.327 6
      vertex -58.3142 -103.293 1.2
      vertex -58.3245 -103.327 1.2
    endloop
  endfacet
  facet normal -0.957048 0.289929 0
    outer loop
      vertex -58.3142 -103.293 6
      vertex -58.3142 -103.293 1.2
      vertex -58.3245 -103.327 6
    endloop
  endfacet
  facet normal -0.990492 0.137568 0
    outer loop
      vertex -58.3142 -103.293 6
      vertex -58.3117 -103.275 1.2
      vertex -58.3142 -103.293 1.2
    endloop
  endfacet
  facet normal -0.990492 0.137568 0
    outer loop
      vertex -58.3117 -103.275 6
      vertex -58.3117 -103.275 1.2
      vertex -58.3142 -103.293 6
    endloop
  endfacet
  facet normal -0.990268 0.139171 0
    outer loop
      vertex -58.3117 -103.275 6
      vertex -56.9953 -93.9082 1.2
      vertex -58.3117 -103.275 1.2
    endloop
  endfacet
  facet normal -0.990268 0.139171 0
    outer loop
      vertex -56.9953 -93.9082 6
      vertex -56.9953 -93.9082 1.2
      vertex -58.3117 -103.275 6
    endloop
  endfacet
  facet normal -0.966235 0.257663 0
    outer loop
      vertex -56.9953 -93.9082 6
      vertex -56.9949 -93.9067 1.2
      vertex -56.9953 -93.9082 1.2
    endloop
  endfacet
  facet normal -0.966235 0.257663 0
    outer loop
      vertex -56.9949 -93.9067 6
      vertex -56.9949 -93.9067 1.2
      vertex -56.9953 -93.9082 6
    endloop
  endfacet
  facet normal -0.990269 0.139168 0
    outer loop
      vertex -56.9949 -93.9067 6
      vertex -53.6633 -70.2002 1.2
      vertex -56.9949 -93.9067 1.2
    endloop
  endfacet
  facet normal -0.990269 0.139168 0
    outer loop
      vertex -53.6633 -70.2002 6
      vertex -53.6633 -70.2002 1.2
      vertex -56.9949 -93.9067 6
    endloop
  endfacet
  facet normal -0.991437 0.13059 0
    outer loop
      vertex -91.6654 -52.4476 1.2
      vertex -91.7029 -52.7323 0
      vertex -91.7029 -52.7323 1.2
    endloop
  endfacet
  facet normal -0.991437 0.13059 0
    outer loop
      vertex -91.6654 -52.4476 0
      vertex -91.7029 -52.7323 0
      vertex -91.6654 -52.4476 1.2
    endloop
  endfacet
  facet normal -0.991437 -0.13059 0
    outer loop
      vertex -91.7029 -52.1629 1.2
      vertex -91.6654 -52.4476 0
      vertex -91.6654 -52.4476 1.2
    endloop
  endfacet
  facet normal -0.991437 -0.13059 0
    outer loop
      vertex -91.7029 -52.1629 0
      vertex -91.6654 -52.4476 0
      vertex -91.7029 -52.1629 1.2
    endloop
  endfacet
  facet normal -0.923868 -0.382711 0
    outer loop
      vertex -91.8128 -51.8976 1.2
      vertex -91.7029 -52.1629 0
      vertex -91.7029 -52.1629 1.2
    endloop
  endfacet
  facet normal -0.923868 -0.382711 0
    outer loop
      vertex -91.8128 -51.8976 0
      vertex -91.7029 -52.1629 0
      vertex -91.8128 -51.8976 1.2
    endloop
  endfacet
  facet normal -0.793348 -0.608768 0
    outer loop
      vertex -91.9876 -51.6698 1.2
      vertex -91.8128 -51.8976 0
      vertex -91.8128 -51.8976 1.2
    endloop
  endfacet
  facet normal -0.793348 -0.608768 0
    outer loop
      vertex -91.9876 -51.6698 0
      vertex -91.8128 -51.8976 0
      vertex -91.9876 -51.6698 1.2
    endloop
  endfacet
  facet normal -0.608987 -0.79318 0
    outer loop
      vertex -92.2154 -51.4949 1.2
      vertex -91.9876 -51.6698 0
      vertex -91.9876 -51.6698 1.2
    endloop
  endfacet
  facet normal -0.608987 -0.79318 0
    outer loop
      vertex -92.2154 -51.4949 0
      vertex -91.9876 -51.6698 0
      vertex -92.2154 -51.4949 1.2
    endloop
  endfacet
  facet normal -0.382413 -0.923991 0
    outer loop
      vertex -92.4807 -51.3851 1.2
      vertex -92.2154 -51.4949 0
      vertex -92.2154 -51.4949 1.2
    endloop
  endfacet
  facet normal -0.382413 -0.923991 0
    outer loop
      vertex -92.4807 -51.3851 0
      vertex -92.2154 -51.4949 0
      vertex -92.4807 -51.3851 1.2
    endloop
  endfacet
  facet normal -0.13059 -0.991437 0
    outer loop
      vertex -92.7654 -51.3476 1.2
      vertex -92.4807 -51.3851 0
      vertex -92.4807 -51.3851 1.2
    endloop
  endfacet
  facet normal -0.13059 -0.991437 0
    outer loop
      vertex -92.7654 -51.3476 0
      vertex -92.4807 -51.3851 0
      vertex -92.7654 -51.3476 1.2
    endloop
  endfacet
  facet normal 0.13059 -0.991437 0
    outer loop
      vertex -93.0501 -51.3851 1.2
      vertex -92.7654 -51.3476 0
      vertex -92.7654 -51.3476 1.2
    endloop
  endfacet
  facet normal 0.13059 -0.991437 0
    outer loop
      vertex -93.0501 -51.3851 0
      vertex -92.7654 -51.3476 0
      vertex -93.0501 -51.3851 1.2
    endloop
  endfacet
  facet normal 0.382413 -0.923991 0
    outer loop
      vertex -93.3154 -51.4949 1.2
      vertex -93.0501 -51.3851 0
      vertex -93.0501 -51.3851 1.2
    endloop
  endfacet
  facet normal 0.382413 -0.923991 0
    outer loop
      vertex -93.3154 -51.4949 0
      vertex -93.0501 -51.3851 0
      vertex -93.3154 -51.4949 1.2
    endloop
  endfacet
  facet normal 0.608987 -0.79318 0
    outer loop
      vertex -93.5432 -51.6698 1.2
      vertex -93.3154 -51.4949 0
      vertex -93.3154 -51.4949 1.2
    endloop
  endfacet
  facet normal 0.608987 -0.79318 0
    outer loop
      vertex -93.5432 -51.6698 0
      vertex -93.3154 -51.4949 0
      vertex -93.5432 -51.6698 1.2
    endloop
  endfacet
  facet normal 0.793348 -0.608768 0
    outer loop
      vertex -93.718 -51.8976 1.2
      vertex -93.5432 -51.6698 0
      vertex -93.5432 -51.6698 1.2
    endloop
  endfacet
  facet normal 0.793348 -0.608768 0
    outer loop
      vertex -93.718 -51.8976 0
      vertex -93.5432 -51.6698 0
      vertex -93.718 -51.8976 1.2
    endloop
  endfacet
  facet normal 0.923868 -0.382711 0
    outer loop
      vertex -93.8279 -52.1629 1.2
      vertex -93.718 -51.8976 0
      vertex -93.718 -51.8976 1.2
    endloop
  endfacet
  facet normal 0.923868 -0.382711 0
    outer loop
      vertex -93.8279 -52.1629 0
      vertex -93.718 -51.8976 0
      vertex -93.8279 -52.1629 1.2
    endloop
  endfacet
  facet normal 0.991437 -0.13059 0
    outer loop
      vertex -93.8654 -52.4476 1.2
      vertex -93.8279 -52.1629 0
      vertex -93.8279 -52.1629 1.2
    endloop
  endfacet
  facet normal 0.991437 -0.13059 0
    outer loop
      vertex -93.8654 -52.4476 0
      vertex -93.8279 -52.1629 0
      vertex -93.8654 -52.4476 1.2
    endloop
  endfacet
  facet normal 0.991437 0.13059 0
    outer loop
      vertex -93.8279 -52.7323 1.2
      vertex -93.8654 -52.4476 0
      vertex -93.8654 -52.4476 1.2
    endloop
  endfacet
  facet normal 0.991437 0.13059 -0
    outer loop
      vertex -93.8279 -52.7323 0
      vertex -93.8654 -52.4476 0
      vertex -93.8279 -52.7323 1.2
    endloop
  endfacet
  facet normal 0.923868 0.382711 0
    outer loop
      vertex -93.718 -52.9976 1.2
      vertex -93.8279 -52.7323 0
      vertex -93.8279 -52.7323 1.2
    endloop
  endfacet
  facet normal 0.923868 0.382711 -0
    outer loop
      vertex -93.718 -52.9976 0
      vertex -93.8279 -52.7323 0
      vertex -93.718 -52.9976 1.2
    endloop
  endfacet
  facet normal 0.793348 0.608768 0
    outer loop
      vertex -93.5432 -53.2254 1.2
      vertex -93.718 -52.9976 0
      vertex -93.718 -52.9976 1.2
    endloop
  endfacet
  facet normal 0.793348 0.608768 -0
    outer loop
      vertex -93.5432 -53.2254 0
      vertex -93.718 -52.9976 0
      vertex -93.5432 -53.2254 1.2
    endloop
  endfacet
  facet normal 0.608768 0.793348 0
    outer loop
      vertex -93.3154 -53.4002 1.2
      vertex -93.5432 -53.2254 0
      vertex -93.5432 -53.2254 1.2
    endloop
  endfacet
  facet normal 0.608768 0.793348 -0
    outer loop
      vertex -93.3154 -53.4002 0
      vertex -93.5432 -53.2254 0
      vertex -93.3154 -53.4002 1.2
    endloop
  endfacet
  facet normal 0.382711 0.923868 0
    outer loop
      vertex -93.0501 -53.5101 1.2
      vertex -93.3154 -53.4002 0
      vertex -93.3154 -53.4002 1.2
    endloop
  endfacet
  facet normal 0.382711 0.923868 -0
    outer loop
      vertex -93.0501 -53.5101 0
      vertex -93.3154 -53.4002 0
      vertex -93.0501 -53.5101 1.2
    endloop
  endfacet
  facet normal 0.13059 0.991437 0
    outer loop
      vertex -92.7654 -53.5476 1.2
      vertex -93.0501 -53.5101 0
      vertex -93.0501 -53.5101 1.2
    endloop
  endfacet
  facet normal 0.13059 0.991437 -0
    outer loop
      vertex -92.7654 -53.5476 0
      vertex -93.0501 -53.5101 0
      vertex -92.7654 -53.5476 1.2
    endloop
  endfacet
  facet normal -0.13059 0.991437 0
    outer loop
      vertex -92.4807 -53.5101 1.2
      vertex -92.7654 -53.5476 0
      vertex -92.7654 -53.5476 1.2
    endloop
  endfacet
  facet normal -0.13059 0.991437 0
    outer loop
      vertex -92.4807 -53.5101 0
      vertex -92.7654 -53.5476 0
      vertex -92.4807 -53.5101 1.2
    endloop
  endfacet
  facet normal -0.382711 0.923868 0
    outer loop
      vertex -92.2154 -53.4002 1.2
      vertex -92.4807 -53.5101 0
      vertex -92.4807 -53.5101 1.2
    endloop
  endfacet
  facet normal -0.382711 0.923868 0
    outer loop
      vertex -92.2154 -53.4002 0
      vertex -92.4807 -53.5101 0
      vertex -92.2154 -53.4002 1.2
    endloop
  endfacet
  facet normal -0.608768 0.793348 0
    outer loop
      vertex -91.9876 -53.2254 1.2
      vertex -92.2154 -53.4002 0
      vertex -92.2154 -53.4002 1.2
    endloop
  endfacet
  facet normal -0.608768 0.793348 0
    outer loop
      vertex -91.9876 -53.2254 0
      vertex -92.2154 -53.4002 0
      vertex -91.9876 -53.2254 1.2
    endloop
  endfacet
  facet normal -0.793348 0.608768 0
    outer loop
      vertex -91.8128 -52.9976 1.2
      vertex -91.9876 -53.2254 0
      vertex -91.9876 -53.2254 1.2
    endloop
  endfacet
  facet normal -0.793348 0.608768 0
    outer loop
      vertex -91.8128 -52.9976 0
      vertex -91.9876 -53.2254 0
      vertex -91.8128 -52.9976 1.2
    endloop
  endfacet
  facet normal -0.923868 0.382711 0
    outer loop
      vertex -91.7029 -52.7323 1.2
      vertex -91.8128 -52.9976 0
      vertex -91.8128 -52.9976 1.2
    endloop
  endfacet
  facet normal -0.923868 0.382711 0
    outer loop
      vertex -91.7029 -52.7323 0
      vertex -91.8128 -52.9976 0
      vertex -91.7029 -52.7323 1.2
    endloop
  endfacet
  facet normal -0.99162 0.12919 0
    outer loop
      vertex -156.289 -108.788 1.2
      vertex -156.326 -109.072 0
      vertex -156.326 -109.072 1.2
    endloop
  endfacet
  facet normal -0.99162 0.12919 0
    outer loop
      vertex -156.289 -108.788 0
      vertex -156.326 -109.072 0
      vertex -156.289 -108.788 1.2
    endloop
  endfacet
  facet normal -0.991678 -0.128744 0
    outer loop
      vertex -156.326 -108.503 1.2
      vertex -156.289 -108.788 0
      vertex -156.289 -108.788 1.2
    endloop
  endfacet
  facet normal -0.991678 -0.128744 0
    outer loop
      vertex -156.326 -108.503 0
      vertex -156.289 -108.788 0
      vertex -156.326 -108.503 1.2
    endloop
  endfacet
  facet normal -0.923592 -0.383378 0
    outer loop
      vertex -156.436 -108.238 1.2
      vertex -156.326 -108.503 0
      vertex -156.326 -108.503 1.2
    endloop
  endfacet
  facet normal -0.923592 -0.383378 0
    outer loop
      vertex -156.436 -108.238 0
      vertex -156.326 -108.503 0
      vertex -156.436 -108.238 1.2
    endloop
  endfacet
  facet normal -0.79327 -0.60887 0
    outer loop
      vertex -156.611 -108.01 1.2
      vertex -156.436 -108.238 0
      vertex -156.436 -108.238 1.2
    endloop
  endfacet
  facet normal -0.79327 -0.60887 0
    outer loop
      vertex -156.611 -108.01 0
      vertex -156.436 -108.238 0
      vertex -156.611 -108.01 1.2
    endloop
  endfacet
  facet normal -0.60887 -0.79327 0
    outer loop
      vertex -156.839 -107.835 1.2
      vertex -156.611 -108.01 0
      vertex -156.611 -108.01 1.2
    endloop
  endfacet
  facet normal -0.60887 -0.79327 0
    outer loop
      vertex -156.839 -107.835 0
      vertex -156.611 -108.01 0
      vertex -156.839 -107.835 1.2
    endloop
  endfacet
  facet normal -0.383378 -0.923592 0
    outer loop
      vertex -157.104 -107.725 1.2
      vertex -156.839 -107.835 0
      vertex -156.839 -107.835 1.2
    endloop
  endfacet
  facet normal -0.383378 -0.923592 0
    outer loop
      vertex -157.104 -107.725 0
      vertex -156.839 -107.835 0
      vertex -157.104 -107.725 1.2
    endloop
  endfacet
  facet normal -0.128744 -0.991678 0
    outer loop
      vertex -157.389 -107.688 1.2
      vertex -157.104 -107.725 0
      vertex -157.104 -107.725 1.2
    endloop
  endfacet
  facet normal -0.128744 -0.991678 0
    outer loop
      vertex -157.389 -107.688 0
      vertex -157.104 -107.725 0
      vertex -157.389 -107.688 1.2
    endloop
  endfacet
  facet normal 0.12919 -0.99162 0
    outer loop
      vertex -157.673 -107.725 1.2
      vertex -157.389 -107.688 0
      vertex -157.389 -107.688 1.2
    endloop
  endfacet
  facet normal 0.12919 -0.99162 0
    outer loop
      vertex -157.673 -107.725 0
      vertex -157.389 -107.688 0
      vertex -157.673 -107.725 1.2
    endloop
  endfacet
  facet normal 0.382147 -0.924101 0
    outer loop
      vertex -157.939 -107.835 1.2
      vertex -157.673 -107.725 0
      vertex -157.673 -107.725 1.2
    endloop
  endfacet
  facet normal 0.382147 -0.924101 0
    outer loop
      vertex -157.939 -107.835 0
      vertex -157.673 -107.725 0
      vertex -157.939 -107.835 1.2
    endloop
  endfacet
  facet normal 0.610553 -0.791975 0
    outer loop
      vertex -158.166 -108.01 1.2
      vertex -157.939 -107.835 0
      vertex -157.939 -107.835 1.2
    endloop
  endfacet
  facet normal 0.610553 -0.791975 0
    outer loop
      vertex -158.166 -108.01 0
      vertex -157.939 -107.835 0
      vertex -158.166 -108.01 1.2
    endloop
  endfacet
  facet normal 0.79327 -0.60887 0
    outer loop
      vertex -158.341 -108.238 1.2
      vertex -158.166 -108.01 0
      vertex -158.166 -108.01 1.2
    endloop
  endfacet
  facet normal 0.79327 -0.60887 0
    outer loop
      vertex -158.341 -108.238 0
      vertex -158.166 -108.01 0
      vertex -158.341 -108.238 1.2
    endloop
  endfacet
  facet normal 0.923592 -0.383378 0
    outer loop
      vertex -158.451 -108.503 1.2
      vertex -158.341 -108.238 0
      vertex -158.341 -108.238 1.2
    endloop
  endfacet
  facet normal 0.923592 -0.383378 0
    outer loop
      vertex -158.451 -108.503 0
      vertex -158.341 -108.238 0
      vertex -158.451 -108.503 1.2
    endloop
  endfacet
  facet normal 0.991228 -0.132164 0
    outer loop
      vertex -158.489 -108.788 1.2
      vertex -158.451 -108.503 0
      vertex -158.451 -108.503 1.2
    endloop
  endfacet
  facet normal 0.991228 -0.132164 0
    outer loop
      vertex -158.489 -108.788 0
      vertex -158.451 -108.503 0
      vertex -158.489 -108.788 1.2
    endloop
  endfacet
  facet normal 0.991167 0.132621 0
    outer loop
      vertex -158.451 -109.072 1.2
      vertex -158.489 -108.788 0
      vertex -158.489 -108.788 1.2
    endloop
  endfacet
  facet normal 0.991167 0.132621 -0
    outer loop
      vertex -158.451 -109.072 0
      vertex -158.489 -108.788 0
      vertex -158.451 -109.072 1.2
    endloop
  endfacet
  facet normal 0.924101 0.382147 0
    outer loop
      vertex -158.341 -109.338 1.2
      vertex -158.451 -109.072 0
      vertex -158.451 -109.072 1.2
    endloop
  endfacet
  facet normal 0.924101 0.382147 -0
    outer loop
      vertex -158.341 -109.338 0
      vertex -158.451 -109.072 0
      vertex -158.341 -109.338 1.2
    endloop
  endfacet
  facet normal 0.79327 0.60887 0
    outer loop
      vertex -158.166 -109.566 1.2
      vertex -158.341 -109.338 0
      vertex -158.341 -109.338 1.2
    endloop
  endfacet
  facet normal 0.79327 0.60887 -0
    outer loop
      vertex -158.166 -109.566 0
      vertex -158.341 -109.338 0
      vertex -158.166 -109.566 1.2
    endloop
  endfacet
  facet normal 0.608358 0.793663 0
    outer loop
      vertex -157.939 -109.74 1.2
      vertex -158.166 -109.566 0
      vertex -158.166 -109.566 1.2
    endloop
  endfacet
  facet normal 0.608358 0.793663 -0
    outer loop
      vertex -157.939 -109.74 0
      vertex -158.166 -109.566 0
      vertex -157.939 -109.74 1.2
    endloop
  endfacet
  facet normal 0.382147 0.924101 0
    outer loop
      vertex -157.673 -109.85 1.2
      vertex -157.939 -109.74 0
      vertex -157.939 -109.74 1.2
    endloop
  endfacet
  facet normal 0.382147 0.924101 -0
    outer loop
      vertex -157.673 -109.85 0
      vertex -157.939 -109.74 0
      vertex -157.673 -109.85 1.2
    endloop
  endfacet
  facet normal 0.132621 0.991167 0
    outer loop
      vertex -157.389 -109.888 1.2
      vertex -157.673 -109.85 0
      vertex -157.673 -109.85 1.2
    endloop
  endfacet
  facet normal 0.132621 0.991167 -0
    outer loop
      vertex -157.389 -109.888 0
      vertex -157.673 -109.85 0
      vertex -157.389 -109.888 1.2
    endloop
  endfacet
  facet normal -0.132164 0.991228 0
    outer loop
      vertex -157.104 -109.85 1.2
      vertex -157.389 -109.888 0
      vertex -157.389 -109.888 1.2
    endloop
  endfacet
  facet normal -0.132164 0.991228 0
    outer loop
      vertex -157.104 -109.85 0
      vertex -157.389 -109.888 0
      vertex -157.104 -109.85 1.2
    endloop
  endfacet
  facet normal -0.383378 0.923592 0
    outer loop
      vertex -156.839 -109.74 1.2
      vertex -157.104 -109.85 0
      vertex -157.104 -109.85 1.2
    endloop
  endfacet
  facet normal -0.383378 0.923592 0
    outer loop
      vertex -156.839 -109.74 0
      vertex -157.104 -109.85 0
      vertex -156.839 -109.74 1.2
    endloop
  endfacet
  facet normal -0.606673 0.794951 0
    outer loop
      vertex -156.611 -109.566 1.2
      vertex -156.839 -109.74 0
      vertex -156.839 -109.74 1.2
    endloop
  endfacet
  facet normal -0.606673 0.794951 0
    outer loop
      vertex -156.611 -109.566 0
      vertex -156.839 -109.74 0
      vertex -156.611 -109.566 1.2
    endloop
  endfacet
  facet normal -0.79327 0.60887 0
    outer loop
      vertex -156.436 -109.338 1.2
      vertex -156.611 -109.566 0
      vertex -156.611 -109.566 1.2
    endloop
  endfacet
  facet normal -0.79327 0.60887 0
    outer loop
      vertex -156.436 -109.338 0
      vertex -156.611 -109.566 0
      vertex -156.436 -109.338 1.2
    endloop
  endfacet
  facet normal -0.924101 0.382147 0
    outer loop
      vertex -156.326 -109.072 1.2
      vertex -156.436 -109.338 0
      vertex -156.436 -109.338 1.2
    endloop
  endfacet
  facet normal -0.924101 0.382147 0
    outer loop
      vertex -156.326 -109.072 0
      vertex -156.436 -109.338 0
      vertex -156.326 -109.072 1.2
    endloop
  endfacet
  facet normal -0.99121 0.132301 0
    outer loop
      vertex -123.665 -92.4476 1.2
      vertex -123.703 -92.7323 0
      vertex -123.703 -92.7323 1.2
    endloop
  endfacet
  facet normal -0.99121 0.132301 0
    outer loop
      vertex -123.665 -92.4476 0
      vertex -123.703 -92.7323 0
      vertex -123.665 -92.4476 1.2
    endloop
  endfacet
  facet normal -0.99121 -0.132301 0
    outer loop
      vertex -123.703 -92.1629 1.2
      vertex -123.665 -92.4476 0
      vertex -123.665 -92.4476 1.2
    endloop
  endfacet
  facet normal -0.99121 -0.132301 0
    outer loop
      vertex -123.703 -92.1629 0
      vertex -123.665 -92.4476 0
      vertex -123.703 -92.1629 1.2
    endloop
  endfacet
  facet normal -0.923745 -0.383008 0
    outer loop
      vertex -123.813 -91.8976 1.2
      vertex -123.703 -92.1629 0
      vertex -123.703 -92.1629 1.2
    endloop
  endfacet
  facet normal -0.923745 -0.383008 0
    outer loop
      vertex -123.813 -91.8976 0
      vertex -123.703 -92.1629 0
      vertex -123.813 -91.8976 1.2
    endloop
  endfacet
  facet normal -0.793012 -0.609206 0
    outer loop
      vertex -123.988 -91.6698 1.2
      vertex -123.813 -91.8976 0
      vertex -123.813 -91.8976 1.2
    endloop
  endfacet
  facet normal -0.793012 -0.609206 0
    outer loop
      vertex -123.988 -91.6698 0
      vertex -123.813 -91.8976 0
      vertex -123.988 -91.6698 1.2
    endloop
  endfacet
  facet normal -0.610335 -0.792144 0
    outer loop
      vertex -124.215 -91.4949 1.2
      vertex -123.988 -91.6698 0
      vertex -123.988 -91.6698 1.2
    endloop
  endfacet
  facet normal -0.610335 -0.792144 0
    outer loop
      vertex -124.215 -91.4949 0
      vertex -123.988 -91.6698 0
      vertex -124.215 -91.4949 1.2
    endloop
  endfacet
  facet normal -0.381554 -0.924347 0
    outer loop
      vertex -124.481 -91.3851 1.2
      vertex -124.215 -91.4949 0
      vertex -124.215 -91.4949 1.2
    endloop
  endfacet
  facet normal -0.381554 -0.924347 0
    outer loop
      vertex -124.481 -91.3851 0
      vertex -124.215 -91.4949 0
      vertex -124.481 -91.3851 1.2
    endloop
  endfacet
  facet normal -0.130906 -0.991395 0
    outer loop
      vertex -124.765 -91.3476 1.2
      vertex -124.481 -91.3851 0
      vertex -124.481 -91.3851 1.2
    endloop
  endfacet
  facet normal -0.130906 -0.991395 0
    outer loop
      vertex -124.765 -91.3476 0
      vertex -124.481 -91.3851 0
      vertex -124.765 -91.3476 1.2
    endloop
  endfacet
  facet normal 0.130455 -0.991454 0
    outer loop
      vertex -125.05 -91.3851 1.2
      vertex -124.765 -91.3476 0
      vertex -124.765 -91.3476 1.2
    endloop
  endfacet
  facet normal 0.130455 -0.991454 0
    outer loop
      vertex -125.05 -91.3851 0
      vertex -124.765 -91.3476 0
      vertex -125.05 -91.3851 1.2
    endloop
  endfacet
  facet normal 0.382783 -0.923838 0
    outer loop
      vertex -125.315 -91.4949 1.2
      vertex -125.05 -91.3851 0
      vertex -125.05 -91.3851 1.2
    endloop
  endfacet
  facet normal 0.382783 -0.923838 0
    outer loop
      vertex -125.315 -91.4949 0
      vertex -125.05 -91.3851 0
      vertex -125.315 -91.4949 1.2
    endloop
  endfacet
  facet normal 0.608651 -0.793438 0
    outer loop
      vertex -125.543 -91.6698 1.2
      vertex -125.315 -91.4949 0
      vertex -125.315 -91.4949 1.2
    endloop
  endfacet
  facet normal 0.608651 -0.793438 0
    outer loop
      vertex -125.543 -91.6698 0
      vertex -125.315 -91.4949 0
      vertex -125.543 -91.6698 1.2
    endloop
  endfacet
  facet normal 0.793012 -0.609206 0
    outer loop
      vertex -125.718 -91.8976 1.2
      vertex -125.543 -91.6698 0
      vertex -125.543 -91.6698 1.2
    endloop
  endfacet
  facet normal 0.793012 -0.609206 0
    outer loop
      vertex -125.718 -91.8976 0
      vertex -125.543 -91.6698 0
      vertex -125.718 -91.8976 1.2
    endloop
  endfacet
  facet normal 0.923745 -0.383008 0
    outer loop
      vertex -125.828 -92.1629 1.2
      vertex -125.718 -91.8976 0
      vertex -125.718 -91.8976 1.2
    endloop
  endfacet
  facet normal 0.923745 -0.383008 0
    outer loop
      vertex -125.828 -92.1629 0
      vertex -125.718 -91.8976 0
      vertex -125.828 -92.1629 1.2
    endloop
  endfacet
  facet normal 0.991661 -0.128878 0
    outer loop
      vertex -125.865 -92.4476 1.2
      vertex -125.828 -92.1629 0
      vertex -125.828 -92.1629 1.2
    endloop
  endfacet
  facet normal 0.991661 -0.128878 0
    outer loop
      vertex -125.865 -92.4476 0
      vertex -125.828 -92.1629 0
      vertex -125.865 -92.4476 1.2
    endloop
  endfacet
  facet normal 0.991661 0.128878 0
    outer loop
      vertex -125.828 -92.7323 1.2
      vertex -125.865 -92.4476 0
      vertex -125.865 -92.4476 1.2
    endloop
  endfacet
  facet normal 0.991661 0.128878 -0
    outer loop
      vertex -125.828 -92.7323 0
      vertex -125.865 -92.4476 0
      vertex -125.828 -92.7323 1.2
    endloop
  endfacet
  facet normal 0.923745 0.383008 0
    outer loop
      vertex -125.718 -92.9976 1.2
      vertex -125.828 -92.7323 0
      vertex -125.828 -92.7323 1.2
    endloop
  endfacet
  facet normal 0.923745 0.383008 -0
    outer loop
      vertex -125.718 -92.9976 0
      vertex -125.828 -92.7323 0
      vertex -125.718 -92.9976 1.2
    endloop
  endfacet
  facet normal 0.793012 0.609206 0
    outer loop
      vertex -125.543 -93.2254 1.2
      vertex -125.718 -92.9976 0
      vertex -125.718 -92.9976 1.2
    endloop
  endfacet
  facet normal 0.793012 0.609206 -0
    outer loop
      vertex -125.543 -93.2254 0
      vertex -125.718 -92.9976 0
      vertex -125.543 -93.2254 1.2
    endloop
  endfacet
  facet normal 0.608432 0.793606 0
    outer loop
      vertex -125.315 -93.4002 1.2
      vertex -125.543 -93.2254 0
      vertex -125.543 -93.2254 1.2
    endloop
  endfacet
  facet normal 0.608432 0.793606 -0
    outer loop
      vertex -125.315 -93.4002 0
      vertex -125.543 -93.2254 0
      vertex -125.315 -93.4002 1.2
    endloop
  endfacet
  facet normal 0.38308 0.923715 0
    outer loop
      vertex -125.05 -93.5101 1.2
      vertex -125.315 -93.4002 0
      vertex -125.315 -93.4002 1.2
    endloop
  endfacet
  facet normal 0.38308 0.923715 -0
    outer loop
      vertex -125.05 -93.5101 0
      vertex -125.315 -93.4002 0
      vertex -125.05 -93.5101 1.2
    endloop
  endfacet
  facet normal 0.130455 0.991454 0
    outer loop
      vertex -124.765 -93.5476 1.2
      vertex -125.05 -93.5101 0
      vertex -125.05 -93.5101 1.2
    endloop
  endfacet
  facet normal 0.130455 0.991454 -0
    outer loop
      vertex -124.765 -93.5476 0
      vertex -125.05 -93.5101 0
      vertex -124.765 -93.5476 1.2
    endloop
  endfacet
  facet normal -0.130906 0.991395 0
    outer loop
      vertex -124.481 -93.5101 1.2
      vertex -124.765 -93.5476 0
      vertex -124.765 -93.5476 1.2
    endloop
  endfacet
  facet normal -0.130906 0.991395 0
    outer loop
      vertex -124.481 -93.5101 0
      vertex -124.765 -93.5476 0
      vertex -124.481 -93.5101 1.2
    endloop
  endfacet
  facet normal -0.38185 0.924224 0
    outer loop
      vertex -124.215 -93.4002 1.2
      vertex -124.481 -93.5101 0
      vertex -124.481 -93.5101 1.2
    endloop
  endfacet
  facet normal -0.38185 0.924224 0
    outer loop
      vertex -124.215 -93.4002 0
      vertex -124.481 -93.5101 0
      vertex -124.215 -93.4002 1.2
    endloop
  endfacet
  facet normal -0.610116 0.792312 0
    outer loop
      vertex -123.988 -93.2254 1.2
      vertex -124.215 -93.4002 0
      vertex -124.215 -93.4002 1.2
    endloop
  endfacet
  facet normal -0.610116 0.792312 0
    outer loop
      vertex -123.988 -93.2254 0
      vertex -124.215 -93.4002 0
      vertex -123.988 -93.2254 1.2
    endloop
  endfacet
  facet normal -0.793012 0.609206 0
    outer loop
      vertex -123.813 -92.9976 1.2
      vertex -123.988 -93.2254 0
      vertex -123.988 -93.2254 1.2
    endloop
  endfacet
  facet normal -0.793012 0.609206 0
    outer loop
      vertex -123.813 -92.9976 0
      vertex -123.988 -93.2254 0
      vertex -123.813 -92.9976 1.2
    endloop
  endfacet
  facet normal -0.923745 0.383008 0
    outer loop
      vertex -123.703 -92.7323 1.2
      vertex -123.813 -92.9976 0
      vertex -123.813 -92.9976 1.2
    endloop
  endfacet
  facet normal -0.923745 0.383008 0
    outer loop
      vertex -123.703 -92.7323 0
      vertex -123.813 -92.9976 0
      vertex -123.703 -92.7323 1.2
    endloop
  endfacet
  facet normal -0.99121 0.132301 0
    outer loop
      vertex -128.305 -56.3476 1.2
      vertex -128.343 -56.6323 0
      vertex -128.343 -56.6323 1.2
    endloop
  endfacet
  facet normal -0.99121 0.132301 0
    outer loop
      vertex -128.305 -56.3476 0
      vertex -128.343 -56.6323 0
      vertex -128.305 -56.3476 1.2
    endloop
  endfacet
  facet normal -0.99121 -0.132301 0
    outer loop
      vertex -128.343 -56.0629 1.2
      vertex -128.305 -56.3476 0
      vertex -128.305 -56.3476 1.2
    endloop
  endfacet
  facet normal -0.99121 -0.132301 0
    outer loop
      vertex -128.343 -56.0629 0
      vertex -128.305 -56.3476 0
      vertex -128.343 -56.0629 1.2
    endloop
  endfacet
  facet normal -0.923745 -0.383008 0
    outer loop
      vertex -128.453 -55.7976 1.2
      vertex -128.343 -56.0629 0
      vertex -128.343 -56.0629 1.2
    endloop
  endfacet
  facet normal -0.923745 -0.383008 0
    outer loop
      vertex -128.453 -55.7976 0
      vertex -128.343 -56.0629 0
      vertex -128.453 -55.7976 1.2
    endloop
  endfacet
  facet normal -0.793012 -0.609206 0
    outer loop
      vertex -128.628 -55.5698 1.2
      vertex -128.453 -55.7976 0
      vertex -128.453 -55.7976 1.2
    endloop
  endfacet
  facet normal -0.793012 -0.609206 0
    outer loop
      vertex -128.628 -55.5698 0
      vertex -128.453 -55.7976 0
      vertex -128.628 -55.5698 1.2
    endloop
  endfacet
  facet normal -0.610116 -0.792312 0
    outer loop
      vertex -128.855 -55.395 1.2
      vertex -128.628 -55.5698 0
      vertex -128.628 -55.5698 1.2
    endloop
  endfacet
  facet normal -0.610116 -0.792312 0
    outer loop
      vertex -128.855 -55.395 0
      vertex -128.628 -55.5698 0
      vertex -128.855 -55.395 1.2
    endloop
  endfacet
  facet normal -0.38185 -0.924224 0
    outer loop
      vertex -129.121 -55.2851 1.2
      vertex -128.855 -55.395 0
      vertex -128.855 -55.395 1.2
    endloop
  endfacet
  facet normal -0.38185 -0.924224 0
    outer loop
      vertex -129.121 -55.2851 0
      vertex -128.855 -55.395 0
      vertex -129.121 -55.2851 1.2
    endloop
  endfacet
  facet normal -0.130906 -0.991395 0
    outer loop
      vertex -129.405 -55.2476 1.2
      vertex -129.121 -55.2851 0
      vertex -129.121 -55.2851 1.2
    endloop
  endfacet
  facet normal -0.130906 -0.991395 0
    outer loop
      vertex -129.405 -55.2476 0
      vertex -129.121 -55.2851 0
      vertex -129.405 -55.2476 1.2
    endloop
  endfacet
  facet normal 0.130455 -0.991454 0
    outer loop
      vertex -129.69 -55.2851 1.2
      vertex -129.405 -55.2476 0
      vertex -129.405 -55.2476 1.2
    endloop
  endfacet
  facet normal 0.130455 -0.991454 0
    outer loop
      vertex -129.69 -55.2851 0
      vertex -129.405 -55.2476 0
      vertex -129.69 -55.2851 1.2
    endloop
  endfacet
  facet normal 0.38308 -0.923715 0
    outer loop
      vertex -129.955 -55.395 1.2
      vertex -129.69 -55.2851 0
      vertex -129.69 -55.2851 1.2
    endloop
  endfacet
  facet normal 0.38308 -0.923715 0
    outer loop
      vertex -129.955 -55.395 0
      vertex -129.69 -55.2851 0
      vertex -129.955 -55.395 1.2
    endloop
  endfacet
  facet normal 0.608432 -0.793606 0
    outer loop
      vertex -130.183 -55.5698 1.2
      vertex -129.955 -55.395 0
      vertex -129.955 -55.395 1.2
    endloop
  endfacet
  facet normal 0.608432 -0.793606 0
    outer loop
      vertex -130.183 -55.5698 0
      vertex -129.955 -55.395 0
      vertex -130.183 -55.5698 1.2
    endloop
  endfacet
  facet normal 0.793012 -0.609206 0
    outer loop
      vertex -130.358 -55.7976 1.2
      vertex -130.183 -55.5698 0
      vertex -130.183 -55.5698 1.2
    endloop
  endfacet
  facet normal 0.793012 -0.609206 0
    outer loop
      vertex -130.358 -55.7976 0
      vertex -130.183 -55.5698 0
      vertex -130.358 -55.7976 1.2
    endloop
  endfacet
  facet normal 0.923745 -0.383008 0
    outer loop
      vertex -130.468 -56.0629 1.2
      vertex -130.358 -55.7976 0
      vertex -130.358 -55.7976 1.2
    endloop
  endfacet
  facet normal 0.923745 -0.383008 0
    outer loop
      vertex -130.468 -56.0629 0
      vertex -130.358 -55.7976 0
      vertex -130.468 -56.0629 1.2
    endloop
  endfacet
  facet normal 0.991661 -0.128878 0
    outer loop
      vertex -130.505 -56.3476 1.2
      vertex -130.468 -56.0629 0
      vertex -130.468 -56.0629 1.2
    endloop
  endfacet
  facet normal 0.991661 -0.128878 0
    outer loop
      vertex -130.505 -56.3476 0
      vertex -130.468 -56.0629 0
      vertex -130.505 -56.3476 1.2
    endloop
  endfacet
  facet normal 0.991661 0.128878 0
    outer loop
      vertex -130.468 -56.6323 1.2
      vertex -130.505 -56.3476 0
      vertex -130.505 -56.3476 1.2
    endloop
  endfacet
  facet normal 0.991661 0.128878 -0
    outer loop
      vertex -130.468 -56.6323 0
      vertex -130.505 -56.3476 0
      vertex -130.468 -56.6323 1.2
    endloop
  endfacet
  facet normal 0.923745 0.383008 0
    outer loop
      vertex -130.358 -56.8976 1.2
      vertex -130.468 -56.6323 0
      vertex -130.468 -56.6323 1.2
    endloop
  endfacet
  facet normal 0.923745 0.383008 -0
    outer loop
      vertex -130.358 -56.8976 0
      vertex -130.468 -56.6323 0
      vertex -130.358 -56.8976 1.2
    endloop
  endfacet
  facet normal 0.793012 0.609206 0
    outer loop
      vertex -130.183 -57.1254 1.2
      vertex -130.358 -56.8976 0
      vertex -130.358 -56.8976 1.2
    endloop
  endfacet
  facet normal 0.793012 0.609206 -0
    outer loop
      vertex -130.183 -57.1254 0
      vertex -130.358 -56.8976 0
      vertex -130.183 -57.1254 1.2
    endloop
  endfacet
  facet normal 0.608432 0.793606 0
    outer loop
      vertex -129.955 -57.3002 1.2
      vertex -130.183 -57.1254 0
      vertex -130.183 -57.1254 1.2
    endloop
  endfacet
  facet normal 0.608432 0.793606 -0
    outer loop
      vertex -129.955 -57.3002 0
      vertex -130.183 -57.1254 0
      vertex -129.955 -57.3002 1.2
    endloop
  endfacet
  facet normal 0.38308 0.923715 0
    outer loop
      vertex -129.69 -57.4101 1.2
      vertex -129.955 -57.3002 0
      vertex -129.955 -57.3002 1.2
    endloop
  endfacet
  facet normal 0.38308 0.923715 -0
    outer loop
      vertex -129.69 -57.4101 0
      vertex -129.955 -57.3002 0
      vertex -129.69 -57.4101 1.2
    endloop
  endfacet
  facet normal 0.130455 0.991454 0
    outer loop
      vertex -129.405 -57.4476 1.2
      vertex -129.69 -57.4101 0
      vertex -129.69 -57.4101 1.2
    endloop
  endfacet
  facet normal 0.130455 0.991454 -0
    outer loop
      vertex -129.405 -57.4476 0
      vertex -129.69 -57.4101 0
      vertex -129.405 -57.4476 1.2
    endloop
  endfacet
  facet normal -0.130906 0.991395 0
    outer loop
      vertex -129.121 -57.4101 1.2
      vertex -129.405 -57.4476 0
      vertex -129.405 -57.4476 1.2
    endloop
  endfacet
  facet normal -0.130906 0.991395 0
    outer loop
      vertex -129.121 -57.4101 0
      vertex -129.405 -57.4476 0
      vertex -129.121 -57.4101 1.2
    endloop
  endfacet
  facet normal -0.38185 0.924224 0
    outer loop
      vertex -128.855 -57.3002 1.2
      vertex -129.121 -57.4101 0
      vertex -129.121 -57.4101 1.2
    endloop
  endfacet
  facet normal -0.38185 0.924224 0
    outer loop
      vertex -128.855 -57.3002 0
      vertex -129.121 -57.4101 0
      vertex -128.855 -57.3002 1.2
    endloop
  endfacet
  facet normal -0.610116 0.792312 0
    outer loop
      vertex -128.628 -57.1254 1.2
      vertex -128.855 -57.3002 0
      vertex -128.855 -57.3002 1.2
    endloop
  endfacet
  facet normal -0.610116 0.792312 0
    outer loop
      vertex -128.628 -57.1254 0
      vertex -128.855 -57.3002 0
      vertex -128.628 -57.1254 1.2
    endloop
  endfacet
  facet normal -0.793012 0.609206 0
    outer loop
      vertex -128.453 -56.8976 1.2
      vertex -128.628 -57.1254 0
      vertex -128.628 -57.1254 1.2
    endloop
  endfacet
  facet normal -0.793012 0.609206 0
    outer loop
      vertex -128.453 -56.8976 0
      vertex -128.628 -57.1254 0
      vertex -128.453 -56.8976 1.2
    endloop
  endfacet
  facet normal -0.923745 0.383008 0
    outer loop
      vertex -128.343 -56.6323 1.2
      vertex -128.453 -56.8976 0
      vertex -128.453 -56.8976 1.2
    endloop
  endfacet
  facet normal -0.923745 0.383008 0
    outer loop
      vertex -128.343 -56.6323 0
      vertex -128.453 -56.8976 0
      vertex -128.343 -56.6323 1.2
    endloop
  endfacet
  facet normal -0.991437 0.13059 0
    outer loop
      vertex -73.3513 -76.3676 1.2
      vertex -73.3888 -76.6523 0
      vertex -73.3888 -76.6523 1.2
    endloop
  endfacet
  facet normal -0.991437 0.13059 0
    outer loop
      vertex -73.3513 -76.3676 0
      vertex -73.3888 -76.6523 0
      vertex -73.3513 -76.3676 1.2
    endloop
  endfacet
  facet normal -0.991437 -0.13059 0
    outer loop
      vertex -73.3888 -76.0829 1.2
      vertex -73.3513 -76.3676 0
      vertex -73.3513 -76.3676 1.2
    endloop
  endfacet
  facet normal -0.991437 -0.13059 0
    outer loop
      vertex -73.3888 -76.0829 0
      vertex -73.3513 -76.3676 0
      vertex -73.3888 -76.0829 1.2
    endloop
  endfacet
  facet normal -0.923868 -0.382711 0
    outer loop
      vertex -73.4987 -75.8176 1.2
      vertex -73.3888 -76.0829 0
      vertex -73.3888 -76.0829 1.2
    endloop
  endfacet
  facet normal -0.923868 -0.382711 0
    outer loop
      vertex -73.4987 -75.8176 0
      vertex -73.3888 -76.0829 0
      vertex -73.4987 -75.8176 1.2
    endloop
  endfacet
  facet normal -0.793348 -0.608768 0
    outer loop
      vertex -73.6735 -75.5898 1.2
      vertex -73.4987 -75.8176 0
      vertex -73.4987 -75.8176 1.2
    endloop
  endfacet
  facet normal -0.793348 -0.608768 0
    outer loop
      vertex -73.6735 -75.5898 0
      vertex -73.4987 -75.8176 0
      vertex -73.6735 -75.5898 1.2
    endloop
  endfacet
  facet normal -0.608768 -0.793348 0
    outer loop
      vertex -73.9013 -75.415 1.2
      vertex -73.6735 -75.5898 0
      vertex -73.6735 -75.5898 1.2
    endloop
  endfacet
  facet normal -0.608768 -0.793348 0
    outer loop
      vertex -73.9013 -75.415 0
      vertex -73.6735 -75.5898 0
      vertex -73.9013 -75.415 1.2
    endloop
  endfacet
  facet normal -0.382711 -0.923868 0
    outer loop
      vertex -74.1666 -75.3051 1.2
      vertex -73.9013 -75.415 0
      vertex -73.9013 -75.415 1.2
    endloop
  endfacet
  facet normal -0.382711 -0.923868 0
    outer loop
      vertex -74.1666 -75.3051 0
      vertex -73.9013 -75.415 0
      vertex -74.1666 -75.3051 1.2
    endloop
  endfacet
  facet normal -0.13059 -0.991437 0
    outer loop
      vertex -74.4513 -75.2676 1.2
      vertex -74.1666 -75.3051 0
      vertex -74.1666 -75.3051 1.2
    endloop
  endfacet
  facet normal -0.13059 -0.991437 0
    outer loop
      vertex -74.4513 -75.2676 0
      vertex -74.1666 -75.3051 0
      vertex -74.4513 -75.2676 1.2
    endloop
  endfacet
  facet normal 0.13059 -0.991437 0
    outer loop
      vertex -74.736 -75.3051 1.2
      vertex -74.4513 -75.2676 0
      vertex -74.4513 -75.2676 1.2
    endloop
  endfacet
  facet normal 0.13059 -0.991437 0
    outer loop
      vertex -74.736 -75.3051 0
      vertex -74.4513 -75.2676 0
      vertex -74.736 -75.3051 1.2
    endloop
  endfacet
  facet normal 0.382711 -0.923868 0
    outer loop
      vertex -75.0013 -75.415 1.2
      vertex -74.736 -75.3051 0
      vertex -74.736 -75.3051 1.2
    endloop
  endfacet
  facet normal 0.382711 -0.923868 0
    outer loop
      vertex -75.0013 -75.415 0
      vertex -74.736 -75.3051 0
      vertex -75.0013 -75.415 1.2
    endloop
  endfacet
  facet normal 0.608768 -0.793348 0
    outer loop
      vertex -75.2291 -75.5898 1.2
      vertex -75.0013 -75.415 0
      vertex -75.0013 -75.415 1.2
    endloop
  endfacet
  facet normal 0.608768 -0.793348 0
    outer loop
      vertex -75.2291 -75.5898 0
      vertex -75.0013 -75.415 0
      vertex -75.2291 -75.5898 1.2
    endloop
  endfacet
  facet normal 0.79318 -0.608987 0
    outer loop
      vertex -75.404 -75.8176 1.2
      vertex -75.2291 -75.5898 0
      vertex -75.2291 -75.5898 1.2
    endloop
  endfacet
  facet normal 0.79318 -0.608987 0
    outer loop
      vertex -75.404 -75.8176 0
      vertex -75.2291 -75.5898 0
      vertex -75.404 -75.8176 1.2
    endloop
  endfacet
  facet normal 0.923991 -0.382413 0
    outer loop
      vertex -75.5138 -76.0829 1.2
      vertex -75.404 -75.8176 0
      vertex -75.404 -75.8176 1.2
    endloop
  endfacet
  facet normal 0.923991 -0.382413 0
    outer loop
      vertex -75.5138 -76.0829 0
      vertex -75.404 -75.8176 0
      vertex -75.5138 -76.0829 1.2
    endloop
  endfacet
  facet normal 0.991437 -0.13059 0
    outer loop
      vertex -75.5513 -76.3676 1.2
      vertex -75.5138 -76.0829 0
      vertex -75.5138 -76.0829 1.2
    endloop
  endfacet
  facet normal 0.991437 -0.13059 0
    outer loop
      vertex -75.5513 -76.3676 0
      vertex -75.5138 -76.0829 0
      vertex -75.5513 -76.3676 1.2
    endloop
  endfacet
  facet normal 0.991437 0.13059 0
    outer loop
      vertex -75.5138 -76.6523 1.2
      vertex -75.5513 -76.3676 0
      vertex -75.5513 -76.3676 1.2
    endloop
  endfacet
  facet normal 0.991437 0.13059 -0
    outer loop
      vertex -75.5138 -76.6523 0
      vertex -75.5513 -76.3676 0
      vertex -75.5138 -76.6523 1.2
    endloop
  endfacet
  facet normal 0.923991 0.382413 0
    outer loop
      vertex -75.404 -76.9176 1.2
      vertex -75.5138 -76.6523 0
      vertex -75.5138 -76.6523 1.2
    endloop
  endfacet
  facet normal 0.923991 0.382413 -0
    outer loop
      vertex -75.404 -76.9176 0
      vertex -75.5138 -76.6523 0
      vertex -75.404 -76.9176 1.2
    endloop
  endfacet
  facet normal 0.79318 0.608987 0
    outer loop
      vertex -75.2291 -77.1454 1.2
      vertex -75.404 -76.9176 0
      vertex -75.404 -76.9176 1.2
    endloop
  endfacet
  facet normal 0.79318 0.608987 -0
    outer loop
      vertex -75.2291 -77.1454 0
      vertex -75.404 -76.9176 0
      vertex -75.2291 -77.1454 1.2
    endloop
  endfacet
  facet normal 0.608768 0.793348 0
    outer loop
      vertex -75.0013 -77.3202 1.2
      vertex -75.2291 -77.1454 0
      vertex -75.2291 -77.1454 1.2
    endloop
  endfacet
  facet normal 0.608768 0.793348 -0
    outer loop
      vertex -75.0013 -77.3202 0
      vertex -75.2291 -77.1454 0
      vertex -75.0013 -77.3202 1.2
    endloop
  endfacet
  facet normal 0.382711 0.923868 0
    outer loop
      vertex -74.736 -77.4301 1.2
      vertex -75.0013 -77.3202 0
      vertex -75.0013 -77.3202 1.2
    endloop
  endfacet
  facet normal 0.382711 0.923868 -0
    outer loop
      vertex -74.736 -77.4301 0
      vertex -75.0013 -77.3202 0
      vertex -74.736 -77.4301 1.2
    endloop
  endfacet
  facet normal 0.13059 0.991437 0
    outer loop
      vertex -74.4513 -77.4676 1.2
      vertex -74.736 -77.4301 0
      vertex -74.736 -77.4301 1.2
    endloop
  endfacet
  facet normal 0.13059 0.991437 -0
    outer loop
      vertex -74.4513 -77.4676 0
      vertex -74.736 -77.4301 0
      vertex -74.4513 -77.4676 1.2
    endloop
  endfacet
  facet normal -0.13059 0.991437 0
    outer loop
      vertex -74.1666 -77.4301 1.2
      vertex -74.4513 -77.4676 0
      vertex -74.4513 -77.4676 1.2
    endloop
  endfacet
  facet normal -0.13059 0.991437 0
    outer loop
      vertex -74.1666 -77.4301 0
      vertex -74.4513 -77.4676 0
      vertex -74.1666 -77.4301 1.2
    endloop
  endfacet
  facet normal -0.382711 0.923868 0
    outer loop
      vertex -73.9013 -77.3202 1.2
      vertex -74.1666 -77.4301 0
      vertex -74.1666 -77.4301 1.2
    endloop
  endfacet
  facet normal -0.382711 0.923868 0
    outer loop
      vertex -73.9013 -77.3202 0
      vertex -74.1666 -77.4301 0
      vertex -73.9013 -77.3202 1.2
    endloop
  endfacet
  facet normal -0.608768 0.793348 0
    outer loop
      vertex -73.6735 -77.1454 1.2
      vertex -73.9013 -77.3202 0
      vertex -73.9013 -77.3202 1.2
    endloop
  endfacet
  facet normal -0.608768 0.793348 0
    outer loop
      vertex -73.6735 -77.1454 0
      vertex -73.9013 -77.3202 0
      vertex -73.6735 -77.1454 1.2
    endloop
  endfacet
  facet normal -0.793348 0.608768 0
    outer loop
      vertex -73.4987 -76.9176 1.2
      vertex -73.6735 -77.1454 0
      vertex -73.6735 -77.1454 1.2
    endloop
  endfacet
  facet normal -0.793348 0.608768 0
    outer loop
      vertex -73.4987 -76.9176 0
      vertex -73.6735 -77.1454 0
      vertex -73.4987 -76.9176 1.2
    endloop
  endfacet
  facet normal -0.923868 0.382711 0
    outer loop
      vertex -73.3888 -76.6523 1.2
      vertex -73.4987 -76.9176 0
      vertex -73.4987 -76.9176 1.2
    endloop
  endfacet
  facet normal -0.923868 0.382711 0
    outer loop
      vertex -73.3888 -76.6523 0
      vertex -73.4987 -76.9176 0
      vertex -73.3888 -76.6523 1.2
    endloop
  endfacet
  facet normal 0.990268 -0.139173 0
    outer loop
      vertex -49.7472 -50.9579 6
      vertex -52.475 -70.3672 0
      vertex -49.7472 -50.9579 0
    endloop
  endfacet
  facet normal 0.990268 -0.139173 0
    outer loop
      vertex -52.475 -70.3672 6
      vertex -52.475 -70.3672 0
      vertex -49.7472 -50.9579 6
    endloop
  endfacet
  facet normal 0.990268 -0.139173 0
    outer loop
      vertex -49.7316 -50.8469 6
      vertex -49.7472 -50.9579 0
      vertex -49.7316 -50.8469 0
    endloop
  endfacet
  facet normal 0.990268 -0.139173 0
    outer loop
      vertex -49.7472 -50.9579 6
      vertex -49.7472 -50.9579 0
      vertex -49.7316 -50.8469 6
    endloop
  endfacet
  facet normal 0.999849 0.0173848 0
    outer loop
      vertex -49.7355 -50.6226 6
      vertex -49.7316 -50.8469 0
      vertex -49.7355 -50.6226 0
    endloop
  endfacet
  facet normal 0.999849 0.0173848 0
    outer loop
      vertex -49.7316 -50.8469 6
      vertex -49.7316 -50.8469 0
      vertex -49.7355 -50.6226 6
    endloop
  endfacet
  facet normal 0.98477 0.173862 0
    outer loop
      vertex -49.7745 -50.4017 6
      vertex -49.7355 -50.6226 0
      vertex -49.7745 -50.4017 0
    endloop
  endfacet
  facet normal 0.98477 0.173862 0
    outer loop
      vertex -49.7355 -50.6226 6
      vertex -49.7355 -50.6226 0
      vertex -49.7745 -50.4017 6
    endloop
  endfacet
  facet normal 0.945562 0.325441 0
    outer loop
      vertex -49.8475 -50.1896 6
      vertex -49.7745 -50.4017 0
      vertex -49.8475 -50.1896 0
    endloop
  endfacet
  facet normal 0.945562 0.325441 0
    outer loop
      vertex -49.7745 -50.4017 6
      vertex -49.7745 -50.4017 0
      vertex -49.8475 -50.1896 6
    endloop
  endfacet
  facet normal 0.882908 0.469546 0
    outer loop
      vertex -49.9528 -49.9916 6
      vertex -49.8475 -50.1896 0
      vertex -49.9528 -49.9916 0
    endloop
  endfacet
  facet normal 0.882908 0.469546 0
    outer loop
      vertex -49.8475 -50.1896 6
      vertex -49.8475 -50.1896 0
      vertex -49.9528 -49.9916 6
    endloop
  endfacet
  facet normal 0.798715 0.60171 0
    outer loop
      vertex -50.0878 -49.8124 6
      vertex -49.9528 -49.9916 0
      vertex -50.0878 -49.8124 0
    endloop
  endfacet
  facet normal 0.798715 0.60171 0
    outer loop
      vertex -49.9528 -49.9916 6
      vertex -49.9528 -49.9916 0
      vertex -50.0878 -49.8124 6
    endloop
  endfacet
  facet normal 0.694738 0.719263 0
    outer loop
      vertex -50.2491 -49.6566 6
      vertex -50.0878 -49.8124 0
      vertex -50.2491 -49.6566 0
    endloop
  endfacet
  facet normal 0.694738 0.719263 0
    outer loop
      vertex -50.0878 -49.8124 6
      vertex -50.0878 -49.8124 0
      vertex -50.2491 -49.6566 6
    endloop
  endfacet
  facet normal 0.573582 0.819148 0
    outer loop
      vertex -50.4329 -49.5279 6
      vertex -50.2491 -49.6566 0
      vertex -50.4329 -49.5279 0
    endloop
  endfacet
  facet normal 0.573582 0.819148 0
    outer loop
      vertex -50.2491 -49.6566 6
      vertex -50.2491 -49.6566 0
      vertex -50.4329 -49.5279 6
    endloop
  endfacet
  facet normal 0.43845 0.898756 0
    outer loop
      vertex -50.6344 -49.4296 6
      vertex -50.4329 -49.5279 0
      vertex -50.6344 -49.4296 0
    endloop
  endfacet
  facet normal 0.43845 0.898756 0
    outer loop
      vertex -50.4329 -49.5279 6
      vertex -50.4329 -49.5279 0
      vertex -50.6344 -49.4296 6
    endloop
  endfacet
  facet normal 0.292456 0.956279 0
    outer loop
      vertex -50.8489 -49.364 6
      vertex -50.6344 -49.4296 0
      vertex -50.8489 -49.364 0
    endloop
  endfacet
  facet normal 0.292456 0.956279 0
    outer loop
      vertex -50.6344 -49.4296 6
      vertex -50.6344 -49.4296 0
      vertex -50.8489 -49.364 6
    endloop
  endfacet
  facet normal 0.138665 0.990339 0
    outer loop
      vertex -50.9596 -49.3485 6
      vertex -50.8489 -49.364 0
      vertex -50.9596 -49.3485 0
    endloop
  endfacet
  facet normal 0.138665 0.990339 0
    outer loop
      vertex -50.8489 -49.364 6
      vertex -50.8489 -49.364 0
      vertex -50.9596 -49.3485 6
    endloop
  endfacet
  facet normal 0 1 0
    outer loop
      vertex -50.96 -49.3485 6
      vertex -50.9596 -49.3485 0
      vertex -50.96 -49.3485 0
    endloop
  endfacet
  facet normal 0 1 0
    outer loop
      vertex -50.9596 -49.3485 6
      vertex -50.9596 -49.3485 0
      vertex -50.96 -49.3485 6
    endloop
  endfacet
  facet normal 0.139174 0.990268 0
    outer loop
      vertex -69.5474 -46.7362 6
      vertex -50.96 -49.3485 0
      vertex -69.5474 -46.7362 0
    endloop
  endfacet
  facet normal 0.139174 0.990268 0
    outer loop
      vertex -50.96 -49.3485 6
      vertex -50.96 -49.3485 0
      vertex -69.5474 -46.7362 6
    endloop
  endfacet
  facet normal 0.221187 0.975232 0
    outer loop
      vertex -69.722 -46.6966 6
      vertex -69.5474 -46.7362 0
      vertex -69.722 -46.6966 0
    endloop
  endfacet
  facet normal 0.221187 0.975232 0
    outer loop
      vertex -69.5474 -46.7362 6
      vertex -69.5474 -46.7362 0
      vertex -69.722 -46.6966 6
    endloop
  endfacet
  facet normal 0.380132 0.924932 0
    outer loop
      vertex -69.8877 -46.6285 6
      vertex -69.722 -46.6966 0
      vertex -69.8877 -46.6285 0
    endloop
  endfacet
  facet normal 0.380132 0.924932 0
    outer loop
      vertex -69.722 -46.6966 6
      vertex -69.722 -46.6966 0
      vertex -69.8877 -46.6285 6
    endloop
  endfacet
  facet normal 0.528391 0.849001 0
    outer loop
      vertex -70.0397 -46.5339 6
      vertex -69.8877 -46.6285 0
      vertex -70.0397 -46.5339 0
    endloop
  endfacet
  facet normal 0.528391 0.849001 0
    outer loop
      vertex -69.8877 -46.6285 6
      vertex -69.8877 -46.6285 0
      vertex -70.0397 -46.5339 6
    endloop
  endfacet
  facet normal 0.661622 0.749838 0
    outer loop
      vertex -70.174 -46.4154 6
      vertex -70.0397 -46.5339 0
      vertex -70.174 -46.4154 0
    endloop
  endfacet
  facet normal 0.661622 0.749838 0
    outer loop
      vertex -70.0397 -46.5339 6
      vertex -70.0397 -46.5339 0
      vertex -70.174 -46.4154 6
    endloop
  endfacet
  facet normal 0.777479 0.628909 0
    outer loop
      vertex -70.2866 -46.2762 6
      vertex -70.174 -46.4154 0
      vertex -70.2866 -46.2762 0
    endloop
  endfacet
  facet normal 0.777479 0.628909 0
    outer loop
      vertex -70.174 -46.4154 6
      vertex -70.174 -46.4154 0
      vertex -70.2866 -46.2762 6
    endloop
  endfacet
  facet normal 0.870604 0.491984 0
    outer loop
      vertex -70.3747 -46.1203 6
      vertex -70.2866 -46.2762 0
      vertex -70.3747 -46.1203 0
    endloop
  endfacet
  facet normal 0.870604 0.491984 0
    outer loop
      vertex -70.2866 -46.2762 6
      vertex -70.2866 -46.2762 0
      vertex -70.3747 -46.1203 6
    endloop
  endfacet
  facet normal 0.940395 0.340084 0
    outer loop
      vertex -70.4356 -45.9519 6
      vertex -70.3747 -46.1203 0
      vertex -70.4356 -45.9519 0
    endloop
  endfacet
  facet normal 0.940395 0.340084 0
    outer loop
      vertex -70.3747 -46.1203 6
      vertex -70.3747 -46.1203 0
      vertex -70.4356 -45.9519 6
    endloop
  endfacet
  facet normal 0.983807 0.179229 0
    outer loop
      vertex -70.4677 -45.7757 6
      vertex -70.4356 -45.9519 0
      vertex -70.4677 -45.7757 0
    endloop
  endfacet
  facet normal 0.983807 0.179229 0
    outer loop
      vertex -70.4356 -45.9519 6
      vertex -70.4356 -45.9519 0
      vertex -70.4677 -45.7757 6
    endloop
  endfacet
  facet normal 0.999903 0.0139573 0
    outer loop
      vertex -70.4702 -45.5966 6
      vertex -70.4677 -45.7757 0
      vertex -70.4702 -45.5966 0
    endloop
  endfacet
  facet normal 0.999903 0.0139573 0
    outer loop
      vertex -70.4677 -45.7757 6
      vertex -70.4677 -45.7757 0
      vertex -70.4702 -45.5966 6
    endloop
  endfacet
  facet normal 0.997563 -0.0697773 0
    outer loop
      vertex -70.1753 -41.3806 6
      vertex -70.4702 -45.5966 0
      vertex -70.1753 -41.3806 0
    endloop
  endfacet
  facet normal 0.997563 -0.0697773 0
    outer loop
      vertex -70.4702 -45.5966 6
      vertex -70.4702 -45.5966 0
      vertex -70.1753 -41.3806 6
    endloop
  endfacet
  facet normal 0.997575 -0.0695983 0
    outer loop
      vertex -70.1675 -41.2688 6
      vertex -70.1753 -41.3806 0
      vertex -70.1675 -41.2688 0
    endloop
  endfacet
  facet normal 0.997575 -0.0695983 0
    outer loop
      vertex -70.1753 -41.3806 6
      vertex -70.1753 -41.3806 0
      vertex -70.1675 -41.2688 6
    endloop
  endfacet
  facet normal 0.996177 0.0873605 0
    outer loop
      vertex -70.1871 -41.0453 6
      vertex -70.1675 -41.2688 0
      vertex -70.1871 -41.0453 0
    endloop
  endfacet
  facet normal 0.996177 0.0873605 0
    outer loop
      vertex -70.1675 -41.2688 6
      vertex -70.1675 -41.2688 0
      vertex -70.1871 -41.0453 6
    endloop
  endfacet
  facet normal 0.970352 0.241696 0
    outer loop
      vertex -70.2413 -40.8277 6
      vertex -70.1871 -41.0453 0
      vertex -70.2413 -40.8277 0
    endloop
  endfacet
  facet normal 0.970352 0.241696 0
    outer loop
      vertex -70.1871 -41.0453 6
      vertex -70.1871 -41.0453 0
      vertex -70.2413 -40.8277 6
    endloop
  endfacet
  facet normal 0.920431 0.390905 0
    outer loop
      vertex -70.329 -40.6212 6
      vertex -70.2413 -40.8277 0
      vertex -70.329 -40.6212 0
    endloop
  endfacet
  facet normal 0.920431 0.390905 0
    outer loop
      vertex -70.2413 -40.8277 6
      vertex -70.2413 -40.8277 0
      vertex -70.329 -40.6212 6
    endloop
  endfacet
  facet normal 0.848149 0.529758 0
    outer loop
      vertex -70.4478 -40.431 6
      vertex -70.329 -40.6212 0
      vertex -70.4478 -40.431 0
    endloop
  endfacet
  facet normal 0.848149 0.529758 0
    outer loop
      vertex -70.329 -40.6212 6
      vertex -70.329 -40.6212 0
      vertex -70.4478 -40.431 6
    endloop
  endfacet
  facet normal 0.754644 0.656135 0
    outer loop
      vertex -70.595 -40.2617 6
      vertex -70.4478 -40.431 0
      vertex -70.595 -40.2617 0
    endloop
  endfacet
  facet normal 0.754644 0.656135 0
    outer loop
      vertex -70.4478 -40.431 6
      vertex -70.4478 -40.431 0
      vertex -70.595 -40.2617 6
    endloop
  endfacet
  facet normal 0.642899 0.765951 0
    outer loop
      vertex -70.7668 -40.1175 6
      vertex -70.595 -40.2617 0
      vertex -70.7668 -40.1175 0
    endloop
  endfacet
  facet normal 0.642899 0.765951 0
    outer loop
      vertex -70.595 -40.2617 6
      vertex -70.595 -40.2617 0
      vertex -70.7668 -40.1175 6
    endloop
  endfacet
  facet normal 0.514889 0.857257 0
    outer loop
      vertex -70.9591 -40.002 6
      vertex -70.7668 -40.1175 0
      vertex -70.9591 -40.002 0
    endloop
  endfacet
  facet normal 0.514889 0.857257 0
    outer loop
      vertex -70.7668 -40.1175 6
      vertex -70.7668 -40.1175 0
      vertex -70.9591 -40.002 6
    endloop
  endfacet
  facet normal 0.374618 0.927179 0
    outer loop
      vertex -71.167 -39.918 6
      vertex -70.9591 -40.002 0
      vertex -71.167 -39.918 0
    endloop
  endfacet
  facet normal 0.374618 0.927179 0
    outer loop
      vertex -70.9591 -40.002 6
      vertex -70.9591 -40.002 0
      vertex -71.167 -39.918 6
    endloop
  endfacet
  facet normal 0.224664 0.974436 0
    outer loop
      vertex -71.3856 -39.8676 6
      vertex -71.167 -39.918 0
      vertex -71.3856 -39.8676 0
    endloop
  endfacet
  facet normal 0.224664 0.974436 0
    outer loop
      vertex -71.167 -39.918 6
      vertex -71.167 -39.918 0
      vertex -71.3856 -39.8676 6
    endloop
  endfacet
  facet normal 0.0704235 0.997517 0
    outer loop
      vertex -71.4975 -39.8597 0
      vertex -71.3856 -39.8676 6
      vertex -71.3856 -39.8676 0
    endloop
  endfacet
  facet normal 0.0704235 0.997517 0
    outer loop
      vertex -71.4975 -39.8597 6
      vertex -71.3856 -39.8676 6
      vertex -71.4975 -39.8597 0
    endloop
  endfacet
  facet normal 0.0697552 0.997564 0
    outer loop
      vertex -90.3404 -38.5421 6
      vertex -71.4975 -39.8597 0
      vertex -90.3404 -38.5421 0
    endloop
  endfacet
  facet normal 0.0697552 0.997564 0
    outer loop
      vertex -71.4975 -39.8597 6
      vertex -71.4975 -39.8597 0
      vertex -90.3404 -38.5421 6
    endloop
  endfacet
  facet normal 0.141421 0.989949 0
    outer loop
      vertex -90.3418 -38.5419 6
      vertex -90.3404 -38.5421 0
      vertex -90.3418 -38.5419 0
    endloop
  endfacet
  facet normal 0.141421 0.989949 0
    outer loop
      vertex -90.3404 -38.5421 6
      vertex -90.3404 -38.5421 0
      vertex -90.3418 -38.5419 6
    endloop
  endfacet
  facet normal 0.153072 0.988215 0
    outer loop
      vertex -90.5174 -38.5147 6
      vertex -90.3418 -38.5419 0
      vertex -90.5174 -38.5147 0
    endloop
  endfacet
  facet normal 0.153072 0.988215 0
    outer loop
      vertex -90.3418 -38.5419 6
      vertex -90.3418 -38.5419 0
      vertex -90.5174 -38.5147 6
    endloop
  endfacet
  facet normal 0.314551 0.949241 0
    outer loop
      vertex -90.6873 -38.4584 6
      vertex -90.5174 -38.5147 0
      vertex -90.6873 -38.4584 0
    endloop
  endfacet
  facet normal 0.314551 0.949241 0
    outer loop
      vertex -90.5174 -38.5147 6
      vertex -90.5174 -38.5147 0
      vertex -90.6873 -38.4584 6
    endloop
  endfacet
  facet normal 0.467426 0.884032 0
    outer loop
      vertex -90.8456 -38.3747 6
      vertex -90.6873 -38.4584 0
      vertex -90.8456 -38.3747 0
    endloop
  endfacet
  facet normal 0.467426 0.884032 0
    outer loop
      vertex -90.6873 -38.4584 6
      vertex -90.6873 -38.4584 0
      vertex -90.8456 -38.3747 6
    endloop
  endfacet
  facet normal 0.608009 0.79393 0
    outer loop
      vertex -90.9878 -38.2658 6
      vertex -90.8456 -38.3747 0
      vertex -90.9878 -38.2658 0
    endloop
  endfacet
  facet normal 0.608009 0.79393 0
    outer loop
      vertex -90.8456 -38.3747 6
      vertex -90.8456 -38.3747 0
      vertex -90.9878 -38.2658 6
    endloop
  endfacet
  facet normal 0.731519 0.681821 0
    outer loop
      vertex -91.1099 -38.1348 6
      vertex -90.9878 -38.2658 0
      vertex -91.1099 -38.1348 0
    endloop
  endfacet
  facet normal 0.731519 0.681821 0
    outer loop
      vertex -90.9878 -38.2658 6
      vertex -90.9878 -38.2658 0
      vertex -91.1099 -38.1348 6
    endloop
  endfacet
  facet normal 0.834363 0.551216 0
    outer loop
      vertex -91.2086 -37.9854 6
      vertex -91.1099 -38.1348 0
      vertex -91.2086 -37.9854 0
    endloop
  endfacet
  facet normal 0.834363 0.551216 0
    outer loop
      vertex -91.1099 -38.1348 6
      vertex -91.1099 -38.1348 0
      vertex -91.2086 -37.9854 6
    endloop
  endfacet
  facet normal 0.914341 0.404946 0
    outer loop
      vertex -91.2811 -37.8217 6
      vertex -91.2086 -37.9854 0
      vertex -91.2811 -37.8217 0
    endloop
  endfacet
  facet normal 0.914341 0.404946 0
    outer loop
      vertex -91.2086 -37.9854 6
      vertex -91.2086 -37.9854 0
      vertex -91.2811 -37.8217 6
    endloop
  endfacet
  facet normal 0.968781 0.247919 0
    outer loop
      vertex -91.3255 -37.6482 6
      vertex -91.2811 -37.8217 0
      vertex -91.3255 -37.6482 0
    endloop
  endfacet
  facet normal 0.968781 0.247919 0
    outer loop
      vertex -91.2811 -37.8217 6
      vertex -91.2811 -37.8217 0
      vertex -91.3255 -37.6482 6
    endloop
  endfacet
  facet normal 0.996534 0.0831841 0
    outer loop
      vertex -91.3404 -37.4697 6
      vertex -91.3255 -37.6482 0
      vertex -91.3404 -37.4697 0
    endloop
  endfacet
  facet normal 0.996534 0.0831841 0
    outer loop
      vertex -91.3255 -37.6482 6
      vertex -91.3255 -37.6482 0
      vertex -91.3404 -37.4697 6
    endloop
  endfacet
  facet normal 1 0 0
    outer loop
      vertex -91.3404 -34.9476 6
      vertex -91.3404 -37.4697 0
      vertex -91.3404 -34.9476 0
    endloop
  endfacet
  facet normal 1 -0 0
    outer loop
      vertex -91.3404 -37.4697 6
      vertex -91.3404 -37.4697 0
      vertex -91.3404 -34.9476 6
    endloop
  endfacet
  facet normal 1 0 0
    outer loop
      vertex -91.3404 -34.8354 6
      vertex -91.3404 -34.9476 0
      vertex -91.3404 -34.8354 0
    endloop
  endfacet
  facet normal 1 -0 0
    outer loop
      vertex -91.3404 -34.9476 6
      vertex -91.3404 -34.9476 0
      vertex -91.3404 -34.8354 6
    endloop
  endfacet
  facet normal 0.987676 0.156512 0
    outer loop
      vertex -91.3755 -34.6139 6
      vertex -91.3404 -34.8354 0
      vertex -91.3755 -34.6139 0
    endloop
  endfacet
  facet normal 0.987676 0.156512 0
    outer loop
      vertex -91.3404 -34.8354 6
      vertex -91.3404 -34.8354 0
      vertex -91.3755 -34.6139 6
    endloop
  endfacet
  facet normal 0.951064 0.308995 0
    outer loop
      vertex -91.4448 -34.4006 6
      vertex -91.3755 -34.6139 0
      vertex -91.4448 -34.4006 0
    endloop
  endfacet
  facet normal 0.951064 0.308995 0
    outer loop
      vertex -91.3755 -34.6139 6
      vertex -91.3755 -34.6139 0
      vertex -91.4448 -34.4006 6
    endloop
  endfacet
  facet normal 0.891104 0.453799 0
    outer loop
      vertex -91.5466 -34.2007 6
      vertex -91.4448 -34.4006 0
      vertex -91.5466 -34.2007 0
    endloop
  endfacet
  facet normal 0.891104 0.453799 0
    outer loop
      vertex -91.4448 -34.4006 6
      vertex -91.4448 -34.4006 0
      vertex -91.5466 -34.2007 6
    endloop
  endfacet
  facet normal 0.808794 0.588092 0
    outer loop
      vertex -91.6785 -34.0193 6
      vertex -91.5466 -34.2007 0
      vertex -91.6785 -34.0193 0
    endloop
  endfacet
  facet normal 0.808794 0.588092 0
    outer loop
      vertex -91.5466 -34.2007 6
      vertex -91.5466 -34.2007 0
      vertex -91.6785 -34.0193 6
    endloop
  endfacet
  facet normal 0.707107 0.707107 0
    outer loop
      vertex -91.8371 -33.8607 6
      vertex -91.6785 -34.0193 0
      vertex -91.8371 -33.8607 0
    endloop
  endfacet
  facet normal 0.707107 0.707107 0
    outer loop
      vertex -91.6785 -34.0193 6
      vertex -91.6785 -34.0193 0
      vertex -91.8371 -33.8607 6
    endloop
  endfacet
  facet normal 0.588092 0.808794 0
    outer loop
      vertex -92.0185 -33.7288 6
      vertex -91.8371 -33.8607 0
      vertex -92.0185 -33.7288 0
    endloop
  endfacet
  facet normal 0.588092 0.808794 0
    outer loop
      vertex -91.8371 -33.8607 6
      vertex -91.8371 -33.8607 0
      vertex -92.0185 -33.7288 6
    endloop
  endfacet
  facet normal 0.453799 0.891104 0
    outer loop
      vertex -92.2184 -33.627 6
      vertex -92.0185 -33.7288 0
      vertex -92.2184 -33.627 0
    endloop
  endfacet
  facet normal 0.453799 0.891104 0
    outer loop
      vertex -92.0185 -33.7288 6
      vertex -92.0185 -33.7288 0
      vertex -92.2184 -33.627 6
    endloop
  endfacet
  facet normal 0.308995 0.951064 0
    outer loop
      vertex -92.4317 -33.5577 6
      vertex -92.2184 -33.627 0
      vertex -92.4317 -33.5577 0
    endloop
  endfacet
  facet normal 0.308995 0.951064 0
    outer loop
      vertex -92.2184 -33.627 6
      vertex -92.2184 -33.627 0
      vertex -92.4317 -33.5577 6
    endloop
  endfacet
  facet normal 0.156512 0.987676 0
    outer loop
      vertex -92.6532 -33.5226 6
      vertex -92.4317 -33.5577 0
      vertex -92.6532 -33.5226 0
    endloop
  endfacet
  facet normal 0.156512 0.987676 0
    outer loop
      vertex -92.4317 -33.5577 6
      vertex -92.4317 -33.5577 0
      vertex -92.6532 -33.5226 6
    endloop
  endfacet
  facet normal 0 1 0
    outer loop
      vertex -92.7654 -33.5226 0
      vertex -92.6532 -33.5226 6
      vertex -92.6532 -33.5226 0
    endloop
  endfacet
  facet normal -0 1 0
    outer loop
      vertex -92.7654 -33.5226 6
      vertex -92.6532 -33.5226 6
      vertex -92.7654 -33.5226 0
    endloop
  endfacet
  facet normal 0 1 0
    outer loop
      vertex -112.878 -33.5226 6
      vertex -92.7654 -33.5226 0
      vertex -112.878 -33.5226 0
    endloop
  endfacet
  facet normal 0 1 0
    outer loop
      vertex -92.7654 -33.5226 6
      vertex -92.7654 -33.5226 0
      vertex -112.878 -33.5226 6
    endloop
  endfacet
  facet normal -0.156857 0.987621 0
    outer loop
      vertex -113.099 -33.5577 6
      vertex -112.878 -33.5226 0
      vertex -113.099 -33.5577 0
    endloop
  endfacet
  facet normal -0.156857 0.987621 0
    outer loop
      vertex -112.878 -33.5226 6
      vertex -112.878 -33.5226 0
      vertex -113.099 -33.5577 6
    endloop
  endfacet
  facet normal -0.309389 0.950936 0
    outer loop
      vertex -113.312 -33.627 6
      vertex -113.099 -33.5577 0
      vertex -113.312 -33.627 0
    endloop
  endfacet
  facet normal -0.309389 0.950936 0
    outer loop
      vertex -113.099 -33.5577 6
      vertex -113.099 -33.5577 0
      vertex -113.312 -33.627 6
    endloop
  endfacet
  facet normal -0.453619 0.891196 0
    outer loop
      vertex -113.512 -33.7288 6
      vertex -113.312 -33.627 0
      vertex -113.512 -33.7288 0
    endloop
  endfacet
  facet normal -0.453619 0.891196 0
    outer loop
      vertex -113.312 -33.627 6
      vertex -113.312 -33.627 0
      vertex -113.512 -33.7288 6
    endloop
  endfacet
  facet normal -0.58653 0.809928 0
    outer loop
      vertex -113.694 -33.8606 6
      vertex -113.512 -33.7288 0
      vertex -113.694 -33.8606 0
    endloop
  endfacet
  facet normal -0.58653 0.809928 0
    outer loop
      vertex -113.512 -33.7288 6
      vertex -113.512 -33.7288 0
      vertex -113.694 -33.8606 6
    endloop
  endfacet
  facet normal -0.708668 0.705542 0
    outer loop
      vertex -113.852 -34.0193 6
      vertex -113.694 -33.8606 0
      vertex -113.852 -34.0193 0
    endloop
  endfacet
  facet normal -0.708668 0.705542 0
    outer loop
      vertex -113.694 -33.8606 6
      vertex -113.694 -33.8606 0
      vertex -113.852 -34.0193 6
    endloop
  endfacet
  facet normal -0.808582 0.588384 0
    outer loop
      vertex -113.984 -34.2007 6
      vertex -113.852 -34.0193 0
      vertex -113.984 -34.2007 0
    endloop
  endfacet
  facet normal -0.808582 0.588384 0
    outer loop
      vertex -113.852 -34.0193 6
      vertex -113.852 -34.0193 0
      vertex -113.984 -34.2007 6
    endloop
  endfacet
  facet normal -0.890743 0.454506 0
    outer loop
      vertex -114.086 -34.4006 6
      vertex -113.984 -34.2007 0
      vertex -114.086 -34.4006 0
    endloop
  endfacet
  facet normal -0.890743 0.454506 0
    outer loop
      vertex -113.984 -34.2007 6
      vertex -113.984 -34.2007 0
      vertex -114.086 -34.4006 6
    endloop
  endfacet
  facet normal -0.951456 0.307785 0
    outer loop
      vertex -114.155 -34.6139 6
      vertex -114.086 -34.4006 0
      vertex -114.155 -34.6139 0
    endloop
  endfacet
  facet normal -0.951456 0.307785 0
    outer loop
      vertex -114.086 -34.4006 6
      vertex -114.086 -34.4006 0
      vertex -114.155 -34.6139 6
    endloop
  endfacet
  facet normal -0.987745 0.156077 0
    outer loop
      vertex -114.19 -34.8354 6
      vertex -114.155 -34.6139 0
      vertex -114.19 -34.8354 0
    endloop
  endfacet
  facet normal -0.987745 0.156077 0
    outer loop
      vertex -114.155 -34.6139 6
      vertex -114.155 -34.6139 0
      vertex -114.19 -34.8354 6
    endloop
  endfacet
  facet normal -1 0 0
    outer loop
      vertex -114.19 -34.9476 6
      vertex -114.19 -34.8354 0
      vertex -114.19 -34.9476 0
    endloop
  endfacet
  facet normal -1 -0 -0
    outer loop
      vertex -114.19 -34.8354 6
      vertex -114.19 -34.8354 0
      vertex -114.19 -34.9476 6
    endloop
  endfacet
  facet normal -1 0 0
    outer loop
      vertex -114.19 -35.8476 6
      vertex -114.19 -34.9476 0
      vertex -114.19 -35.8476 0
    endloop
  endfacet
  facet normal -1 -0 -0
    outer loop
      vertex -114.19 -34.9476 6
      vertex -114.19 -34.9476 0
      vertex -114.19 -35.8476 6
    endloop
  endfacet
  facet normal -0.99588 0.09068 0
    outer loop
      vertex -114.207 -36.0343 6
      vertex -114.19 -35.8476 0
      vertex -114.207 -36.0343 0
    endloop
  endfacet
  facet normal -0.99588 0.09068 0
    outer loop
      vertex -114.19 -35.8476 6
      vertex -114.19 -35.8476 0
      vertex -114.207 -36.0343 6
    endloop
  endfacet
  facet normal -0.966589 0.256333 0
    outer loop
      vertex -114.255 -36.2153 6
      vertex -114.207 -36.0343 0
      vertex -114.255 -36.2153 0
    endloop
  endfacet
  facet normal -0.966589 0.256333 0
    outer loop
      vertex -114.207 -36.0343 6
      vertex -114.207 -36.0343 0
      vertex -114.255 -36.2153 6
    endloop
  endfacet
  facet normal -0.906674 0.421833 0
    outer loop
      vertex -114.334 -36.3851 6
      vertex -114.255 -36.2153 0
      vertex -114.334 -36.3851 0
    endloop
  endfacet
  facet normal -0.906674 0.421833 0
    outer loop
      vertex -114.255 -36.2153 6
      vertex -114.255 -36.2153 0
      vertex -114.334 -36.3851 6
    endloop
  endfacet
  facet normal -0.817853 0.575427 0
    outer loop
      vertex -114.442 -36.5386 6
      vertex -114.334 -36.3851 0
      vertex -114.442 -36.5386 0
    endloop
  endfacet
  facet normal -0.817853 0.575427 0
    outer loop
      vertex -114.334 -36.3851 6
      vertex -114.334 -36.3851 0
      vertex -114.442 -36.5386 6
    endloop
  endfacet
  facet normal -0.708442 0.705769 0
    outer loop
      vertex -114.574 -36.6711 6
      vertex -114.442 -36.5386 0
      vertex -114.574 -36.6711 0
    endloop
  endfacet
  facet normal -0.708442 0.705769 0
    outer loop
      vertex -114.442 -36.5386 6
      vertex -114.442 -36.5386 0
      vertex -114.574 -36.6711 6
    endloop
  endfacet
  facet normal -0.57239 0.819982 0
    outer loop
      vertex -114.728 -36.7786 6
      vertex -114.574 -36.6711 0
      vertex -114.728 -36.7786 0
    endloop
  endfacet
  facet normal -0.57239 0.819982 0
    outer loop
      vertex -114.574 -36.6711 6
      vertex -114.574 -36.6711 0
      vertex -114.728 -36.7786 6
    endloop
  endfacet
  facet normal -0.421863 0.906659 0
    outer loop
      vertex -114.898 -36.8577 6
      vertex -114.728 -36.7786 0
      vertex -114.898 -36.8577 0
    endloop
  endfacet
  facet normal -0.421863 0.906659 0
    outer loop
      vertex -114.728 -36.7786 6
      vertex -114.728 -36.7786 0
      vertex -114.898 -36.8577 6
    endloop
  endfacet
  facet normal -0.258825 0.965924 0
    outer loop
      vertex -115.079 -36.9062 6
      vertex -114.898 -36.8577 0
      vertex -115.079 -36.9062 0
    endloop
  endfacet
  facet normal -0.258825 0.965924 0
    outer loop
      vertex -114.898 -36.8577 6
      vertex -114.898 -36.8577 0
      vertex -115.079 -36.9062 6
    endloop
  endfacet
  facet normal -0.0878313 0.996135 0
    outer loop
      vertex -115.265 -36.9226 6
      vertex -115.079 -36.9062 0
      vertex -115.265 -36.9226 0
    endloop
  endfacet
  facet normal -0.0878313 0.996135 0
    outer loop
      vertex -115.079 -36.9062 6
      vertex -115.079 -36.9062 0
      vertex -115.265 -36.9226 6
    endloop
  endfacet
  facet normal 0 1 0
    outer loop
      vertex -130.878 -36.9226 6
      vertex -115.265 -36.9226 0
      vertex -130.878 -36.9226 0
    endloop
  endfacet
  facet normal 0 1 0
    outer loop
      vertex -115.265 -36.9226 6
      vertex -115.265 -36.9226 0
      vertex -130.878 -36.9226 6
    endloop
  endfacet
  facet normal -0.156857 0.987621 0
    outer loop
      vertex -131.099 -36.9577 6
      vertex -130.878 -36.9226 0
      vertex -131.099 -36.9577 0
    endloop
  endfacet
  facet normal -0.156857 0.987621 0
    outer loop
      vertex -130.878 -36.9226 6
      vertex -130.878 -36.9226 0
      vertex -131.099 -36.9577 6
    endloop
  endfacet
  facet normal -0.309389 0.950936 0
    outer loop
      vertex -131.312 -37.027 6
      vertex -131.099 -36.9577 0
      vertex -131.312 -37.027 0
    endloop
  endfacet
  facet normal -0.309389 0.950936 0
    outer loop
      vertex -131.099 -36.9577 6
      vertex -131.099 -36.9577 0
      vertex -131.312 -37.027 6
    endloop
  endfacet
  facet normal -0.453619 0.891196 0
    outer loop
      vertex -131.512 -37.1288 6
      vertex -131.312 -37.027 0
      vertex -131.512 -37.1288 0
    endloop
  endfacet
  facet normal -0.453619 0.891196 0
    outer loop
      vertex -131.312 -37.027 6
      vertex -131.312 -37.027 0
      vertex -131.512 -37.1288 6
    endloop
  endfacet
  facet normal -0.586822 0.809716 0
    outer loop
      vertex -131.694 -37.2607 6
      vertex -131.512 -37.1288 0
      vertex -131.694 -37.2607 0
    endloop
  endfacet
  facet normal -0.586822 0.809716 0
    outer loop
      vertex -131.512 -37.1288 6
      vertex -131.512 -37.1288 0
      vertex -131.694 -37.2607 6
    endloop
  endfacet
  facet normal -0.708446 0.705765 0
    outer loop
      vertex -131.852 -37.4193 6
      vertex -131.694 -37.2607 0
      vertex -131.852 -37.4193 0
    endloop
  endfacet
  facet normal -0.708446 0.705765 0
    outer loop
      vertex -131.694 -37.2607 6
      vertex -131.694 -37.2607 0
      vertex -131.852 -37.4193 6
    endloop
  endfacet
  facet normal -0.808582 0.588384 0
    outer loop
      vertex -131.984 -37.6007 6
      vertex -131.852 -37.4193 0
      vertex -131.984 -37.6007 0
    endloop
  endfacet
  facet normal -0.808582 0.588384 0
    outer loop
      vertex -131.852 -37.4193 6
      vertex -131.852 -37.4193 0
      vertex -131.984 -37.6007 6
    endloop
  endfacet
  facet normal -0.890743 0.454506 0
    outer loop
      vertex -132.086 -37.8006 6
      vertex -131.984 -37.6007 0
      vertex -132.086 -37.8006 0
    endloop
  endfacet
  facet normal -0.890743 0.454506 0
    outer loop
      vertex -131.984 -37.6007 6
      vertex -131.984 -37.6007 0
      vertex -132.086 -37.8006 6
    endloop
  endfacet
  facet normal -0.951456 0.307785 0
    outer loop
      vertex -132.155 -38.0139 6
      vertex -132.086 -37.8006 0
      vertex -132.155 -38.0139 0
    endloop
  endfacet
  facet normal -0.951456 0.307785 0
    outer loop
      vertex -132.086 -37.8006 6
      vertex -132.086 -37.8006 0
      vertex -132.155 -38.0139 6
    endloop
  endfacet
  facet normal -0.987745 0.156077 0
    outer loop
      vertex -132.19 -38.2354 6
      vertex -132.155 -38.0139 0
      vertex -132.19 -38.2354 0
    endloop
  endfacet
  facet normal -0.987745 0.156077 0
    outer loop
      vertex -132.155 -38.0139 6
      vertex -132.155 -38.0139 0
      vertex -132.19 -38.2354 6
    endloop
  endfacet
  facet normal -1 0 0
    outer loop
      vertex -132.19 -38.3476 6
      vertex -132.19 -38.2354 0
      vertex -132.19 -38.3476 0
    endloop
  endfacet
  facet normal -1 -0 -0
    outer loop
      vertex -132.19 -38.2354 6
      vertex -132.19 -38.2354 0
      vertex -132.19 -38.3476 6
    endloop
  endfacet
  facet normal -1 0 0
    outer loop
      vertex -132.19 -38.3976 6
      vertex -132.19 -38.3476 0
      vertex -132.19 -38.3976 0
    endloop
  endfacet
  facet normal -1 -0 -0
    outer loop
      vertex -132.19 -38.3476 6
      vertex -132.19 -38.3476 0
      vertex -132.19 -38.3976 6
    endloop
  endfacet
  facet normal -0.99588 0.09068 0
    outer loop
      vertex -132.207 -38.5843 6
      vertex -132.19 -38.3976 0
      vertex -132.207 -38.5843 0
    endloop
  endfacet
  facet normal -0.99588 0.09068 0
    outer loop
      vertex -132.19 -38.3976 6
      vertex -132.19 -38.3976 0
      vertex -132.207 -38.5843 6
    endloop
  endfacet
  facet normal -0.966589 0.256333 0
    outer loop
      vertex -132.255 -38.7653 6
      vertex -132.207 -38.5843 0
      vertex -132.255 -38.7653 0
    endloop
  endfacet
  facet normal -0.966589 0.256333 0
    outer loop
      vertex -132.207 -38.5843 6
      vertex -132.207 -38.5843 0
      vertex -132.255 -38.7653 6
    endloop
  endfacet
  facet normal -0.906674 0.421833 0
    outer loop
      vertex -132.334 -38.9351 6
      vertex -132.255 -38.7653 0
      vertex -132.334 -38.9351 0
    endloop
  endfacet
  facet normal -0.906674 0.421833 0
    outer loop
      vertex -132.255 -38.7653 6
      vertex -132.255 -38.7653 0
      vertex -132.334 -38.9351 6
    endloop
  endfacet
  facet normal -0.817853 0.575427 0
    outer loop
      vertex -132.442 -39.0886 6
      vertex -132.334 -38.9351 0
      vertex -132.442 -39.0886 0
    endloop
  endfacet
  facet normal -0.817853 0.575427 0
    outer loop
      vertex -132.334 -38.9351 6
      vertex -132.334 -38.9351 0
      vertex -132.442 -39.0886 6
    endloop
  endfacet
  facet normal -0.708442 0.705769 0
    outer loop
      vertex -132.574 -39.2211 6
      vertex -132.442 -39.0886 0
      vertex -132.574 -39.2211 0
    endloop
  endfacet
  facet normal -0.708442 0.705769 0
    outer loop
      vertex -132.442 -39.0886 6
      vertex -132.442 -39.0886 0
      vertex -132.574 -39.2211 6
    endloop
  endfacet
  facet normal -0.57239 0.819982 0
    outer loop
      vertex -132.728 -39.3286 6
      vertex -132.574 -39.2211 0
      vertex -132.728 -39.3286 0
    endloop
  endfacet
  facet normal -0.57239 0.819982 0
    outer loop
      vertex -132.574 -39.2211 6
      vertex -132.574 -39.2211 0
      vertex -132.728 -39.3286 6
    endloop
  endfacet
  facet normal -0.421863 0.906659 0
    outer loop
      vertex -132.898 -39.4077 6
      vertex -132.728 -39.3286 0
      vertex -132.898 -39.4077 0
    endloop
  endfacet
  facet normal -0.421863 0.906659 0
    outer loop
      vertex -132.728 -39.3286 6
      vertex -132.728 -39.3286 0
      vertex -132.898 -39.4077 6
    endloop
  endfacet
  facet normal -0.258825 0.965924 0
    outer loop
      vertex -133.079 -39.4562 6
      vertex -132.898 -39.4077 0
      vertex -133.079 -39.4562 0
    endloop
  endfacet
  facet normal -0.258825 0.965924 0
    outer loop
      vertex -132.898 -39.4077 6
      vertex -132.898 -39.4077 0
      vertex -133.079 -39.4562 6
    endloop
  endfacet
  facet normal -0.0878313 0.996135 0
    outer loop
      vertex -133.265 -39.4726 6
      vertex -133.079 -39.4562 0
      vertex -133.265 -39.4726 0
    endloop
  endfacet
  facet normal -0.0878313 0.996135 0
    outer loop
      vertex -133.079 -39.4562 6
      vertex -133.079 -39.4562 0
      vertex -133.265 -39.4726 6
    endloop
  endfacet
  facet normal 0 1 0
    outer loop
      vertex -148.878 -39.4726 6
      vertex -133.265 -39.4726 0
      vertex -148.878 -39.4726 0
    endloop
  endfacet
  facet normal 0 1 0
    outer loop
      vertex -133.265 -39.4726 6
      vertex -133.265 -39.4726 0
      vertex -148.878 -39.4726 6
    endloop
  endfacet
  facet normal -0.156857 0.987621 0
    outer loop
      vertex -149.099 -39.5077 6
      vertex -148.878 -39.4726 0
      vertex -149.099 -39.5077 0
    endloop
  endfacet
  facet normal -0.156857 0.987621 0
    outer loop
      vertex -148.878 -39.4726 6
      vertex -148.878 -39.4726 0
      vertex -149.099 -39.5077 6
    endloop
  endfacet
  facet normal -0.309389 0.950936 0
    outer loop
      vertex -149.312 -39.577 6
      vertex -149.099 -39.5077 0
      vertex -149.312 -39.577 0
    endloop
  endfacet
  facet normal -0.309389 0.950936 0
    outer loop
      vertex -149.099 -39.5077 6
      vertex -149.099 -39.5077 0
      vertex -149.312 -39.577 6
    endloop
  endfacet
  facet normal -0.453619 0.891196 0
    outer loop
      vertex -149.512 -39.6788 6
      vertex -149.312 -39.577 0
      vertex -149.512 -39.6788 0
    endloop
  endfacet
  facet normal -0.453619 0.891196 0
    outer loop
      vertex -149.312 -39.577 6
      vertex -149.312 -39.577 0
      vertex -149.512 -39.6788 6
    endloop
  endfacet
  facet normal -0.58653 0.809928 0
    outer loop
      vertex -149.694 -39.8106 6
      vertex -149.512 -39.6788 0
      vertex -149.694 -39.8106 0
    endloop
  endfacet
  facet normal -0.58653 0.809928 0
    outer loop
      vertex -149.512 -39.6788 6
      vertex -149.512 -39.6788 0
      vertex -149.694 -39.8106 6
    endloop
  endfacet
  facet normal -0.708668 0.705542 0
    outer loop
      vertex -149.852 -39.9693 6
      vertex -149.694 -39.8106 0
      vertex -149.852 -39.9693 0
    endloop
  endfacet
  facet normal -0.708668 0.705542 0
    outer loop
      vertex -149.694 -39.8106 6
      vertex -149.694 -39.8106 0
      vertex -149.852 -39.9693 6
    endloop
  endfacet
  facet normal -0.808582 0.588384 0
    outer loop
      vertex -149.984 -40.1507 6
      vertex -149.852 -39.9693 0
      vertex -149.984 -40.1507 0
    endloop
  endfacet
  facet normal -0.808582 0.588384 0
    outer loop
      vertex -149.852 -39.9693 6
      vertex -149.852 -39.9693 0
      vertex -149.984 -40.1507 6
    endloop
  endfacet
  facet normal -0.890743 0.454506 0
    outer loop
      vertex -150.086 -40.3506 6
      vertex -149.984 -40.1507 0
      vertex -150.086 -40.3506 0
    endloop
  endfacet
  facet normal -0.890743 0.454506 0
    outer loop
      vertex -149.984 -40.1507 6
      vertex -149.984 -40.1507 0
      vertex -150.086 -40.3506 6
    endloop
  endfacet
  facet normal -0.951456 0.307785 0
    outer loop
      vertex -150.155 -40.5639 6
      vertex -150.086 -40.3506 0
      vertex -150.155 -40.5639 0
    endloop
  endfacet
  facet normal -0.951456 0.307785 0
    outer loop
      vertex -150.086 -40.3506 6
      vertex -150.086 -40.3506 0
      vertex -150.155 -40.5639 6
    endloop
  endfacet
  facet normal -0.987745 0.156077 0
    outer loop
      vertex -150.19 -40.7854 6
      vertex -150.155 -40.5639 0
      vertex -150.19 -40.7854 0
    endloop
  endfacet
  facet normal -0.987745 0.156077 0
    outer loop
      vertex -150.155 -40.5639 6
      vertex -150.155 -40.5639 0
      vertex -150.19 -40.7854 6
    endloop
  endfacet
  facet normal -1 0 0
    outer loop
      vertex -150.19 -40.8976 6
      vertex -150.19 -40.7854 0
      vertex -150.19 -40.8976 0
    endloop
  endfacet
  facet normal -1 -0 -0
    outer loop
      vertex -150.19 -40.7854 6
      vertex -150.19 -40.7854 0
      vertex -150.19 -40.8976 6
    endloop
  endfacet
  facet normal -1 0 0
    outer loop
      vertex -150.19 -43.8976 6
      vertex -150.19 -40.8976 0
      vertex -150.19 -43.8976 0
    endloop
  endfacet
  facet normal -1 -0 -0
    outer loop
      vertex -150.19 -40.8976 6
      vertex -150.19 -40.8976 0
      vertex -150.19 -43.8976 6
    endloop
  endfacet
  facet normal -0.99588 0.09068 0
    outer loop
      vertex -150.207 -44.0843 6
      vertex -150.19 -43.8976 0
      vertex -150.207 -44.0843 0
    endloop
  endfacet
  facet normal -0.99588 0.09068 0
    outer loop
      vertex -150.19 -43.8976 6
      vertex -150.19 -43.8976 0
      vertex -150.207 -44.0843 6
    endloop
  endfacet
  facet normal -0.966589 0.256333 0
    outer loop
      vertex -150.255 -44.2653 6
      vertex -150.207 -44.0843 0
      vertex -150.255 -44.2653 0
    endloop
  endfacet
  facet normal -0.966589 0.256333 0
    outer loop
      vertex -150.207 -44.0843 6
      vertex -150.207 -44.0843 0
      vertex -150.255 -44.2653 6
    endloop
  endfacet
  facet normal -0.906674 0.421833 0
    outer loop
      vertex -150.334 -44.4351 6
      vertex -150.255 -44.2653 0
      vertex -150.334 -44.4351 0
    endloop
  endfacet
  facet normal -0.906674 0.421833 0
    outer loop
      vertex -150.255 -44.2653 6
      vertex -150.255 -44.2653 0
      vertex -150.334 -44.4351 6
    endloop
  endfacet
  facet normal -0.817853 0.575427 0
    outer loop
      vertex -150.442 -44.5886 6
      vertex -150.334 -44.4351 0
      vertex -150.442 -44.5886 0
    endloop
  endfacet
  facet normal -0.817853 0.575427 0
    outer loop
      vertex -150.334 -44.4351 6
      vertex -150.334 -44.4351 0
      vertex -150.442 -44.5886 6
    endloop
  endfacet
  facet normal -0.708442 0.705769 0
    outer loop
      vertex -150.574 -44.7211 6
      vertex -150.442 -44.5886 0
      vertex -150.574 -44.7211 0
    endloop
  endfacet
  facet normal -0.708442 0.705769 0
    outer loop
      vertex -150.442 -44.5886 6
      vertex -150.442 -44.5886 0
      vertex -150.574 -44.7211 6
    endloop
  endfacet
  facet normal -0.57239 0.819982 0
    outer loop
      vertex -150.728 -44.8286 6
      vertex -150.574 -44.7211 0
      vertex -150.728 -44.8286 0
    endloop
  endfacet
  facet normal -0.57239 0.819982 0
    outer loop
      vertex -150.574 -44.7211 6
      vertex -150.574 -44.7211 0
      vertex -150.728 -44.8286 6
    endloop
  endfacet
  facet normal -0.421863 0.906659 0
    outer loop
      vertex -150.898 -44.9077 6
      vertex -150.728 -44.8286 0
      vertex -150.898 -44.9077 0
    endloop
  endfacet
  facet normal -0.421863 0.906659 0
    outer loop
      vertex -150.728 -44.8286 6
      vertex -150.728 -44.8286 0
      vertex -150.898 -44.9077 6
    endloop
  endfacet
  facet normal -0.258825 0.965924 0
    outer loop
      vertex -151.079 -44.9562 6
      vertex -150.898 -44.9077 0
      vertex -151.079 -44.9562 0
    endloop
  endfacet
  facet normal -0.258825 0.965924 0
    outer loop
      vertex -150.898 -44.9077 6
      vertex -150.898 -44.9077 0
      vertex -151.079 -44.9562 6
    endloop
  endfacet
  facet normal -0.0878313 0.996135 0
    outer loop
      vertex -151.265 -44.9726 6
      vertex -151.079 -44.9562 0
      vertex -151.265 -44.9726 0
    endloop
  endfacet
  facet normal -0.0878313 0.996135 0
    outer loop
      vertex -151.079 -44.9562 6
      vertex -151.079 -44.9562 0
      vertex -151.265 -44.9726 6
    endloop
  endfacet
  facet normal 0 1 0
    outer loop
      vertex -169.378 -44.9726 6
      vertex -151.265 -44.9726 0
      vertex -169.378 -44.9726 0
    endloop
  endfacet
  facet normal 0 1 0
    outer loop
      vertex -151.265 -44.9726 6
      vertex -151.265 -44.9726 0
      vertex -169.378 -44.9726 6
    endloop
  endfacet
  facet normal -0.156857 0.987621 0
    outer loop
      vertex -169.599 -45.0077 6
      vertex -169.378 -44.9726 0
      vertex -169.599 -45.0077 0
    endloop
  endfacet
  facet normal -0.156857 0.987621 0
    outer loop
      vertex -169.378 -44.9726 6
      vertex -169.378 -44.9726 0
      vertex -169.599 -45.0077 6
    endloop
  endfacet
  facet normal -0.309389 0.950936 0
    outer loop
      vertex -169.812 -45.077 6
      vertex -169.599 -45.0077 0
      vertex -169.812 -45.077 0
    endloop
  endfacet
  facet normal -0.309389 0.950936 0
    outer loop
      vertex -169.599 -45.0077 6
      vertex -169.599 -45.0077 0
      vertex -169.812 -45.077 6
    endloop
  endfacet
  facet normal -0.453619 0.891196 0
    outer loop
      vertex -170.012 -45.1788 6
      vertex -169.812 -45.077 0
      vertex -170.012 -45.1788 0
    endloop
  endfacet
  facet normal -0.453619 0.891196 0
    outer loop
      vertex -169.812 -45.077 6
      vertex -169.812 -45.077 0
      vertex -170.012 -45.1788 6
    endloop
  endfacet
  facet normal -0.58653 0.809928 0
    outer loop
      vertex -170.194 -45.3106 6
      vertex -170.012 -45.1788 0
      vertex -170.194 -45.3106 0
    endloop
  endfacet
  facet normal -0.58653 0.809928 0
    outer loop
      vertex -170.012 -45.1788 6
      vertex -170.012 -45.1788 0
      vertex -170.194 -45.3106 6
    endloop
  endfacet
  facet normal -0.708668 0.705542 0
    outer loop
      vertex -170.352 -45.4693 6
      vertex -170.194 -45.3106 0
      vertex -170.352 -45.4693 0
    endloop
  endfacet
  facet normal -0.708668 0.705542 0
    outer loop
      vertex -170.194 -45.3106 6
      vertex -170.194 -45.3106 0
      vertex -170.352 -45.4693 6
    endloop
  endfacet
  facet normal -0.808582 0.588384 0
    outer loop
      vertex -170.484 -45.6507 6
      vertex -170.352 -45.4693 0
      vertex -170.484 -45.6507 0
    endloop
  endfacet
  facet normal -0.808582 0.588384 0
    outer loop
      vertex -170.352 -45.4693 6
      vertex -170.352 -45.4693 0
      vertex -170.484 -45.6507 6
    endloop
  endfacet
  facet normal -0.890743 0.454506 0
    outer loop
      vertex -170.586 -45.8506 6
      vertex -170.484 -45.6507 0
      vertex -170.586 -45.8506 0
    endloop
  endfacet
  facet normal -0.890743 0.454506 0
    outer loop
      vertex -170.484 -45.6507 6
      vertex -170.484 -45.6507 0
      vertex -170.586 -45.8506 6
    endloop
  endfacet
  facet normal -0.951456 0.307785 0
    outer loop
      vertex -170.655 -46.0639 6
      vertex -170.586 -45.8506 0
      vertex -170.655 -46.0639 0
    endloop
  endfacet
  facet normal -0.951456 0.307785 0
    outer loop
      vertex -170.586 -45.8506 6
      vertex -170.586 -45.8506 0
      vertex -170.655 -46.0639 6
    endloop
  endfacet
  facet normal -0.987745 0.156077 0
    outer loop
      vertex -170.69 -46.2854 6
      vertex -170.655 -46.0639 0
      vertex -170.69 -46.2854 0
    endloop
  endfacet
  facet normal -0.987745 0.156077 0
    outer loop
      vertex -170.655 -46.0639 6
      vertex -170.655 -46.0639 0
      vertex -170.69 -46.2854 6
    endloop
  endfacet
  facet normal -1 0 0
    outer loop
      vertex -170.69 -46.3976 6
      vertex -170.69 -46.2854 0
      vertex -170.69 -46.3976 0
    endloop
  endfacet
  facet normal -1 -0 -0
    outer loop
      vertex -170.69 -46.2854 6
      vertex -170.69 -46.2854 0
      vertex -170.69 -46.3976 6
    endloop
  endfacet
  facet normal -0.995849 0.0910185 0
    outer loop
      vertex -170.707 -102.825 6
      vertex -170.69 -102.639 0
      vertex -170.707 -102.825 0
    endloop
  endfacet
  facet normal -0.995849 0.0910185 0
    outer loop
      vertex -170.69 -102.639 6
      vertex -170.69 -102.639 0
      vertex -170.707 -102.825 6
    endloop
  endfacet
  facet normal -0.966589 0.256333 0
    outer loop
      vertex -170.755 -103.006 6
      vertex -170.707 -102.825 0
      vertex -170.755 -103.006 0
    endloop
  endfacet
  facet normal -0.966589 0.256333 0
    outer loop
      vertex -170.707 -102.825 6
      vertex -170.707 -102.825 0
      vertex -170.755 -103.006 6
    endloop
  endfacet
  facet normal -0.906863 0.421425 0
    outer loop
      vertex -170.834 -103.176 6
      vertex -170.755 -103.006 0
      vertex -170.834 -103.176 0
    endloop
  endfacet
  facet normal -0.906863 0.421425 0
    outer loop
      vertex -170.755 -103.006 6
      vertex -170.755 -103.006 0
      vertex -170.834 -103.176 6
    endloop
  endfacet
  facet normal -0.818732 0.574176 0
    outer loop
      vertex -170.942 -103.33 6
      vertex -170.834 -103.176 0
      vertex -170.942 -103.33 0
    endloop
  endfacet
  facet normal -0.818732 0.574176 0
    outer loop
      vertex -170.834 -103.176 6
      vertex -170.834 -103.176 0
      vertex -170.942 -103.33 6
    endloop
  endfacet
  facet normal -0.707107 0.707107 0
    outer loop
      vertex -171.074 -103.462 6
      vertex -170.942 -103.33 0
      vertex -171.074 -103.462 0
    endloop
  endfacet
  facet normal -0.707107 0.707107 0
    outer loop
      vertex -170.942 -103.33 6
      vertex -170.942 -103.33 0
      vertex -171.074 -103.462 6
    endloop
  endfacet
  facet normal -0.574176 0.818732 0
    outer loop
      vertex -171.228 -103.57 0
      vertex -171.074 -103.462 6
      vertex -171.074 -103.462 0
    endloop
  endfacet
  facet normal -0.574176 0.818732 0
    outer loop
      vertex -171.228 -103.57 6
      vertex -171.074 -103.462 6
      vertex -171.228 -103.57 0
    endloop
  endfacet
  facet normal -0.499989 0.866032 0
    outer loop
      vertex -180.519 -108.934 6
      vertex -171.228 -103.57 0
      vertex -180.519 -108.934 0
    endloop
  endfacet
  facet normal -0.499989 0.866032 0
    outer loop
      vertex -171.228 -103.57 6
      vertex -171.228 -103.57 0
      vertex -180.519 -108.934 6
    endloop
  endfacet
  facet normal -0.49998 0.866037 0
    outer loop
      vertex -180.616 -108.99 6
      vertex -180.519 -108.934 0
      vertex -180.616 -108.99 0
    endloop
  endfacet
  facet normal -0.49998 0.866037 0
    outer loop
      vertex -180.519 -108.934 6
      vertex -180.519 -108.934 0
      vertex -180.616 -108.99 6
    endloop
  endfacet
  facet normal -0.629583 0.776933 0
    outer loop
      vertex -180.79 -109.131 6
      vertex -180.616 -108.99 0
      vertex -180.79 -109.131 0
    endloop
  endfacet
  facet normal -0.629583 0.776933 0
    outer loop
      vertex -180.616 -108.99 6
      vertex -180.616 -108.99 0
      vertex -180.79 -109.131 6
    endloop
  endfacet
  facet normal -0.741746 0.670681 0
    outer loop
      vertex -180.941 -109.298 6
      vertex -180.79 -109.131 0
      vertex -180.941 -109.298 0
    endloop
  endfacet
  facet normal -0.741746 0.670681 0
    outer loop
      vertex -180.79 -109.131 6
      vertex -180.79 -109.131 0
      vertex -180.941 -109.298 6
    endloop
  endfacet
  facet normal -0.838851 0.544361 0
    outer loop
      vertex -181.063 -109.486 6
      vertex -180.941 -109.298 0
      vertex -181.063 -109.486 0
    endloop
  endfacet
  facet normal -0.838851 0.544361 0
    outer loop
      vertex -180.941 -109.298 6
      vertex -180.941 -109.298 0
      vertex -181.063 -109.486 6
    endloop
  endfacet
  facet normal -0.913995 0.405725 0
    outer loop
      vertex -181.154 -109.691 6
      vertex -181.063 -109.486 0
      vertex -181.154 -109.691 0
    endloop
  endfacet
  facet normal -0.913995 0.405725 0
    outer loop
      vertex -181.063 -109.486 6
      vertex -181.063 -109.486 0
      vertex -181.154 -109.691 6
    endloop
  endfacet
  facet normal -0.965788 0.259332 0
    outer loop
      vertex -181.212 -109.907 6
      vertex -181.154 -109.691 0
      vertex -181.212 -109.907 0
    endloop
  endfacet
  facet normal -0.965788 0.259332 0
    outer loop
      vertex -181.154 -109.691 6
      vertex -181.154 -109.691 0
      vertex -181.212 -109.907 6
    endloop
  endfacet
  facet normal -0.994258 0.107005 0
    outer loop
      vertex -181.236 -110.13 6
      vertex -181.212 -109.907 0
      vertex -181.236 -110.13 0
    endloop
  endfacet
  facet normal -0.994258 0.107005 0
    outer loop
      vertex -181.212 -109.907 6
      vertex -181.212 -109.907 0
      vertex -181.236 -110.13 6
    endloop
  endfacet
  facet normal -0.998568 -0.0534947 -0
    outer loop
      vertex -181.224 -110.354 6
      vertex -181.236 -110.13 0
      vertex -181.224 -110.354 0
    endloop
  endfacet
  facet normal -0.998568 -0.0534947 -0
    outer loop
      vertex -181.236 -110.13 6
      vertex -181.236 -110.13 0
      vertex -181.224 -110.354 6
    endloop
  endfacet
  facet normal -0.977932 -0.208922 -0
    outer loop
      vertex -181.177 -110.574 6
      vertex -181.224 -110.354 0
      vertex -181.177 -110.574 0
    endloop
  endfacet
  facet normal -0.977932 -0.208922 -0
    outer loop
      vertex -181.224 -110.354 6
      vertex -181.224 -110.354 0
      vertex -181.177 -110.574 6
    endloop
  endfacet
  facet normal -0.93392 -0.357481 -0
    outer loop
      vertex -181.097 -110.783 6
      vertex -181.177 -110.574 0
      vertex -181.097 -110.783 0
    endloop
  endfacet
  facet normal -0.93392 -0.357481 -0
    outer loop
      vertex -181.177 -110.574 6
      vertex -181.177 -110.574 0
      vertex -181.097 -110.783 6
    endloop
  endfacet
  facet normal -0.866037 -0.49998 -0
    outer loop
      vertex -181.041 -110.88 6
      vertex -181.097 -110.783 0
      vertex -181.041 -110.88 0
    endloop
  endfacet
  facet normal -0.866037 -0.49998 -0
    outer loop
      vertex -181.097 -110.783 6
      vertex -181.097 -110.783 0
      vertex -181.041 -110.88 6
    endloop
  endfacet
  facet normal -0.866032 -0.499988 -0
    outer loop
      vertex -171.541 -127.335 6
      vertex -181.041 -110.88 0
      vertex -171.541 -127.335 0
    endloop
  endfacet
  facet normal -0.866032 -0.499988 -0
    outer loop
      vertex -181.041 -110.88 6
      vertex -181.041 -110.88 0
      vertex -171.541 -127.335 6
    endloop
  endfacet
  facet normal -0.866037 -0.49998 -0
    outer loop
      vertex -171.485 -127.432 6
      vertex -171.541 -127.335 0
      vertex -171.485 -127.432 0
    endloop
  endfacet
  facet normal -0.866037 -0.49998 -0
    outer loop
      vertex -171.541 -127.335 6
      vertex -171.541 -127.335 0
      vertex -171.485 -127.432 6
    endloop
  endfacet
  facet normal -0.775154 -0.631773 -0
    outer loop
      vertex -171.344 -127.605 6
      vertex -171.485 -127.432 0
      vertex -171.344 -127.605 0
    endloop
  endfacet
  facet normal -0.775154 -0.631773 -0
    outer loop
      vertex -171.485 -127.432 6
      vertex -171.485 -127.432 0
      vertex -171.344 -127.605 6
    endloop
  endfacet
  facet normal -0.672673 -0.73994 -0
    outer loop
      vertex -171.179 -127.755 6
      vertex -171.344 -127.605 0
      vertex -171.179 -127.755 0
    endloop
  endfacet
  facet normal -0.672673 -0.73994 -0
    outer loop
      vertex -171.344 -127.605 6
      vertex -171.344 -127.605 0
      vertex -171.179 -127.755 6
    endloop
  endfacet
  facet normal -0.546404 -0.837521 -0
    outer loop
      vertex -170.992 -127.877 6
      vertex -171.179 -127.755 0
      vertex -170.992 -127.877 0
    endloop
  endfacet
  facet normal -0.546404 -0.837521 -0
    outer loop
      vertex -171.179 -127.755 6
      vertex -171.179 -127.755 0
      vertex -170.992 -127.877 6
    endloop
  endfacet
  facet normal -0.407384 -0.913257 -0
    outer loop
      vertex -170.788 -127.968 6
      vertex -170.992 -127.877 0
      vertex -170.788 -127.968 0
    endloop
  endfacet
  facet normal -0.407384 -0.913257 -0
    outer loop
      vertex -170.992 -127.877 6
      vertex -170.992 -127.877 0
      vertex -170.788 -127.968 6
    endloop
  endfacet
  facet normal -0.264635 -0.964349 -0
    outer loop
      vertex -170.573 -128.027 6
      vertex -170.788 -127.968 0
      vertex -170.573 -128.027 0
    endloop
  endfacet
  facet normal -0.264635 -0.964349 -0
    outer loop
      vertex -170.788 -127.968 6
      vertex -170.788 -127.968 0
      vertex -170.573 -128.027 6
    endloop
  endfacet
  facet normal -0.107482 -0.994207 -0
    outer loop
      vertex -170.351 -128.051 6
      vertex -170.573 -128.027 0
      vertex -170.351 -128.051 0
    endloop
  endfacet
  facet normal -0.107482 -0.994207 -0
    outer loop
      vertex -170.573 -128.027 6
      vertex -170.573 -128.027 0
      vertex -170.351 -128.051 6
    endloop
  endfacet
  facet normal 0.044798 -0.998996 0
    outer loop
      vertex -170.128 -128.041 6
      vertex -170.351 -128.051 0
      vertex -170.128 -128.041 0
    endloop
  endfacet
  facet normal 0.044798 -0.998996 0
    outer loop
      vertex -170.351 -128.051 6
      vertex -170.351 -128.051 0
      vertex -170.128 -128.041 6
    endloop
  endfacet
  facet normal 0.20556 -0.978645 0
    outer loop
      vertex -169.909 -127.995 6
      vertex -170.128 -128.041 0
      vertex -169.909 -127.995 0
    endloop
  endfacet
  facet normal 0.20556 -0.978645 0
    outer loop
      vertex -170.128 -128.041 6
      vertex -170.128 -128.041 0
      vertex -169.909 -127.995 6
    endloop
  endfacet
  facet normal 0.349649 -0.936881 0
    outer loop
      vertex -169.7 -127.917 6
      vertex -169.909 -127.995 0
      vertex -169.7 -127.917 0
    endloop
  endfacet
  facet normal 0.349649 -0.936881 0
    outer loop
      vertex -169.909 -127.995 6
      vertex -169.909 -127.995 0
      vertex -169.7 -127.917 6
    endloop
  endfacet
  facet normal 0.493239 -0.869894 0
    outer loop
      vertex -169.603 -127.862 6
      vertex -169.7 -127.917 0
      vertex -169.603 -127.862 0
    endloop
  endfacet
  facet normal 0.493239 -0.869894 0
    outer loop
      vertex -169.7 -127.917 6
      vertex -169.7 -127.917 0
      vertex -169.603 -127.862 6
    endloop
  endfacet
  facet normal 1 0 0
    outer loop
      vertex -169.603 -127.861 6
      vertex -169.603 -127.862 0
      vertex -169.603 -127.861 0
    endloop
  endfacet
  facet normal 1 -0 0
    outer loop
      vertex -169.603 -127.862 6
      vertex -169.603 -127.862 0
      vertex -169.603 -127.861 6
    endloop
  endfacet
  facet normal 0.493799 -0.869576 0
    outer loop
      vertex -153.025 -118.447 6
      vertex -169.603 -127.861 0
      vertex -153.025 -118.447 0
    endloop
  endfacet
  facet normal 0.493799 -0.869576 0
    outer loop
      vertex -169.603 -127.861 6
      vertex -169.603 -127.861 0
      vertex -153.025 -118.447 6
    endloop
  endfacet
  facet normal 0.451614 -0.892213 0
    outer loop
      vertex -152.944 -118.406 6
      vertex -153.025 -118.447 0
      vertex -152.944 -118.406 0
    endloop
  endfacet
  facet normal 0.451614 -0.892213 0
    outer loop
      vertex -153.025 -118.447 6
      vertex -153.025 -118.447 0
      vertex -152.944 -118.406 6
    endloop
  endfacet
  facet normal 0.384615 -0.923077 0
    outer loop
      vertex -152.86 -118.371 6
      vertex -152.944 -118.406 0
      vertex -152.86 -118.371 0
    endloop
  endfacet
  facet normal 0.384615 -0.923077 0
    outer loop
      vertex -152.944 -118.406 6
      vertex -152.944 -118.406 0
      vertex -152.86 -118.371 6
    endloop
  endfacet
  facet normal 0.296399 -0.955064 0
    outer loop
      vertex -152.773 -118.344 6
      vertex -152.86 -118.371 0
      vertex -152.773 -118.344 0
    endloop
  endfacet
  facet normal 0.296399 -0.955064 0
    outer loop
      vertex -152.86 -118.371 6
      vertex -152.86 -118.371 0
      vertex -152.773 -118.344 6
    endloop
  endfacet
  facet normal 0.258847 -0.965918 0
    outer loop
      vertex -136.783 -114.059 6
      vertex -152.773 -118.344 0
      vertex -136.783 -114.059 0
    endloop
  endfacet
  facet normal 0.258847 -0.965918 0
    outer loop
      vertex -152.773 -118.344 6
      vertex -152.773 -118.344 0
      vertex -136.783 -114.059 6
    endloop
  endfacet
  facet normal 0.21243 -0.977176 0
    outer loop
      vertex -136.691 -114.039 6
      vertex -136.783 -114.059 0
      vertex -136.691 -114.039 0
    endloop
  endfacet
  facet normal 0.21243 -0.977176 0
    outer loop
      vertex -136.783 -114.059 6
      vertex -136.783 -114.059 0
      vertex -136.691 -114.039 6
    endloop
  endfacet
  facet normal 0.127971 -0.991778 0
    outer loop
      vertex -136.598 -114.027 6
      vertex -136.691 -114.039 0
      vertex -136.598 -114.027 0
    endloop
  endfacet
  facet normal 0.127971 -0.991778 0
    outer loop
      vertex -136.691 -114.039 6
      vertex -136.691 -114.039 0
      vertex -136.598 -114.027 6
    endloop
  endfacet
  facet normal 0.042971 -0.999076 0
    outer loop
      vertex -136.505 -114.023 6
      vertex -136.598 -114.027 0
      vertex -136.505 -114.023 0
    endloop
  endfacet
  facet normal 0.042971 -0.999076 0
    outer loop
      vertex -136.598 -114.027 6
      vertex -136.598 -114.027 0
      vertex -136.505 -114.023 6
    endloop
  endfacet
  facet normal 0 -1 -0
    outer loop
      vertex -117.853 -114.023 6
      vertex -136.505 -114.023 0
      vertex -117.853 -114.023 0
    endloop
  endfacet
  facet normal 0 -1 0
    outer loop
      vertex -136.505 -114.023 6
      vertex -136.505 -114.023 0
      vertex -117.853 -114.023 6
    endloop
  endfacet
  facet normal 0.160777 -0.986991 0
    outer loop
      vertex -117.632 -113.987 6
      vertex -117.853 -114.023 0
      vertex -117.632 -113.987 0
    endloop
  endfacet
  facet normal 0.160777 -0.986991 0
    outer loop
      vertex -117.853 -114.023 6
      vertex -117.853 -114.023 0
      vertex -117.632 -113.987 6
    endloop
  endfacet
  facet normal 0.306873 -0.951751 0
    outer loop
      vertex -117.418 -113.918 6
      vertex -117.632 -113.987 0
      vertex -117.418 -113.918 0
    endloop
  endfacet
  facet normal 0.306873 -0.951751 0
    outer loop
      vertex -117.632 -113.987 6
      vertex -117.632 -113.987 0
      vertex -117.418 -113.918 6
    endloop
  endfacet
  facet normal 0.456135 -0.889911 0
    outer loop
      vertex -117.219 -113.816 6
      vertex -117.418 -113.918 0
      vertex -117.219 -113.816 0
    endloop
  endfacet
  facet normal 0.456135 -0.889911 0
    outer loop
      vertex -117.418 -113.918 6
      vertex -117.418 -113.918 0
      vertex -117.219 -113.816 6
    endloop
  endfacet
  facet normal 0.584187 -0.811619 0
    outer loop
      vertex -117.037 -113.685 6
      vertex -117.219 -113.816 0
      vertex -117.037 -113.685 0
    endloop
  endfacet
  facet normal 0.584187 -0.811619 0
    outer loop
      vertex -117.219 -113.816 6
      vertex -117.219 -113.816 0
      vertex -117.037 -113.685 6
    endloop
  endfacet
  facet normal 0.707107 -0.707107 0
    outer loop
      vertex -116.878 -113.526 6
      vertex -117.037 -113.685 0
      vertex -116.878 -113.526 0
    endloop
  endfacet
  facet normal 0.707107 -0.707107 0
    outer loop
      vertex -117.037 -113.685 6
      vertex -117.037 -113.685 0
      vertex -116.878 -113.526 6
    endloop
  endfacet
  facet normal 0.811619 -0.584187 0
    outer loop
      vertex -116.747 -113.344 6
      vertex -116.878 -113.526 0
      vertex -116.747 -113.344 0
    endloop
  endfacet
  facet normal 0.811619 -0.584187 0
    outer loop
      vertex -116.878 -113.526 6
      vertex -116.878 -113.526 0
      vertex -116.747 -113.344 6
    endloop
  endfacet
  facet normal 0.889911 -0.456135 0
    outer loop
      vertex -116.645 -113.145 6
      vertex -116.747 -113.344 0
      vertex -116.645 -113.145 0
    endloop
  endfacet
  facet normal 0.889911 -0.456135 0
    outer loop
      vertex -116.747 -113.344 6
      vertex -116.747 -113.344 0
      vertex -116.645 -113.145 6
    endloop
  endfacet
  facet normal 0.950445 -0.310893 0
    outer loop
      vertex -116.575 -112.931 6
      vertex -116.645 -113.145 0
      vertex -116.575 -112.931 0
    endloop
  endfacet
  facet normal 0.950445 -0.310893 0
    outer loop
      vertex -116.645 -113.145 6
      vertex -116.645 -113.145 0
      vertex -116.575 -112.931 6
    endloop
  endfacet
  facet normal 0.98769 -0.156422 0
    outer loop
      vertex -116.54 -112.71 6
      vertex -116.575 -112.931 0
      vertex -116.54 -112.71 0
    endloop
  endfacet
  facet normal 0.98769 -0.156422 0
    outer loop
      vertex -116.575 -112.931 6
      vertex -116.575 -112.931 0
      vertex -116.54 -112.71 6
    endloop
  endfacet
  facet normal 1 0 0
    outer loop
      vertex -116.54 -112.598 6
      vertex -116.54 -112.71 0
      vertex -116.54 -112.598 0
    endloop
  endfacet
  facet normal 1 -0 0
    outer loop
      vertex -116.54 -112.71 6
      vertex -116.54 -112.71 0
      vertex -116.54 -112.598 6
    endloop
  endfacet
  facet normal 1 0 0
    outer loop
      vertex -116.54 -93.8476 6
      vertex -116.54 -112.598 0
      vertex -116.54 -93.8476 0
    endloop
  endfacet
  facet normal 1 -0 0
    outer loop
      vertex -116.54 -112.598 6
      vertex -116.54 -112.598 0
      vertex -116.54 -93.8476 6
    endloop
  endfacet
  facet normal 1 0 0
    outer loop
      vertex -116.54 -93.8412 6
      vertex -116.54 -93.8476 0
      vertex -116.54 -93.8412 0
    endloop
  endfacet
  facet normal 1 -0 0
    outer loop
      vertex -116.54 -93.8476 6
      vertex -116.54 -93.8476 0
      vertex -116.54 -93.8412 6
    endloop
  endfacet
  facet normal 0.996086 -0.0883936 0
    outer loop
      vertex -116.524 -93.6609 6
      vertex -116.54 -93.8412 0
      vertex -116.524 -93.6609 0
    endloop
  endfacet
  facet normal 0.996086 -0.0883936 0
    outer loop
      vertex -116.54 -93.8412 6
      vertex -116.54 -93.8412 0
      vertex -116.524 -93.6609 6
    endloop
  endfacet
  facet normal 0.966589 -0.256333 0
    outer loop
      vertex -116.476 -93.4799 6
      vertex -116.524 -93.6609 0
      vertex -116.476 -93.4799 0
    endloop
  endfacet
  facet normal 0.966589 -0.256333 0
    outer loop
      vertex -116.524 -93.6609 6
      vertex -116.524 -93.6609 0
      vertex -116.476 -93.4799 6
    endloop
  endfacet
  facet normal 0.904625 -0.426208 0
    outer loop
      vertex -116.396 -93.3101 6
      vertex -116.476 -93.4799 0
      vertex -116.396 -93.3101 0
    endloop
  endfacet
  facet normal 0.904625 -0.426208 0
    outer loop
      vertex -116.476 -93.4799 6
      vertex -116.476 -93.4799 0
      vertex -116.396 -93.3101 6
    endloop
  endfacet
  facet normal 0.82036 -0.571847 0
    outer loop
      vertex -116.289 -93.1566 6
      vertex -116.396 -93.3101 0
      vertex -116.289 -93.1566 0
    endloop
  endfacet
  facet normal 0.82036 -0.571847 0
    outer loop
      vertex -116.396 -93.3101 6
      vertex -116.396 -93.3101 0
      vertex -116.289 -93.1566 6
    endloop
  endfacet
  facet normal 0.705774 -0.708437 0
    outer loop
      vertex -116.156 -93.0241 6
      vertex -116.289 -93.1566 0
      vertex -116.156 -93.0241 0
    endloop
  endfacet
  facet normal 0.705774 -0.708437 0
    outer loop
      vertex -116.289 -93.1566 6
      vertex -116.289 -93.1566 0
      vertex -116.156 -93.0241 6
    endloop
  endfacet
  facet normal 0.574897 -0.818226 0
    outer loop
      vertex -116.003 -92.9166 6
      vertex -116.156 -93.0241 0
      vertex -116.003 -92.9166 0
    endloop
  endfacet
  facet normal 0.574897 -0.818226 0
    outer loop
      vertex -116.156 -93.0241 6
      vertex -116.156 -93.0241 0
      vertex -116.003 -92.9166 6
    endloop
  endfacet
  facet normal 0.422302 -0.906455 0
    outer loop
      vertex -115.833 -92.8374 6
      vertex -116.003 -92.9166 0
      vertex -115.833 -92.8374 0
    endloop
  endfacet
  facet normal 0.422302 -0.906455 0
    outer loop
      vertex -116.003 -92.9166 6
      vertex -116.003 -92.9166 0
      vertex -115.833 -92.8374 6
    endloop
  endfacet
  facet normal 0.258825 -0.965924 0
    outer loop
      vertex -115.652 -92.7889 6
      vertex -115.833 -92.8374 0
      vertex -115.652 -92.7889 0
    endloop
  endfacet
  facet normal 0.258825 -0.965924 0
    outer loop
      vertex -115.833 -92.8374 6
      vertex -115.833 -92.8374 0
      vertex -115.652 -92.7889 6
    endloop
  endfacet
  facet normal 0.0868365 -0.996223 0
    outer loop
      vertex -115.465 -92.7726 6
      vertex -115.652 -92.7889 0
      vertex -115.465 -92.7726 0
    endloop
  endfacet
  facet normal 0.0868365 -0.996223 0
    outer loop
      vertex -115.652 -92.7889 6
      vertex -115.652 -92.7889 0
      vertex -115.465 -92.7726 6
    endloop
  endfacet
  facet normal 0 -1 -0
    outer loop
      vertex -110.653 -92.7726 6
      vertex -115.465 -92.7726 0
      vertex -110.653 -92.7726 0
    endloop
  endfacet
  facet normal 0 -1 0
    outer loop
      vertex -115.465 -92.7726 6
      vertex -115.465 -92.7726 0
      vertex -110.653 -92.7726 6
    endloop
  endfacet
  facet normal 0.156857 -0.987621 0
    outer loop
      vertex -110.432 -92.7375 6
      vertex -110.653 -92.7726 0
      vertex -110.432 -92.7375 0
    endloop
  endfacet
  facet normal 0.156857 -0.987621 0
    outer loop
      vertex -110.653 -92.7726 6
      vertex -110.653 -92.7726 0
      vertex -110.432 -92.7375 6
    endloop
  endfacet
  facet normal 0.308081 -0.95136 0
    outer loop
      vertex -110.218 -92.6682 6
      vertex -110.432 -92.7375 0
      vertex -110.218 -92.6682 0
    endloop
  endfacet
  facet normal 0.308081 -0.95136 0
    outer loop
      vertex -110.432 -92.7375 6
      vertex -110.432 -92.7375 0
      vertex -110.218 -92.6682 6
    endloop
  endfacet
  facet normal 0.455781 -0.890092 0
    outer loop
      vertex -110.019 -92.5663 6
      vertex -110.218 -92.6682 0
      vertex -110.019 -92.5663 0
    endloop
  endfacet
  facet normal 0.455781 -0.890092 0
    outer loop
      vertex -110.218 -92.6682 6
      vertex -110.218 -92.6682 0
      vertex -110.019 -92.5663 6
    endloop
  endfacet
  facet normal 0.58653 -0.809928 0
    outer loop
      vertex -109.837 -92.4345 6
      vertex -110.019 -92.5663 0
      vertex -109.837 -92.4345 0
    endloop
  endfacet
  facet normal 0.58653 -0.809928 0
    outer loop
      vertex -110.019 -92.5663 6
      vertex -110.019 -92.5663 0
      vertex -109.837 -92.4345 6
    endloop
  endfacet
  facet normal 0.706216 -0.707997 0
    outer loop
      vertex -109.678 -92.2759 6
      vertex -109.837 -92.4345 0
      vertex -109.678 -92.2759 0
    endloop
  endfacet
  facet normal 0.706216 -0.707997 0
    outer loop
      vertex -109.837 -92.4345 6
      vertex -109.837 -92.4345 0
      vertex -109.678 -92.2759 6
    endloop
  endfacet
  facet normal 0.810856 -0.585246 0
    outer loop
      vertex -109.547 -92.0944 6
      vertex -109.678 -92.2759 0
      vertex -109.547 -92.0944 0
    endloop
  endfacet
  facet normal 0.810856 -0.585246 0
    outer loop
      vertex -109.678 -92.2759 6
      vertex -109.678 -92.2759 0
      vertex -109.547 -92.0944 6
    endloop
  endfacet
  facet normal 0.890651 -0.454687 0
    outer loop
      vertex -109.445 -91.8946 6
      vertex -109.547 -92.0944 0
      vertex -109.445 -91.8946 0
    endloop
  endfacet
  facet normal 0.890651 -0.454687 0
    outer loop
      vertex -109.547 -92.0944 6
      vertex -109.547 -92.0944 0
      vertex -109.445 -91.8946 6
    endloop
  endfacet
  facet normal 0.950143 -0.311814 0
    outer loop
      vertex -109.375 -91.6813 6
      vertex -109.445 -91.8946 0
      vertex -109.375 -91.6813 0
    endloop
  endfacet
  facet normal 0.950143 -0.311814 0
    outer loop
      vertex -109.445 -91.8946 6
      vertex -109.445 -91.8946 0
      vertex -109.375 -91.6813 6
    endloop
  endfacet
  facet normal 0.987756 -0.156008 0
    outer loop
      vertex -109.34 -91.4597 6
      vertex -109.375 -91.6813 0
      vertex -109.34 -91.4597 0
    endloop
  endfacet
  facet normal 0.987756 -0.156008 0
    outer loop
      vertex -109.375 -91.6813 6
      vertex -109.375 -91.6813 0
      vertex -109.34 -91.4597 6
    endloop
  endfacet
  facet normal 1 0 0
    outer loop
      vertex -109.34 -91.3483 6
      vertex -109.34 -91.4597 0
      vertex -109.34 -91.3483 0
    endloop
  endfacet
  facet normal 1 -0 0
    outer loop
      vertex -109.34 -91.4597 6
      vertex -109.34 -91.4597 0
      vertex -109.34 -91.3483 6
    endloop
  endfacet
  facet normal 1 0 0
    outer loop
      vertex -109.34 -91.3476 6
      vertex -109.34 -91.3483 0
      vertex -109.34 -91.3476 0
    endloop
  endfacet
  facet normal 1 -0 0
    outer loop
      vertex -109.34 -91.3483 6
      vertex -109.34 -91.3483 0
      vertex -109.34 -91.3476 6
    endloop
  endfacet
  facet normal 1 0 0
    outer loop
      vertex -109.34 -90.4476 6
      vertex -109.34 -91.3476 0
      vertex -109.34 -90.4476 0
    endloop
  endfacet
  facet normal 1 -0 0
    outer loop
      vertex -109.34 -91.3476 6
      vertex -109.34 -91.3476 0
      vertex -109.34 -90.4476 6
    endloop
  endfacet
  facet normal 1 0 0
    outer loop
      vertex -109.34 -90.4412 6
      vertex -109.34 -90.4476 0
      vertex -109.34 -90.4412 0
    endloop
  endfacet
  facet normal 1 -0 0
    outer loop
      vertex -109.34 -90.4476 6
      vertex -109.34 -90.4476 0
      vertex -109.34 -90.4412 6
    endloop
  endfacet
  facet normal 0.996086 -0.0883936 0
    outer loop
      vertex -109.324 -90.2609 6
      vertex -109.34 -90.4412 0
      vertex -109.324 -90.2609 0
    endloop
  endfacet
  facet normal 0.996086 -0.0883936 0
    outer loop
      vertex -109.34 -90.4412 6
      vertex -109.34 -90.4412 0
      vertex -109.324 -90.2609 6
    endloop
  endfacet
  facet normal 0.966589 -0.256333 0
    outer loop
      vertex -109.276 -90.0799 6
      vertex -109.324 -90.2609 0
      vertex -109.276 -90.0799 0
    endloop
  endfacet
  facet normal 0.966589 -0.256333 0
    outer loop
      vertex -109.324 -90.2609 6
      vertex -109.324 -90.2609 0
      vertex -109.276 -90.0799 6
    endloop
  endfacet
  facet normal 0.904625 -0.426208 0
    outer loop
      vertex -109.196 -89.9101 6
      vertex -109.276 -90.0799 0
      vertex -109.196 -89.9101 0
    endloop
  endfacet
  facet normal 0.904625 -0.426208 0
    outer loop
      vertex -109.276 -90.0799 6
      vertex -109.276 -90.0799 0
      vertex -109.196 -89.9101 6
    endloop
  endfacet
  facet normal 0.82036 -0.571847 0
    outer loop
      vertex -109.089 -89.7566 6
      vertex -109.196 -89.9101 0
      vertex -109.089 -89.7566 0
    endloop
  endfacet
  facet normal 0.82036 -0.571847 0
    outer loop
      vertex -109.196 -89.9101 6
      vertex -109.196 -89.9101 0
      vertex -109.089 -89.7566 6
    endloop
  endfacet
  facet normal 0.705774 -0.708437 0
    outer loop
      vertex -108.956 -89.6241 6
      vertex -109.089 -89.7566 0
      vertex -108.956 -89.6241 0
    endloop
  endfacet
  facet normal 0.705774 -0.708437 0
    outer loop
      vertex -109.089 -89.7566 6
      vertex -109.089 -89.7566 0
      vertex -108.956 -89.6241 6
    endloop
  endfacet
  facet normal 0.574897 -0.818226 0
    outer loop
      vertex -108.803 -89.5166 6
      vertex -108.956 -89.6241 0
      vertex -108.803 -89.5166 0
    endloop
  endfacet
  facet normal 0.574897 -0.818226 0
    outer loop
      vertex -108.956 -89.6241 6
      vertex -108.956 -89.6241 0
      vertex -108.803 -89.5166 6
    endloop
  endfacet
  facet normal 0.422302 -0.906455 0
    outer loop
      vertex -108.633 -89.4374 6
      vertex -108.803 -89.5166 0
      vertex -108.633 -89.4374 0
    endloop
  endfacet
  facet normal 0.422302 -0.906455 0
    outer loop
      vertex -108.803 -89.5166 6
      vertex -108.803 -89.5166 0
      vertex -108.633 -89.4374 6
    endloop
  endfacet
  facet normal 0.258825 -0.965924 0
    outer loop
      vertex -108.452 -89.3889 6
      vertex -108.633 -89.4374 0
      vertex -108.452 -89.3889 0
    endloop
  endfacet
  facet normal 0.258825 -0.965924 0
    outer loop
      vertex -108.633 -89.4374 6
      vertex -108.633 -89.4374 0
      vertex -108.452 -89.3889 6
    endloop
  endfacet
  facet normal 0.0868365 -0.996223 0
    outer loop
      vertex -108.265 -89.3726 6
      vertex -108.452 -89.3889 0
      vertex -108.265 -89.3726 0
    endloop
  endfacet
  facet normal 0.0868365 -0.996223 0
    outer loop
      vertex -108.452 -89.3889 6
      vertex -108.452 -89.3889 0
      vertex -108.265 -89.3726 6
    endloop
  endfacet
  facet normal 0 -1 -0
    outer loop
      vertex -97.5899 -89.3726 6
      vertex -108.265 -89.3726 0
      vertex -97.5899 -89.3726 0
    endloop
  endfacet
  facet normal 0 -1 0
    outer loop
      vertex -108.265 -89.3726 6
      vertex -108.265 -89.3726 0
      vertex -97.5899 -89.3726 6
    endloop
  endfacet
  facet normal -0.0817302 -0.996654 -0
    outer loop
      vertex -97.4143 -89.387 6
      vertex -97.5899 -89.3726 0
      vertex -97.4143 -89.387 0
    endloop
  endfacet
  facet normal -0.0817302 -0.996654 -0
    outer loop
      vertex -97.5899 -89.3726 6
      vertex -97.5899 -89.3726 0
      vertex -97.4143 -89.387 6
    endloop
  endfacet
  facet normal -0.24347 -0.969908 -0
    outer loop
      vertex -97.2434 -89.4299 6
      vertex -97.4143 -89.387 0
      vertex -97.2434 -89.4299 0
    endloop
  endfacet
  facet normal -0.24347 -0.969908 -0
    outer loop
      vertex -97.4143 -89.387 6
      vertex -97.4143 -89.387 0
      vertex -97.2434 -89.4299 6
    endloop
  endfacet
  facet normal -0.399121 -0.916898 -0
    outer loop
      vertex -97.0819 -89.5002 6
      vertex -97.2434 -89.4299 0
      vertex -97.0819 -89.5002 0
    endloop
  endfacet
  facet normal -0.399121 -0.916898 -0
    outer loop
      vertex -97.2434 -89.4299 6
      vertex -97.2434 -89.4299 0
      vertex -97.0819 -89.5002 6
    endloop
  endfacet
  facet normal -0.543251 -0.83957 -0
    outer loop
      vertex -96.934 -89.5959 6
      vertex -97.0819 -89.5002 0
      vertex -96.934 -89.5959 0
    endloop
  endfacet
  facet normal -0.543251 -0.83957 -0
    outer loop
      vertex -97.0819 -89.5002 6
      vertex -97.0819 -89.5002 0
      vertex -96.934 -89.5959 6
    endloop
  endfacet
  facet normal -0.672814 -0.739812 -0
    outer loop
      vertex -96.8037 -89.7144 6
      vertex -96.934 -89.5959 0
      vertex -96.8037 -89.7144 0
    endloop
  endfacet
  facet normal -0.672814 -0.739812 -0
    outer loop
      vertex -96.934 -89.5959 6
      vertex -96.934 -89.5959 0
      vertex -96.8037 -89.7144 6
    endloop
  endfacet
  facet normal -0.784839 -0.619699 -0
    outer loop
      vertex -96.6945 -89.8527 6
      vertex -96.8037 -89.7144 0
      vertex -96.6945 -89.8527 0
    endloop
  endfacet
  facet normal -0.784839 -0.619699 -0
    outer loop
      vertex -96.8037 -89.7144 6
      vertex -96.8037 -89.7144 0
      vertex -96.6945 -89.8527 6
    endloop
  endfacet
  facet normal -0.875279 -0.483617 -0
    outer loop
      vertex -96.6093 -90.0069 6
      vertex -96.6945 -89.8527 0
      vertex -96.6093 -90.0069 0
    endloop
  endfacet
  facet normal -0.875279 -0.483617 -0
    outer loop
      vertex -96.6945 -89.8527 6
      vertex -96.6945 -89.8527 0
      vertex -96.6093 -90.0069 6
    endloop
  endfacet
  facet normal -0.942676 -0.333711 -0
    outer loop
      vertex -96.5505 -90.173 6
      vertex -96.6093 -90.0069 0
      vertex -96.5505 -90.173 0
    endloop
  endfacet
  facet normal -0.942676 -0.333711 -0
    outer loop
      vertex -96.6093 -90.0069 6
      vertex -96.6093 -90.0069 0
      vertex -96.5505 -90.173 6
    endloop
  endfacet
  facet normal -0.984491 -0.175437 -0
    outer loop
      vertex -96.5196 -90.3464 6
      vertex -96.5505 -90.173 0
      vertex -96.5196 -90.3464 0
    endloop
  endfacet
  facet normal -0.984491 -0.175437 -0
    outer loop
      vertex -96.5505 -90.173 6
      vertex -96.5505 -90.173 0
      vertex -96.5196 -90.3464 6
    endloop
  endfacet
  facet normal -0.999929 -0.0119174 -0
    outer loop
      vertex -96.5175 -90.5226 6
      vertex -96.5196 -90.3464 0
      vertex -96.5175 -90.5226 0
    endloop
  endfacet
  facet normal -0.999929 -0.0119174 -0
    outer loop
      vertex -96.5196 -90.3464 6
      vertex -96.5196 -90.3464 0
      vertex -96.5175 -90.5226 6
    endloop
  endfacet
  facet normal -0.997564 0.0697594 0
    outer loop
      vertex -96.6668 -92.6576 6
      vertex -96.5175 -90.5226 0
      vertex -96.6668 -92.6576 0
    endloop
  endfacet
  facet normal -0.997564 0.0697594 0
    outer loop
      vertex -96.5175 -90.5226 6
      vertex -96.5175 -90.5226 0
      vertex -96.6668 -92.6576 6
    endloop
  endfacet
  facet normal -0.997579 0.0695364 0
    outer loop
      vertex -96.6746 -92.7695 6
      vertex -96.6668 -92.6576 0
      vertex -96.6746 -92.7695 0
    endloop
  endfacet
  facet normal -0.997579 0.0695364 0
    outer loop
      vertex -96.6668 -92.6576 6
      vertex -96.6668 -92.6576 0
      vertex -96.6746 -92.7695 6
    endloop
  endfacet
  facet normal -0.996212 -0.0869567 -0
    outer loop
      vertex -96.6551 -92.9929 6
      vertex -96.6746 -92.7695 0
      vertex -96.6551 -92.9929 0
    endloop
  endfacet
  facet normal -0.996212 -0.0869567 -0
    outer loop
      vertex -96.6746 -92.7695 6
      vertex -96.6746 -92.7695 0
      vertex -96.6551 -92.9929 6
    endloop
  endfacet
  facet normal -0.970273 -0.242011 -0
    outer loop
      vertex -96.6008 -93.2106 6
      vertex -96.6551 -92.9929 0
      vertex -96.6008 -93.2106 0
    endloop
  endfacet
  facet normal -0.970273 -0.242011 -0
    outer loop
      vertex -96.6551 -92.9929 6
      vertex -96.6551 -92.9929 0
      vertex -96.6008 -93.2106 6
    endloop
  endfacet
  facet normal -0.920363 -0.391065 -0
    outer loop
      vertex -96.5131 -93.417 6
      vertex -96.6008 -93.2106 0
      vertex -96.5131 -93.417 0
    endloop
  endfacet
  facet normal -0.920363 -0.391065 -0
    outer loop
      vertex -96.6008 -93.2106 6
      vertex -96.6008 -93.2106 0
      vertex -96.5131 -93.417 6
    endloop
  endfacet
  facet normal -0.848149 -0.529758 -0
    outer loop
      vertex -96.3943 -93.6072 6
      vertex -96.5131 -93.417 0
      vertex -96.3943 -93.6072 0
    endloop
  endfacet
  facet normal -0.848149 -0.529758 -0
    outer loop
      vertex -96.5131 -93.417 6
      vertex -96.5131 -93.417 0
      vertex -96.3943 -93.6072 6
    endloop
  endfacet
  facet normal -0.754644 -0.656135 -0
    outer loop
      vertex -96.2471 -93.7765 6
      vertex -96.3943 -93.6072 0
      vertex -96.2471 -93.7765 0
    endloop
  endfacet
  facet normal -0.754644 -0.656135 -0
    outer loop
      vertex -96.3943 -93.6072 6
      vertex -96.3943 -93.6072 0
      vertex -96.2471 -93.7765 6
    endloop
  endfacet
  facet normal -0.642899 -0.765951 -0
    outer loop
      vertex -96.0753 -93.9207 6
      vertex -96.2471 -93.7765 0
      vertex -96.0753 -93.9207 0
    endloop
  endfacet
  facet normal -0.642899 -0.765951 -0
    outer loop
      vertex -96.2471 -93.7765 6
      vertex -96.2471 -93.7765 0
      vertex -96.0753 -93.9207 6
    endloop
  endfacet
  facet normal -0.514889 -0.857257 -0
    outer loop
      vertex -95.883 -94.0362 6
      vertex -96.0753 -93.9207 0
      vertex -95.883 -94.0362 0
    endloop
  endfacet
  facet normal -0.514889 -0.857257 -0
    outer loop
      vertex -96.0753 -93.9207 6
      vertex -96.0753 -93.9207 0
      vertex -95.883 -94.0362 6
    endloop
  endfacet
  facet normal -0.374618 -0.927179 -0
    outer loop
      vertex -95.6751 -94.1202 6
      vertex -95.883 -94.0362 0
      vertex -95.6751 -94.1202 0
    endloop
  endfacet
  facet normal -0.374618 -0.927179 -0
    outer loop
      vertex -95.883 -94.0362 6
      vertex -95.883 -94.0362 0
      vertex -95.6751 -94.1202 6
    endloop
  endfacet
  facet normal -0.225087 -0.974339 -0
    outer loop
      vertex -95.4565 -94.1707 6
      vertex -95.6751 -94.1202 0
      vertex -95.4565 -94.1707 0
    endloop
  endfacet
  facet normal -0.225087 -0.974339 -0
    outer loop
      vertex -95.6751 -94.1202 6
      vertex -95.6751 -94.1202 0
      vertex -95.4565 -94.1707 6
    endloop
  endfacet
  facet normal -0.0695983 -0.997575 -0
    outer loop
      vertex -95.3447 -94.1785 6
      vertex -95.4565 -94.1707 0
      vertex -95.3447 -94.1785 0
    endloop
  endfacet
  facet normal -0.0695983 -0.997575 -0
    outer loop
      vertex -95.4565 -94.1707 6
      vertex -95.4565 -94.1707 0
      vertex -95.3447 -94.1785 6
    endloop
  endfacet
  facet normal -0.0697569 -0.997564 -0
    outer loop
      vertex -80.2061 -95.2371 6
      vertex -95.3447 -94.1785 0
      vertex -80.2061 -95.2371 0
    endloop
  endfacet
  facet normal -0.0697569 -0.997564 -0
    outer loop
      vertex -95.3447 -94.1785 6
      vertex -95.3447 -94.1785 0
      vertex -80.2061 -95.2371 6
    endloop
  endfacet
  facet normal -0.173785 -0.984784 -0
    outer loop
      vertex -80.2027 -95.2377 6
      vertex -80.2061 -95.2371 0
      vertex -80.2027 -95.2377 0
    endloop
  endfacet
  facet normal -0.173785 -0.984784 -0
    outer loop
      vertex -80.2061 -95.2371 6
      vertex -80.2061 -95.2371 0
      vertex -80.2027 -95.2377 6
    endloop
  endfacet
  facet normal -0.151143 -0.988512 -0
    outer loop
      vertex -80.032 -95.2638 6
      vertex -80.2027 -95.2377 0
      vertex -80.032 -95.2638 0
    endloop
  endfacet
  facet normal -0.151143 -0.988512 -0
    outer loop
      vertex -80.2027 -95.2377 6
      vertex -80.2027 -95.2377 0
      vertex -80.032 -95.2638 6
    endloop
  endfacet
  facet normal -0.310433 -0.950595 -0
    outer loop
      vertex -79.8645 -95.3185 6
      vertex -80.032 -95.2638 0
      vertex -79.8645 -95.3185 0
    endloop
  endfacet
  facet normal -0.310433 -0.950595 -0
    outer loop
      vertex -80.032 -95.2638 6
      vertex -80.032 -95.2638 0
      vertex -79.8645 -95.3185 6
    endloop
  endfacet
  facet normal -0.461907 -0.886929 -0
    outer loop
      vertex -79.7082 -95.3999 6
      vertex -79.8645 -95.3185 0
      vertex -79.7082 -95.3999 0
    endloop
  endfacet
  facet normal -0.461907 -0.886929 -0
    outer loop
      vertex -79.8645 -95.3185 6
      vertex -79.8645 -95.3185 0
      vertex -79.7082 -95.3999 6
    endloop
  endfacet
  facet normal -0.600363 -0.799727 -0
    outer loop
      vertex -79.5674 -95.5056 6
      vertex -79.7082 -95.3999 0
      vertex -79.5674 -95.5056 0
    endloop
  endfacet
  facet normal -0.600363 -0.799727 -0
    outer loop
      vertex -79.7082 -95.3999 6
      vertex -79.7082 -95.3999 0
      vertex -79.5674 -95.5056 6
    endloop
  endfacet
  facet normal -0.722814 -0.691042 -0
    outer loop
      vertex -79.4456 -95.633 6
      vertex -79.5674 -95.5056 0
      vertex -79.4456 -95.633 0
    endloop
  endfacet
  facet normal -0.722814 -0.691042 -0
    outer loop
      vertex -79.5674 -95.5056 6
      vertex -79.5674 -95.5056 0
      vertex -79.4456 -95.633 6
    endloop
  endfacet
  facet normal -0.826239 -0.563319 -0
    outer loop
      vertex -79.3464 -95.7785 6
      vertex -79.4456 -95.633 0
      vertex -79.3464 -95.7785 0
    endloop
  endfacet
  facet normal -0.826239 -0.563319 -0
    outer loop
      vertex -79.4456 -95.633 6
      vertex -79.4456 -95.633 0
      vertex -79.3464 -95.7785 6
    endloop
  endfacet
  facet normal -0.906993 -0.421145 -0
    outer loop
      vertex -79.2722 -95.9383 6
      vertex -79.3464 -95.7785 0
      vertex -79.2722 -95.9383 0
    endloop
  endfacet
  facet normal -0.906993 -0.421145 -0
    outer loop
      vertex -79.3464 -95.7785 6
      vertex -79.3464 -95.7785 0
      vertex -79.2722 -95.9383 6
    endloop
  endfacet
  facet normal -0.963615 -0.267293 -0
    outer loop
      vertex -79.2251 -96.1081 6
      vertex -79.2722 -95.9383 0
      vertex -79.2251 -96.1081 0
    endloop
  endfacet
  facet normal -0.963615 -0.267293 -0
    outer loop
      vertex -79.2722 -95.9383 6
      vertex -79.2722 -95.9383 0
      vertex -79.2251 -96.1081 6
    endloop
  endfacet
  facet normal -0.994352 -0.106132 -0
    outer loop
      vertex -79.2064 -96.2833 6
      vertex -79.2251 -96.1081 0
      vertex -79.2064 -96.2833 0
    endloop
  endfacet
  facet normal -0.994352 -0.106132 -0
    outer loop
      vertex -79.2251 -96.1081 6
      vertex -79.2251 -96.1081 0
      vertex -79.2064 -96.2833 6
    endloop
  endfacet
  facet normal -0.998354 0.0573571 0
    outer loop
      vertex -79.2165 -96.4591 6
      vertex -79.2064 -96.2833 0
      vertex -79.2165 -96.4591 0
    endloop
  endfacet
  facet normal -0.998354 0.0573571 0
    outer loop
      vertex -79.2064 -96.2833 6
      vertex -79.2064 -96.2833 0
      vertex -79.2165 -96.4591 6
    endloop
  endfacet
  facet normal -0.990267 0.139183 0
    outer loop
      vertex -79.751 -100.262 6
      vertex -79.2165 -96.4591 0
      vertex -79.751 -100.262 0
    endloop
  endfacet
  facet normal -0.990267 0.139183 0
    outer loop
      vertex -79.2165 -96.4591 6
      vertex -79.2165 -96.4591 0
      vertex -79.751 -100.262 6
    endloop
  endfacet
  facet normal -0.990268 0.139173 0
    outer loop
      vertex -79.7666 -100.373 6
      vertex -79.751 -100.262 0
      vertex -79.7666 -100.373 0
    endloop
  endfacet
  facet normal -0.990268 0.139173 0
    outer loop
      vertex -79.751 -100.262 6
      vertex -79.751 -100.262 0
      vertex -79.7666 -100.373 6
    endloop
  endfacet
  facet normal -0.999848 -0.0174081 -0
    outer loop
      vertex -79.7627 -100.597 6
      vertex -79.7666 -100.373 0
      vertex -79.7627 -100.597 0
    endloop
  endfacet
  facet normal -0.999848 -0.0174081 -0
    outer loop
      vertex -79.7666 -100.373 6
      vertex -79.7666 -100.373 0
      vertex -79.7627 -100.597 6
    endloop
  endfacet
  facet normal -0.984784 -0.173785 -0
    outer loop
      vertex -79.7237 -100.818 6
      vertex -79.7627 -100.597 0
      vertex -79.7237 -100.818 0
    endloop
  endfacet
  facet normal -0.984784 -0.173785 -0
    outer loop
      vertex -79.7627 -100.597 6
      vertex -79.7627 -100.597 0
      vertex -79.7237 -100.818 6
    endloop
  endfacet
  facet normal -0.945515 -0.325578 -0
    outer loop
      vertex -79.6507 -101.03 6
      vertex -79.7237 -100.818 0
      vertex -79.6507 -101.03 0
    endloop
  endfacet
  facet normal -0.945515 -0.325578 -0
    outer loop
      vertex -79.7237 -100.818 6
      vertex -79.7237 -100.818 0
      vertex -79.6507 -101.03 6
    endloop
  endfacet
  facet normal -0.882908 -0.469546 -0
    outer loop
      vertex -79.5454 -101.228 6
      vertex -79.6507 -101.03 0
      vertex -79.5454 -101.228 0
    endloop
  endfacet
  facet normal -0.882908 -0.469546 -0
    outer loop
      vertex -79.6507 -101.03 6
      vertex -79.6507 -101.03 0
      vertex -79.5454 -101.228 6
    endloop
  endfacet
  facet normal -0.798391 -0.602139 -0
    outer loop
      vertex -79.4104 -101.407 6
      vertex -79.5454 -101.228 0
      vertex -79.4104 -101.407 0
    endloop
  endfacet
  facet normal -0.798391 -0.602139 -0
    outer loop
      vertex -79.5454 -101.228 6
      vertex -79.5454 -101.228 0
      vertex -79.4104 -101.407 6
    endloop
  endfacet
  facet normal -0.695199 -0.718818 -0
    outer loop
      vertex -79.2491 -101.563 6
      vertex -79.4104 -101.407 0
      vertex -79.2491 -101.563 0
    endloop
  endfacet
  facet normal -0.695199 -0.718818 -0
    outer loop
      vertex -79.4104 -101.407 6
      vertex -79.4104 -101.407 0
      vertex -79.2491 -101.563 6
    endloop
  endfacet
  facet normal -0.574478 -0.81852 -0
    outer loop
      vertex -79.0653 -101.692 6
      vertex -79.2491 -101.563 0
      vertex -79.0653 -101.692 0
    endloop
  endfacet
  facet normal -0.574478 -0.81852 -0
    outer loop
      vertex -79.2491 -101.563 6
      vertex -79.2491 -101.563 0
      vertex -79.0653 -101.692 6
    endloop
  endfacet
  facet normal -0.437193 -0.899368 -0
    outer loop
      vertex -78.8637 -101.79 6
      vertex -79.0653 -101.692 0
      vertex -78.8637 -101.79 0
    endloop
  endfacet
  facet normal -0.437193 -0.899368 -0
    outer loop
      vertex -79.0653 -101.692 6
      vertex -79.0653 -101.692 0
      vertex -78.8637 -101.79 6
    endloop
  endfacet
  facet normal -0.294086 -0.955779 -0
    outer loop
      vertex -78.6492 -101.856 6
      vertex -78.8637 -101.79 0
      vertex -78.6492 -101.856 0
    endloop
  endfacet
  facet normal -0.294086 -0.955779 -0
    outer loop
      vertex -78.8637 -101.79 6
      vertex -78.8637 -101.79 0
      vertex -78.6492 -101.856 6
    endloop
  endfacet
  facet normal -0.134155 -0.99096 -0
    outer loop
      vertex -78.5384 -101.871 6
      vertex -78.6492 -101.856 0
      vertex -78.5384 -101.871 0
    endloop
  endfacet
  facet normal -0.134155 -0.99096 -0
    outer loop
      vertex -78.6492 -101.856 6
      vertex -78.6492 -101.856 0
      vertex -78.5384 -101.871 6
    endloop
  endfacet
  facet normal 0 -1 -0
    outer loop
      vertex -78.5382 -101.871 6
      vertex -78.5384 -101.871 0
      vertex -78.5382 -101.871 0
    endloop
  endfacet
  facet normal 0 -1 0
    outer loop
      vertex -78.5384 -101.871 6
      vertex -78.5384 -101.871 0
      vertex -78.5382 -101.871 6
    endloop
  endfacet
  facet normal -0.139199 -0.990264 -0
    outer loop
      vertex -58.7328 -104.655 6
      vertex -78.5382 -101.871 0
      vertex -58.7328 -104.655 0
    endloop
  endfacet
  facet normal -0.139199 -0.990264 -0
    outer loop
      vertex -78.5382 -101.871 6
      vertex -78.5382 -101.871 0
      vertex -58.7328 -104.655 6
    endloop
  endfacet
  facet normal -0.14267 -0.98977 -0
    outer loop
      vertex -58.6218 -104.671 6
      vertex -58.7328 -104.655 0
      vertex -58.6218 -104.671 0
    endloop
  endfacet
  facet normal -0.14267 -0.98977 -0
    outer loop
      vertex -58.7328 -104.655 6
      vertex -58.7328 -104.655 0
      vertex -58.6218 -104.671 6
    endloop
  endfacet
  facet normal 0.0178304 -0.999841 0
    outer loop
      vertex -58.3975 -104.667 6
      vertex -58.6218 -104.671 0
      vertex -58.3975 -104.667 0
    endloop
  endfacet
  facet normal 0.0178304 -0.999841 0
    outer loop
      vertex -58.6218 -104.671 6
      vertex -58.6218 -104.671 0
      vertex -58.3975 -104.667 6
    endloop
  endfacet
  facet normal 0.173862 -0.98477 0
    outer loop
      vertex -58.1766 -104.628 6
      vertex -58.3975 -104.667 0
      vertex -58.1766 -104.628 0
    endloop
  endfacet
  facet normal 0.173862 -0.98477 0
    outer loop
      vertex -58.3975 -104.667 6
      vertex -58.3975 -104.667 0
      vertex -58.1766 -104.628 6
    endloop
  endfacet
  facet normal 0.325441 -0.945562 0
    outer loop
      vertex -57.9645 -104.555 6
      vertex -58.1766 -104.628 0
      vertex -57.9645 -104.555 0
    endloop
  endfacet
  facet normal 0.325441 -0.945562 0
    outer loop
      vertex -58.1766 -104.628 6
      vertex -58.1766 -104.628 0
      vertex -57.9645 -104.555 6
    endloop
  endfacet
  facet normal 0.471974 -0.881612 0
    outer loop
      vertex -57.7665 -104.449 6
      vertex -57.9645 -104.555 0
      vertex -57.7665 -104.449 0
    endloop
  endfacet
  facet normal 0.471974 -0.881612 0
    outer loop
      vertex -57.9645 -104.555 6
      vertex -57.9645 -104.555 0
      vertex -57.7665 -104.449 6
    endloop
  endfacet
  facet normal 0.601924 -0.798553 0
    outer loop
      vertex -57.5874 -104.314 6
      vertex -57.7665 -104.449 0
      vertex -57.5874 -104.314 0
    endloop
  endfacet
  facet normal 0.601924 -0.798553 0
    outer loop
      vertex -57.7665 -104.449 6
      vertex -57.7665 -104.449 0
      vertex -57.5874 -104.314 6
    endloop
  endfacet
  facet normal 0.718394 -0.695637 0
    outer loop
      vertex -57.4315 -104.153 6
      vertex -57.5874 -104.314 0
      vertex -57.4315 -104.153 0
    endloop
  endfacet
  facet normal 0.718394 -0.695637 0
    outer loop
      vertex -57.5874 -104.314 6
      vertex -57.5874 -104.314 0
      vertex -57.4315 -104.153 6
    endloop
  endfacet
  facet normal 0.81965 -0.572864 0
    outer loop
      vertex -57.3029 -103.969 6
      vertex -57.4315 -104.153 0
      vertex -57.3029 -103.969 0
    endloop
  endfacet
  facet normal 0.81965 -0.572864 0
    outer loop
      vertex -57.4315 -104.153 6
      vertex -57.4315 -104.153 0
      vertex -57.3029 -103.969 6
    endloop
  endfacet
  facet normal 0.898326 -0.43933 0
    outer loop
      vertex -57.2046 -103.768 6
      vertex -57.3029 -103.969 0
      vertex -57.2046 -103.768 0
    endloop
  endfacet
  facet normal 0.898326 -0.43933 0
    outer loop
      vertex -57.3029 -103.969 6
      vertex -57.3029 -103.969 0
      vertex -57.2046 -103.768 6
    endloop
  endfacet
  facet normal 0.956469 -0.291834 0
    outer loop
      vertex -57.139 -103.553 6
      vertex -57.2046 -103.768 0
      vertex -57.139 -103.553 0
    endloop
  endfacet
  facet normal 0.956469 -0.291834 0
    outer loop
      vertex -57.2046 -103.768 6
      vertex -57.2046 -103.768 0
      vertex -57.139 -103.553 6
    endloop
  endfacet
  facet normal 0.990268 -0.139173 0
    outer loop
      vertex -57.1234 -103.442 6
      vertex -57.139 -103.553 0
      vertex -57.1234 -103.442 0
    endloop
  endfacet
  facet normal 0.990268 -0.139173 0
    outer loop
      vertex -57.139 -103.553 6
      vertex -57.139 -103.553 0
      vertex -57.1234 -103.442 6
    endloop
  endfacet
  facet normal 0.990267 -0.139182 0
    outer loop
      vertex -55.8151 -94.1336 6
      vertex -57.1234 -103.442 0
      vertex -55.8151 -94.1336 0
    endloop
  endfacet
  facet normal 0.990267 -0.139182 0
    outer loop
      vertex -57.1234 -103.442 6
      vertex -57.1234 -103.442 0
      vertex -55.8151 -94.1336 6
    endloop
  endfacet
  facet normal 0.980581 -0.196116 0
    outer loop
      vertex -55.8148 -94.1321 6
      vertex -55.8151 -94.1336 0
      vertex -55.8148 -94.1321 0
    endloop
  endfacet
  facet normal 0.980581 -0.196116 0
    outer loop
      vertex -55.8151 -94.1336 6
      vertex -55.8151 -94.1336 0
      vertex -55.8148 -94.1321 6
    endloop
  endfacet
  facet normal 0.990269 -0.139167 0
    outer loop
      vertex -52.475 -70.3672 6
      vertex -55.8148 -94.1321 0
      vertex -52.475 -70.3672 0
    endloop
  endfacet
  facet normal 0.990269 -0.139167 0
    outer loop
      vertex -55.8148 -94.1321 6
      vertex -55.8148 -94.1321 0
      vertex -52.475 -70.3672 6
    endloop
  endfacet
  facet normal 0 0 -1
    outer loop
      vertex -52.475 -70.3672 0
      vertex -73.3513 -76.3676 0
      vertex -73.3888 -76.0829 0
    endloop
  endfacet
  facet normal 0 0 -1
    outer loop
      vertex -73.3888 -76.6523 0
      vertex -73.3513 -76.3676 0
      vertex -52.475 -70.3672 0
    endloop
  endfacet
  facet normal 0 0 -1
    outer loop
      vertex -73.4987 -76.9176 0
      vertex -73.3888 -76.6523 0
      vertex -52.475 -70.3672 0
    endloop
  endfacet
  facet normal 0 0 -1
    outer loop
      vertex -55.8148 -94.1321 0
      vertex -73.4987 -76.9176 0
      vertex -52.475 -70.3672 0
    endloop
  endfacet
  facet normal 0 0 -1
    outer loop
      vertex -73.6735 -77.1454 0
      vertex -73.4987 -76.9176 0
      vertex -55.8148 -94.1321 0
    endloop
  endfacet
  facet normal 0 0 -1
    outer loop
      vertex -73.9013 -77.3202 0
      vertex -73.6735 -77.1454 0
      vertex -55.8148 -94.1321 0
    endloop
  endfacet
  facet normal 0 0 -1
    outer loop
      vertex -55.8148 -94.1321 0
      vertex -74.1666 -77.4301 0
      vertex -73.9013 -77.3202 0
    endloop
  endfacet
  facet normal 0 0 -1
    outer loop
      vertex -79.7082 -95.3999 0
      vertex -74.1666 -77.4301 0
      vertex -55.8148 -94.1321 0
    endloop
  endfacet
  facet normal 0 0 -1
    outer loop
      vertex -79.5674 -95.5056 0
      vertex -79.7082 -95.3999 0
      vertex -55.8148 -94.1321 0
    endloop
  endfacet
  facet normal 0 0 -1
    outer loop
      vertex -79.8645 -95.3185 0
      vertex -74.1666 -77.4301 0
      vertex -79.7082 -95.3999 0
    endloop
  endfacet
  facet normal 0 -0 -1
    outer loop
      vertex -74.4513 -77.4676 0
      vertex -74.1666 -77.4301 0
      vertex -79.8645 -95.3185 0
    endloop
  endfacet
  facet normal 0 0 -1
    outer loop
      vertex -80.032 -95.2638 0
      vertex -74.4513 -77.4676 0
      vertex -79.8645 -95.3185 0
    endloop
  endfacet
  facet normal 0 -0 -1
    outer loop
      vertex -74.736 -77.4301 0
      vertex -74.4513 -77.4676 0
      vertex -80.032 -95.2638 0
    endloop
  endfacet
  facet normal 0 0 -1
    outer loop
      vertex -80.2061 -95.2371 0
      vertex -74.736 -77.4301 0
      vertex -80.032 -95.2638 0
    endloop
  endfacet
  facet normal 0 -0 -1
    outer loop
      vertex -75.0013 -77.3202 0
      vertex -74.736 -77.4301 0
      vertex -80.2061 -95.2371 0
    endloop
  endfacet
  facet normal 0 0 -1
    outer loop
      vertex -96.6945 -89.8527 0
      vertex -75.0013 -77.3202 0
      vertex -80.2061 -95.2371 0
    endloop
  endfacet
  facet normal 0 0 -1
    outer loop
      vertex -96.8037 -89.7144 0
      vertex -75.0013 -77.3202 0
      vertex -96.6945 -89.8527 0
    endloop
  endfacet
  facet normal 0 -0 -1
    outer loop
      vertex -75.2291 -77.1454 0
      vertex -75.0013 -77.3202 0
      vertex -96.8037 -89.7144 0
    endloop
  endfacet
  facet normal 0 0 -1
    outer loop
      vertex -96.934 -89.5959 0
      vertex -75.2291 -77.1454 0
      vertex -96.8037 -89.7144 0
    endloop
  endfacet
  facet normal 0 0 -1
    outer loop
      vertex -97.0819 -89.5002 0
      vertex -75.2291 -77.1454 0
      vertex -96.934 -89.5959 0
    endloop
  endfacet
  facet normal 0 -0 -1
    outer loop
      vertex -75.404 -76.9176 0
      vertex -75.2291 -77.1454 0
      vertex -97.0819 -89.5002 0
    endloop
  endfacet
  facet normal 0 0 -1
    outer loop
      vertex -97.2434 -89.4299 0
      vertex -75.404 -76.9176 0
      vertex -97.0819 -89.5002 0
    endloop
  endfacet
  facet normal 0 -0 -1
    outer loop
      vertex -75.5138 -76.6523 0
      vertex -75.404 -76.9176 0
      vertex -97.2434 -89.4299 0
    endloop
  endfacet
  facet normal 0 0 -1
    outer loop
      vertex -97.4143 -89.387 0
      vertex -75.5138 -76.6523 0
      vertex -97.2434 -89.4299 0
    endloop
  endfacet
  facet normal 0 -0 -1
    outer loop
      vertex -75.5513 -76.3676 0
      vertex -75.5138 -76.6523 0
      vertex -97.4143 -89.387 0
    endloop
  endfacet
  facet normal 0 0 -1
    outer loop
      vertex -97.5899 -89.3726 0
      vertex -75.5513 -76.3676 0
      vertex -97.4143 -89.387 0
    endloop
  endfacet
  facet normal 0 0 -1
    outer loop
      vertex -75.5138 -76.0829 0
      vertex -75.5513 -76.3676 0
      vertex -97.5899 -89.3726 0
    endloop
  endfacet
  facet normal 0 -0 -1
    outer loop
      vertex -93.0501 -53.5101 0
      vertex -75.5138 -76.0829 0
      vertex -97.5899 -89.3726 0
    endloop
  endfacet
  facet normal -0 0 -1
    outer loop
      vertex -75.404 -75.8176 0
      vertex -75.5138 -76.0829 0
      vertex -93.0501 -53.5101 0
    endloop
  endfacet
  facet normal -0 -0 -1
    outer loop
      vertex -92.7654 -53.5476 0
      vertex -75.404 -75.8176 0
      vertex -93.0501 -53.5101 0
    endloop
  endfacet
  facet normal -0 0 -1
    outer loop
      vertex -75.2291 -75.5898 0
      vertex -75.404 -75.8176 0
      vertex -92.7654 -53.5476 0
    endloop
  endfacet
  facet normal 0 -0 -1
    outer loop
      vertex -92.4807 -53.5101 0
      vertex -75.2291 -75.5898 0
      vertex -92.7654 -53.5476 0
    endloop
  endfacet
  facet normal -0 0 -1
    outer loop
      vertex -75.0013 -75.415 0
      vertex -75.2291 -75.5898 0
      vertex -92.4807 -53.5101 0
    endloop
  endfacet
  facet normal -0 0 -1
    outer loop
      vertex -74.736 -75.3051 0
      vertex -75.0013 -75.415 0
      vertex -92.4807 -53.5101 0
    endloop
  endfacet
  facet normal 0 0 -1
    outer loop
      vertex -74.736 -75.3051 0
      vertex -91.9876 -53.2254 0
      vertex -74.4513 -75.2676 0
    endloop
  endfacet
  facet normal 0 0 -1
    outer loop
      vertex -92.2154 -53.4002 0
      vertex -91.9876 -53.2254 0
      vertex -74.736 -75.3051 0
    endloop
  endfacet
  facet normal 0 0 -1
    outer loop
      vertex -92.4807 -53.5101 0
      vertex -92.2154 -53.4002 0
      vertex -74.736 -75.3051 0
    endloop
  endfacet
  facet normal 0 0 -1
    outer loop
      vertex -69.5474 -46.7362 0
      vertex -74.4513 -75.2676 0
      vertex -91.9876 -53.2254 0
    endloop
  endfacet
  facet normal 0 0 -1
    outer loop
      vertex -74.1666 -75.3051 0
      vertex -74.4513 -75.2676 0
      vertex -69.5474 -46.7362 0
    endloop
  endfacet
  facet normal -0 0 -1
    outer loop
      vertex -52.475 -70.3672 0
      vertex -74.1666 -75.3051 0
      vertex -69.5474 -46.7362 0
    endloop
  endfacet
  facet normal 0 0 -1
    outer loop
      vertex -73.9013 -75.415 0
      vertex -74.1666 -75.3051 0
      vertex -52.475 -70.3672 0
    endloop
  endfacet
  facet normal 0 0 -1
    outer loop
      vertex -73.6735 -75.5898 0
      vertex -73.9013 -75.415 0
      vertex -52.475 -70.3672 0
    endloop
  endfacet
  facet normal 0 0 -1
    outer loop
      vertex -73.4987 -75.8176 0
      vertex -73.6735 -75.5898 0
      vertex -52.475 -70.3672 0
    endloop
  endfacet
  facet normal 0 0 -1
    outer loop
      vertex -73.3888 -76.0829 0
      vertex -73.4987 -75.8176 0
      vertex -52.475 -70.3672 0
    endloop
  endfacet
  facet normal 0 -0 -1
    outer loop
      vertex -128.305 -56.3476 0
      vertex -93.718 -52.9976 0
      vertex -128.343 -56.6323 0
    endloop
  endfacet
  facet normal 0 -0 -1
    outer loop
      vertex -93.8279 -52.7323 0
      vertex -93.718 -52.9976 0
      vertex -128.305 -56.3476 0
    endloop
  endfacet
  facet normal 0 0 -1
    outer loop
      vertex -128.343 -56.0629 0
      vertex -93.8279 -52.7323 0
      vertex -128.305 -56.3476 0
    endloop
  endfacet
  facet normal 0 -0 -1
    outer loop
      vertex -93.8654 -52.4476 0
      vertex -93.8279 -52.7323 0
      vertex -128.343 -56.0629 0
    endloop
  endfacet
  facet normal 0 0 -1
    outer loop
      vertex -128.453 -55.7976 0
      vertex -93.8654 -52.4476 0
      vertex -128.343 -56.0629 0
    endloop
  endfacet
  facet normal 0 0 -1
    outer loop
      vertex -93.8279 -52.1629 0
      vertex -93.8654 -52.4476 0
      vertex -128.453 -55.7976 0
    endloop
  endfacet
  facet normal 0 -0 -1
    outer loop
      vertex -115.079 -36.9062 0
      vertex -93.8279 -52.1629 0
      vertex -128.453 -55.7976 0
    endloop
  endfacet
  facet normal -0 0 -1
    outer loop
      vertex -93.718 -51.8976 0
      vertex -93.8279 -52.1629 0
      vertex -115.079 -36.9062 0
    endloop
  endfacet
  facet normal 0 -0 -1
    outer loop
      vertex -114.898 -36.8577 0
      vertex -93.718 -51.8976 0
      vertex -115.079 -36.9062 0
    endloop
  endfacet
  facet normal -0 0 -1
    outer loop
      vertex -93.5432 -51.6698 0
      vertex -93.718 -51.8976 0
      vertex -114.898 -36.8577 0
    endloop
  endfacet
  facet normal 0 -0 -1
    outer loop
      vertex -114.728 -36.7786 0
      vertex -93.5432 -51.6698 0
      vertex -114.898 -36.8577 0
    endloop
  endfacet
  facet normal 0 -0 -1
    outer loop
      vertex -114.574 -36.6711 0
      vertex -93.5432 -51.6698 0
      vertex -114.728 -36.7786 0
    endloop
  endfacet
  facet normal -0 0 -1
    outer loop
      vertex -93.3154 -51.4949 0
      vertex -93.5432 -51.6698 0
      vertex -114.574 -36.6711 0
    endloop
  endfacet
  facet normal -0 0 -1
    outer loop
      vertex -91.1099 -38.1348 0
      vertex -93.3154 -51.4949 0
      vertex -114.574 -36.6711 0
    endloop
  endfacet
  facet normal -0 0 -1
    outer loop
      vertex -90.9878 -38.2658 0
      vertex -93.3154 -51.4949 0
      vertex -91.1099 -38.1348 0
    endloop
  endfacet
  facet normal -0 0 -1
    outer loop
      vertex -90.8456 -38.3747 0
      vertex -93.3154 -51.4949 0
      vertex -90.9878 -38.2658 0
    endloop
  endfacet
  facet normal -0 0 -1
    outer loop
      vertex -93.0501 -51.3851 0
      vertex -93.3154 -51.4949 0
      vertex -90.8456 -38.3747 0
    endloop
  endfacet
  facet normal -0 0 -1
    outer loop
      vertex -90.6873 -38.4584 0
      vertex -93.0501 -51.3851 0
      vertex -90.8456 -38.3747 0
    endloop
  endfacet
  facet normal -0 0 -1
    outer loop
      vertex -92.7654 -51.3476 0
      vertex -93.0501 -51.3851 0
      vertex -90.6873 -38.4584 0
    endloop
  endfacet
  facet normal -0 0 -1
    outer loop
      vertex -90.5174 -38.5147 0
      vertex -92.7654 -51.3476 0
      vertex -90.6873 -38.4584 0
    endloop
  endfacet
  facet normal -0 0 -1
    outer loop
      vertex -90.3404 -38.5421 0
      vertex -92.7654 -51.3476 0
      vertex -90.5174 -38.5147 0
    endloop
  endfacet
  facet normal -0 -0 1
    outer loop
      vertex -90.3418 -38.5419 0
      vertex -90.3404 -38.5421 0
      vertex -90.5174 -38.5147 0
    endloop
  endfacet
  facet normal -0 0 -1
    outer loop
      vertex -93.5432 -53.2254 0
      vertex -128.343 -56.6323 0
      vertex -93.718 -52.9976 0
    endloop
  endfacet
  facet normal 0 0 -1
    outer loop
      vertex -128.453 -56.8976 0
      vertex -128.343 -56.6323 0
      vertex -93.5432 -53.2254 0
    endloop
  endfacet
  facet normal -0 0 -1
    outer loop
      vertex -93.3154 -53.4002 0
      vertex -128.453 -56.8976 0
      vertex -93.5432 -53.2254 0
    endloop
  endfacet
  facet normal 0 0 -1
    outer loop
      vertex -128.628 -57.1254 0
      vertex -128.453 -56.8976 0
      vertex -93.3154 -53.4002 0
    endloop
  endfacet
  facet normal 0 0 -1
    outer loop
      vertex -108.265 -89.3726 0
      vertex -128.628 -57.1254 0
      vertex -93.3154 -53.4002 0
    endloop
  endfacet
  facet normal 0 0 -1
    outer loop
      vertex -128.855 -57.3002 0
      vertex -128.628 -57.1254 0
      vertex -108.265 -89.3726 0
    endloop
  endfacet
  facet normal 0 0 -1
    outer loop
      vertex -108.452 -89.3889 0
      vertex -128.855 -57.3002 0
      vertex -108.265 -89.3726 0
    endloop
  endfacet
  facet normal 0 0 -1
    outer loop
      vertex -129.121 -57.4101 0
      vertex -128.855 -57.3002 0
      vertex -108.452 -89.3889 0
    endloop
  endfacet
  facet normal 0 0 -1
    outer loop
      vertex -108.633 -89.4374 0
      vertex -129.121 -57.4101 0
      vertex -108.452 -89.3889 0
    endloop
  endfacet
  facet normal 0 0 -1
    outer loop
      vertex -124.765 -91.3476 0
      vertex -129.121 -57.4101 0
      vertex -108.633 -89.4374 0
    endloop
  endfacet
  facet normal 0 0 -1
    outer loop
      vertex -124.481 -91.3851 0
      vertex -124.765 -91.3476 0
      vertex -108.633 -89.4374 0
    endloop
  endfacet
  facet normal 0 0 -1
    outer loop
      vertex -124.765 -91.3476 0
      vertex -129.405 -57.4476 0
      vertex -129.121 -57.4101 0
    endloop
  endfacet
  facet normal 0 0 -1
    outer loop
      vertex -125.05 -91.3851 0
      vertex -129.405 -57.4476 0
      vertex -124.765 -91.3476 0
    endloop
  endfacet
  facet normal 0 0 -1
    outer loop
      vertex -129.69 -57.4101 0
      vertex -129.405 -57.4476 0
      vertex -125.05 -91.3851 0
    endloop
  endfacet
  facet normal 0 0 -1
    outer loop
      vertex -125.315 -91.4949 0
      vertex -129.69 -57.4101 0
      vertex -125.05 -91.3851 0
    endloop
  endfacet
  facet normal 0 0 -1
    outer loop
      vertex -129.955 -57.3002 0
      vertex -129.69 -57.4101 0
      vertex -125.315 -91.4949 0
    endloop
  endfacet
  facet normal 0 0 -1
    outer loop
      vertex -125.543 -91.6698 0
      vertex -129.955 -57.3002 0
      vertex -125.315 -91.4949 0
    endloop
  endfacet
  facet normal 0 0 -1
    outer loop
      vertex -170.69 -102.639 0
      vertex -129.955 -57.3002 0
      vertex -125.543 -91.6698 0
    endloop
  endfacet
  facet normal -0 0 -1
    outer loop
      vertex -125.718 -91.8976 0
      vertex -170.69 -102.639 0
      vertex -125.543 -91.6698 0
    endloop
  endfacet
  facet normal -0 0 -1
    outer loop
      vertex -125.828 -92.1629 0
      vertex -170.69 -102.639 0
      vertex -125.718 -91.8976 0
    endloop
  endfacet
  facet normal 0 0 -1
    outer loop
      vertex -157.104 -107.725 0
      vertex -170.69 -102.639 0
      vertex -125.828 -92.1629 0
    endloop
  endfacet
  facet normal -0 0 -1
    outer loop
      vertex -125.865 -92.4476 0
      vertex -157.104 -107.725 0
      vertex -125.828 -92.1629 0
    endloop
  endfacet
  facet normal -0 0 -1
    outer loop
      vertex -125.828 -92.7323 0
      vertex -157.104 -107.725 0
      vertex -125.865 -92.4476 0
    endloop
  endfacet
  facet normal 0 0 -1
    outer loop
      vertex -156.839 -107.835 0
      vertex -157.104 -107.725 0
      vertex -125.828 -92.7323 0
    endloop
  endfacet
  facet normal -0 0 -1
    outer loop
      vertex -125.718 -92.9976 0
      vertex -156.839 -107.835 0
      vertex -125.828 -92.7323 0
    endloop
  endfacet
  facet normal 0 0 -1
    outer loop
      vertex -156.611 -108.01 0
      vertex -156.839 -107.835 0
      vertex -125.718 -92.9976 0
    endloop
  endfacet
  facet normal -0 0 -1
    outer loop
      vertex -125.543 -93.2254 0
      vertex -156.611 -108.01 0
      vertex -125.718 -92.9976 0
    endloop
  endfacet
  facet normal 0 0 -1
    outer loop
      vertex -136.691 -114.039 0
      vertex -156.611 -108.01 0
      vertex -125.543 -93.2254 0
    endloop
  endfacet
  facet normal -0 0 -1
    outer loop
      vertex -136.598 -114.027 0
      vertex -136.691 -114.039 0
      vertex -125.543 -93.2254 0
    endloop
  endfacet
  facet normal 0 0 -1
    outer loop
      vertex -170.69 -102.639 0
      vertex -130.183 -57.1254 0
      vertex -129.955 -57.3002 0
    endloop
  endfacet
  facet normal 0 0 -1
    outer loop
      vertex -170.69 -46.3976 0
      vertex -130.183 -57.1254 0
      vertex -170.69 -102.639 0
    endloop
  endfacet
  facet normal 0 0 -1
    outer loop
      vertex -170.69 -46.3976 0
      vertex -130.358 -56.8976 0
      vertex -130.183 -57.1254 0
    endloop
  endfacet
  facet normal 0 -0 -1
    outer loop
      vertex -151.265 -44.9726 0
      vertex -130.358 -56.8976 0
      vertex -170.69 -46.3976 0
    endloop
  endfacet
  facet normal 0 -0 -1
    outer loop
      vertex -169.378 -44.9726 0
      vertex -151.265 -44.9726 0
      vertex -170.69 -46.3976 0
    endloop
  endfacet
  facet normal 0 0 -1
    outer loop
      vertex -151.265 -44.9726 0
      vertex -130.468 -56.6323 0
      vertex -130.358 -56.8976 0
    endloop
  endfacet
  facet normal 0 -0 -1
    outer loop
      vertex -151.079 -44.9562 0
      vertex -130.468 -56.6323 0
      vertex -151.265 -44.9726 0
    endloop
  endfacet
  facet normal -0 -0 -1
    outer loop
      vertex -130.505 -56.3476 0
      vertex -130.468 -56.6323 0
      vertex -151.079 -44.9562 0
    endloop
  endfacet
  facet normal 0 -0 -1
    outer loop
      vertex -150.898 -44.9077 0
      vertex -130.505 -56.3476 0
      vertex -151.079 -44.9562 0
    endloop
  endfacet
  facet normal -0 0 -1
    outer loop
      vertex -130.468 -56.0629 0
      vertex -130.505 -56.3476 0
      vertex -150.898 -44.9077 0
    endloop
  endfacet
  facet normal -0 0 -1
    outer loop
      vertex -130.358 -55.7976 0
      vertex -130.468 -56.0629 0
      vertex -150.898 -44.9077 0
    endloop
  endfacet
  facet normal 0 0 -1
    outer loop
      vertex -130.358 -55.7976 0
      vertex -150.574 -44.7211 0
      vertex -130.183 -55.5698 0
    endloop
  endfacet
  facet normal 0 0 -1
    outer loop
      vertex -150.728 -44.8286 0
      vertex -150.574 -44.7211 0
      vertex -130.358 -55.7976 0
    endloop
  endfacet
  facet normal 0 0 -1
    outer loop
      vertex -150.898 -44.9077 0
      vertex -150.728 -44.8286 0
      vertex -130.358 -55.7976 0
    endloop
  endfacet
  facet normal 0 -0 -1
    outer loop
      vertex -150.442 -44.5886 0
      vertex -130.183 -55.5698 0
      vertex -150.574 -44.7211 0
    endloop
  endfacet
  facet normal -0 0 -1
    outer loop
      vertex -129.955 -55.395 0
      vertex -130.183 -55.5698 0
      vertex -150.442 -44.5886 0
    endloop
  endfacet
  facet normal 0 -0 -1
    outer loop
      vertex -150.334 -44.4351 0
      vertex -129.955 -55.395 0
      vertex -150.442 -44.5886 0
    endloop
  endfacet
  facet normal 0 -0 -1
    outer loop
      vertex -133.265 -39.4726 0
      vertex -129.955 -55.395 0
      vertex -150.334 -44.4351 0
    endloop
  endfacet
  facet normal 0 -0 -1
    outer loop
      vertex -150.255 -44.2653 0
      vertex -133.265 -39.4726 0
      vertex -150.334 -44.4351 0
    endloop
  endfacet
  facet normal 0 -0 -1
    outer loop
      vertex -150.207 -44.0843 0
      vertex -133.265 -39.4726 0
      vertex -150.255 -44.2653 0
    endloop
  endfacet
  facet normal 0 -0 -1
    outer loop
      vertex -150.19 -43.8976 0
      vertex -133.265 -39.4726 0
      vertex -150.207 -44.0843 0
    endloop
  endfacet
  facet normal 0 -0 -1
    outer loop
      vertex -148.878 -39.4726 0
      vertex -133.265 -39.4726 0
      vertex -150.19 -43.8976 0
    endloop
  endfacet
  facet normal 0 0 -1
    outer loop
      vertex -150.19 -40.8976 0
      vertex -148.878 -39.4726 0
      vertex -150.19 -43.8976 0
    endloop
  endfacet
  facet normal 0 0 -1
    outer loop
      vertex -150.19 -40.7854 0
      vertex -148.878 -39.4726 0
      vertex -150.19 -40.8976 0
    endloop
  endfacet
  facet normal 0 -0 -1
    outer loop
      vertex -150.155 -40.5639 0
      vertex -148.878 -39.4726 0
      vertex -150.19 -40.7854 0
    endloop
  endfacet
  facet normal 0 -0 -1
    outer loop
      vertex -150.086 -40.3506 0
      vertex -148.878 -39.4726 0
      vertex -150.155 -40.5639 0
    endloop
  endfacet
  facet normal 0 -0 -1
    outer loop
      vertex -149.984 -40.1507 0
      vertex -148.878 -39.4726 0
      vertex -150.086 -40.3506 0
    endloop
  endfacet
  facet normal 0 -0 -1
    outer loop
      vertex -149.852 -39.9693 0
      vertex -148.878 -39.4726 0
      vertex -149.984 -40.1507 0
    endloop
  endfacet
  facet normal 0 -0 -1
    outer loop
      vertex -149.694 -39.8106 0
      vertex -148.878 -39.4726 0
      vertex -149.852 -39.9693 0
    endloop
  endfacet
  facet normal 0 -0 -1
    outer loop
      vertex -149.512 -39.6788 0
      vertex -148.878 -39.4726 0
      vertex -149.694 -39.8106 0
    endloop
  endfacet
  facet normal 0 -0 -1
    outer loop
      vertex -149.312 -39.577 0
      vertex -148.878 -39.4726 0
      vertex -149.512 -39.6788 0
    endloop
  endfacet
  facet normal 0 -0 -1
    outer loop
      vertex -149.099 -39.5077 0
      vertex -148.878 -39.4726 0
      vertex -149.312 -39.577 0
    endloop
  endfacet
  facet normal 0 0 -1
    outer loop
      vertex -133.265 -39.4726 0
      vertex -129.69 -55.2851 0
      vertex -129.955 -55.395 0
    endloop
  endfacet
  facet normal 0 -0 -1
    outer loop
      vertex -133.079 -39.4562 0
      vertex -129.69 -55.2851 0
      vertex -133.265 -39.4726 0
    endloop
  endfacet
  facet normal -0 0 -1
    outer loop
      vertex -129.405 -55.2476 0
      vertex -129.69 -55.2851 0
      vertex -133.079 -39.4562 0
    endloop
  endfacet
  facet normal 0 -0 -1
    outer loop
      vertex -132.898 -39.4077 0
      vertex -129.405 -55.2476 0
      vertex -133.079 -39.4562 0
    endloop
  endfacet
  facet normal 0 0 -1
    outer loop
      vertex -129.121 -55.2851 0
      vertex -129.405 -55.2476 0
      vertex -132.898 -39.4077 0
    endloop
  endfacet
  facet normal 0 -0 -1
    outer loop
      vertex -132.728 -39.3286 0
      vertex -129.121 -55.2851 0
      vertex -132.898 -39.4077 0
    endloop
  endfacet
  facet normal 0 -0 -1
    outer loop
      vertex -132.574 -39.2211 0
      vertex -129.121 -55.2851 0
      vertex -132.728 -39.3286 0
    endloop
  endfacet
  facet normal 0 0 -1
    outer loop
      vertex -115.265 -36.9226 0
      vertex -129.121 -55.2851 0
      vertex -132.574 -39.2211 0
    endloop
  endfacet
  facet normal 0 -0 -1
    outer loop
      vertex -132.442 -39.0886 0
      vertex -115.265 -36.9226 0
      vertex -132.574 -39.2211 0
    endloop
  endfacet
  facet normal 0 -0 -1
    outer loop
      vertex -132.334 -38.9351 0
      vertex -115.265 -36.9226 0
      vertex -132.442 -39.0886 0
    endloop
  endfacet
  facet normal 0 -0 -1
    outer loop
      vertex -130.878 -36.9226 0
      vertex -115.265 -36.9226 0
      vertex -132.334 -38.9351 0
    endloop
  endfacet
  facet normal 0 -0 -1
    outer loop
      vertex -132.255 -38.7653 0
      vertex -130.878 -36.9226 0
      vertex -132.334 -38.9351 0
    endloop
  endfacet
  facet normal 0 -0 -1
    outer loop
      vertex -132.207 -38.5843 0
      vertex -130.878 -36.9226 0
      vertex -132.255 -38.7653 0
    endloop
  endfacet
  facet normal 0 -0 -1
    outer loop
      vertex -132.19 -38.3976 0
      vertex -130.878 -36.9226 0
      vertex -132.207 -38.5843 0
    endloop
  endfacet
  facet normal 0 0 -1
    outer loop
      vertex -132.19 -38.3476 0
      vertex -130.878 -36.9226 0
      vertex -132.19 -38.3976 0
    endloop
  endfacet
  facet normal 0 0 -1
    outer loop
      vertex -115.265 -36.9226 0
      vertex -128.855 -55.395 0
      vertex -129.121 -55.2851 0
    endloop
  endfacet
  facet normal 0 0 -1
    outer loop
      vertex -128.628 -55.5698 0
      vertex -128.855 -55.395 0
      vertex -115.265 -36.9226 0
    endloop
  endfacet
  facet normal 0 0 -1
    outer loop
      vertex -128.453 -55.7976 0
      vertex -128.628 -55.5698 0
      vertex -115.265 -36.9226 0
    endloop
  endfacet
  facet normal 0 -0 -1
    outer loop
      vertex -123.665 -92.4476 0
      vertex -116.476 -93.4799 0
      vertex -123.703 -92.7323 0
    endloop
  endfacet
  facet normal -0 0 -1
    outer loop
      vertex -116.396 -93.3101 0
      vertex -116.476 -93.4799 0
      vertex -123.665 -92.4476 0
    endloop
  endfacet
  facet normal 0 0 -1
    outer loop
      vertex -123.703 -92.1629 0
      vertex -116.396 -93.3101 0
      vertex -123.665 -92.4476 0
    endloop
  endfacet
  facet normal -0 0 -1
    outer loop
      vertex -116.289 -93.1566 0
      vertex -116.396 -93.3101 0
      vertex -123.703 -92.1629 0
    endloop
  endfacet
  facet normal -0 0 -1
    outer loop
      vertex -116.156 -93.0241 0
      vertex -116.289 -93.1566 0
      vertex -123.703 -92.1629 0
    endloop
  endfacet
  facet normal 0 -0 -1
    outer loop
      vertex -123.703 -92.7323 0
      vertex -116.54 -93.8412 0
      vertex -123.813 -92.9976 0
    endloop
  endfacet
  facet normal -0 0 -1
    outer loop
      vertex -116.524 -93.6609 0
      vertex -116.54 -93.8412 0
      vertex -123.703 -92.7323 0
    endloop
  endfacet
  facet normal -0 0 -1
    outer loop
      vertex -116.476 -93.4799 0
      vertex -116.524 -93.6609 0
      vertex -123.703 -92.7323 0
    endloop
  endfacet
  facet normal 0 0 -1
    outer loop
      vertex -116.54 -93.8476 0
      vertex -123.813 -92.9976 0
      vertex -116.54 -93.8412 0
    endloop
  endfacet
  facet normal 0 0 -1
    outer loop
      vertex -123.988 -93.2254 0
      vertex -123.813 -92.9976 0
      vertex -116.54 -93.8476 0
    endloop
  endfacet
  facet normal 0 0 -1
    outer loop
      vertex -124.215 -93.4002 0
      vertex -123.988 -93.2254 0
      vertex -116.54 -93.8476 0
    endloop
  endfacet
  facet normal 0 0 -1
    outer loop
      vertex -116.54 -93.8476 0
      vertex -124.481 -93.5101 0
      vertex -124.215 -93.4002 0
    endloop
  endfacet
  facet normal 0 0 -1
    outer loop
      vertex -116.54 -112.598 0
      vertex -124.481 -93.5101 0
      vertex -116.54 -93.8476 0
    endloop
  endfacet
  facet normal 0 0 -1
    outer loop
      vertex -124.765 -93.5476 0
      vertex -124.481 -93.5101 0
      vertex -116.54 -112.598 0
    endloop
  endfacet
  facet normal 0 0 -1
    outer loop
      vertex -136.505 -114.023 0
      vertex -124.765 -93.5476 0
      vertex -116.54 -112.598 0
    endloop
  endfacet
  facet normal 0 -0 -1
    outer loop
      vertex -125.05 -93.5101 0
      vertex -124.765 -93.5476 0
      vertex -136.505 -114.023 0
    endloop
  endfacet
  facet normal 0 -0 -1
    outer loop
      vertex -125.315 -93.4002 0
      vertex -125.05 -93.5101 0
      vertex -136.505 -114.023 0
    endloop
  endfacet
  facet normal 0 0 -1
    outer loop
      vertex -136.598 -114.027 0
      vertex -125.315 -93.4002 0
      vertex -136.505 -114.023 0
    endloop
  endfacet
  facet normal 0 -0 -1
    outer loop
      vertex -125.543 -93.2254 0
      vertex -125.315 -93.4002 0
      vertex -136.598 -114.027 0
    endloop
  endfacet
  facet normal 0 0 -1
    outer loop
      vertex -124.481 -91.3851 0
      vertex -108.956 -89.6241 0
      vertex -124.215 -91.4949 0
    endloop
  endfacet
  facet normal 0 0 -1
    outer loop
      vertex -108.803 -89.5166 0
      vertex -108.956 -89.6241 0
      vertex -124.481 -91.3851 0
    endloop
  endfacet
  facet normal 0 0 -1
    outer loop
      vertex -108.633 -89.4374 0
      vertex -108.803 -89.5166 0
      vertex -124.481 -91.3851 0
    endloop
  endfacet
  facet normal 0 0 -1
    outer loop
      vertex -124.215 -91.4949 0
      vertex -115.833 -92.8374 0
      vertex -123.988 -91.6698 0
    endloop
  endfacet
  facet normal -0 0 -1
    outer loop
      vertex -115.652 -92.7889 0
      vertex -115.833 -92.8374 0
      vertex -124.215 -91.4949 0
    endloop
  endfacet
  facet normal 0 0 -1
    outer loop
      vertex -109.089 -89.7566 0
      vertex -115.652 -92.7889 0
      vertex -124.215 -91.4949 0
    endloop
  endfacet
  facet normal -0 0 -1
    outer loop
      vertex -115.465 -92.7726 0
      vertex -115.652 -92.7889 0
      vertex -109.089 -89.7566 0
    endloop
  endfacet
  facet normal -0 0 -1
    outer loop
      vertex -109.196 -89.9101 0
      vertex -115.465 -92.7726 0
      vertex -109.089 -89.7566 0
    endloop
  endfacet
  facet normal -0 0 -1
    outer loop
      vertex -109.276 -90.0799 0
      vertex -115.465 -92.7726 0
      vertex -109.196 -89.9101 0
    endloop
  endfacet
  facet normal -0 0 -1
    outer loop
      vertex -109.324 -90.2609 0
      vertex -115.465 -92.7726 0
      vertex -109.276 -90.0799 0
    endloop
  endfacet
  facet normal -0 0 -1
    outer loop
      vertex -109.34 -90.4412 0
      vertex -115.465 -92.7726 0
      vertex -109.324 -90.2609 0
    endloop
  endfacet
  facet normal -0 0 -1
    outer loop
      vertex -109.34 -90.4476 0
      vertex -115.465 -92.7726 0
      vertex -109.34 -90.4412 0
    endloop
  endfacet
  facet normal 0 0 -1
    outer loop
      vertex -110.653 -92.7726 0
      vertex -115.465 -92.7726 0
      vertex -109.34 -90.4476 0
    endloop
  endfacet
  facet normal -0 0 -1
    outer loop
      vertex -109.34 -91.3476 0
      vertex -110.653 -92.7726 0
      vertex -109.34 -90.4476 0
    endloop
  endfacet
  facet normal -0 0 -1
    outer loop
      vertex -109.34 -91.4597 0
      vertex -110.653 -92.7726 0
      vertex -109.34 -91.3476 0
    endloop
  endfacet
  facet normal -0 0 0
    outer loop
      vertex -109.34 -91.3483 0
      vertex -109.34 -91.4597 0
      vertex -109.34 -91.3476 0
    endloop
  endfacet
  facet normal 0 0 -1
    outer loop
      vertex -116.003 -92.9166 0
      vertex -123.988 -91.6698 0
      vertex -115.833 -92.8374 0
    endloop
  endfacet
  facet normal 0 0 -1
    outer loop
      vertex -123.813 -91.8976 0
      vertex -123.988 -91.6698 0
      vertex -116.003 -92.9166 0
    endloop
  endfacet
  facet normal 0 0 -1
    outer loop
      vertex -116.156 -93.0241 0
      vertex -123.813 -91.8976 0
      vertex -116.003 -92.9166 0
    endloop
  endfacet
  facet normal 0 0 -1
    outer loop
      vertex -123.703 -92.1629 0
      vertex -123.813 -91.8976 0
      vertex -116.156 -93.0241 0
    endloop
  endfacet
  facet normal 0 0 -1
    outer loop
      vertex -136.783 -114.059 0
      vertex -156.289 -108.788 0
      vertex -156.326 -108.503 0
    endloop
  endfacet
  facet normal 0 0 -1
    outer loop
      vertex -156.326 -109.072 0
      vertex -156.289 -108.788 0
      vertex -136.783 -114.059 0
    endloop
  endfacet
  facet normal 0 0 -1
    outer loop
      vertex -156.436 -109.338 0
      vertex -156.326 -109.072 0
      vertex -136.783 -114.059 0
    endloop
  endfacet
  facet normal 0 0 -1
    outer loop
      vertex -152.773 -118.344 0
      vertex -156.436 -109.338 0
      vertex -136.783 -114.059 0
    endloop
  endfacet
  facet normal 0 0 -1
    outer loop
      vertex -156.611 -109.566 0
      vertex -156.436 -109.338 0
      vertex -152.773 -118.344 0
    endloop
  endfacet
  facet normal 0 0 -1
    outer loop
      vertex -156.839 -109.74 0
      vertex -156.611 -109.566 0
      vertex -152.773 -118.344 0
    endloop
  endfacet
  facet normal 0 0 -1
    outer loop
      vertex -152.773 -118.344 0
      vertex -157.104 -109.85 0
      vertex -156.839 -109.74 0
    endloop
  endfacet
  facet normal 0 0 -1
    outer loop
      vertex -152.86 -118.371 0
      vertex -157.104 -109.85 0
      vertex -152.773 -118.344 0
    endloop
  endfacet
  facet normal 0 0 -1
    outer loop
      vertex -152.944 -118.406 0
      vertex -157.104 -109.85 0
      vertex -152.86 -118.371 0
    endloop
  endfacet
  facet normal 0 0 -1
    outer loop
      vertex -157.389 -109.888 0
      vertex -157.104 -109.85 0
      vertex -152.944 -118.406 0
    endloop
  endfacet
  facet normal 0 0 -1
    outer loop
      vertex -153.025 -118.447 0
      vertex -157.389 -109.888 0
      vertex -152.944 -118.406 0
    endloop
  endfacet
  facet normal 0 0 -1
    outer loop
      vertex -157.673 -109.85 0
      vertex -157.389 -109.888 0
      vertex -153.025 -118.447 0
    endloop
  endfacet
  facet normal 0 0 -1
    outer loop
      vertex -157.939 -109.74 0
      vertex -157.673 -109.85 0
      vertex -153.025 -118.447 0
    endloop
  endfacet
  facet normal 0 0 -1
    outer loop
      vertex -171.541 -127.335 0
      vertex -157.939 -109.74 0
      vertex -153.025 -118.447 0
    endloop
  endfacet
  facet normal 0 -0 -1
    outer loop
      vertex -158.166 -109.566 0
      vertex -157.939 -109.74 0
      vertex -171.541 -127.335 0
    endloop
  endfacet
  facet normal 0 0 -1
    outer loop
      vertex -181.041 -110.88 0
      vertex -158.166 -109.566 0
      vertex -171.541 -127.335 0
    endloop
  endfacet
  facet normal 0 -0 -1
    outer loop
      vertex -158.341 -109.338 0
      vertex -158.166 -109.566 0
      vertex -181.041 -110.88 0
    endloop
  endfacet
  facet normal 0 -0 -1
    outer loop
      vertex -171.228 -103.57 0
      vertex -158.341 -109.338 0
      vertex -181.041 -110.88 0
    endloop
  endfacet
  facet normal -0 -0 -1
    outer loop
      vertex -158.451 -109.072 0
      vertex -158.341 -109.338 0
      vertex -171.228 -103.57 0
    endloop
  endfacet
  facet normal -0 -0 -1
    outer loop
      vertex -158.489 -108.788 0
      vertex -158.451 -109.072 0
      vertex -171.228 -103.57 0
    endloop
  endfacet
  facet normal 0 0 -1
    outer loop
      vertex -171.228 -103.57 0
      vertex -158.451 -108.503 0
      vertex -158.489 -108.788 0
    endloop
  endfacet
  facet normal 0 -0 -1
    outer loop
      vertex -171.074 -103.462 0
      vertex -158.451 -108.503 0
      vertex -171.228 -103.57 0
    endloop
  endfacet
  facet normal -0 0 -1
    outer loop
      vertex -158.341 -108.238 0
      vertex -158.451 -108.503 0
      vertex -171.074 -103.462 0
    endloop
  endfacet
  facet normal 0 -0 -1
    outer loop
      vertex -170.942 -103.33 0
      vertex -158.341 -108.238 0
      vertex -171.074 -103.462 0
    endloop
  endfacet
  facet normal -0 0 -1
    outer loop
      vertex -158.166 -108.01 0
      vertex -158.341 -108.238 0
      vertex -170.942 -103.33 0
    endloop
  endfacet
  facet normal 0 -0 -1
    outer loop
      vertex -170.834 -103.176 0
      vertex -158.166 -108.01 0
      vertex -170.942 -103.33 0
    endloop
  endfacet
  facet normal 0 -0 -1
    outer loop
      vertex -170.755 -103.006 0
      vertex -158.166 -108.01 0
      vertex -170.834 -103.176 0
    endloop
  endfacet
  facet normal -0 0 -1
    outer loop
      vertex -157.939 -107.835 0
      vertex -158.166 -108.01 0
      vertex -170.755 -103.006 0
    endloop
  endfacet
  facet normal 0 -0 -1
    outer loop
      vertex -170.707 -102.825 0
      vertex -157.939 -107.835 0
      vertex -170.755 -103.006 0
    endloop
  endfacet
  facet normal 0 -0 -1
    outer loop
      vertex -170.69 -102.639 0
      vertex -157.939 -107.835 0
      vertex -170.707 -102.825 0
    endloop
  endfacet
  facet normal -0 0 -1
    outer loop
      vertex -157.673 -107.725 0
      vertex -157.939 -107.835 0
      vertex -170.69 -102.639 0
    endloop
  endfacet
  facet normal -0 0 -1
    outer loop
      vertex -157.389 -107.688 0
      vertex -157.673 -107.725 0
      vertex -170.69 -102.639 0
    endloop
  endfacet
  facet normal 0 0 -1
    outer loop
      vertex -170.69 -102.639 0
      vertex -157.104 -107.725 0
      vertex -157.389 -107.688 0
    endloop
  endfacet
  facet normal 0 0 -1
    outer loop
      vertex -136.691 -114.039 0
      vertex -156.436 -108.238 0
      vertex -156.611 -108.01 0
    endloop
  endfacet
  facet normal 0 0 -1
    outer loop
      vertex -136.783 -114.059 0
      vertex -156.436 -108.238 0
      vertex -136.691 -114.039 0
    endloop
  endfacet
  facet normal 0 0 -1
    outer loop
      vertex -156.326 -108.503 0
      vertex -156.436 -108.238 0
      vertex -136.783 -114.059 0
    endloop
  endfacet
  facet normal 0 -0 -1
    outer loop
      vertex -91.6654 -52.4476 0
      vertex -70.0397 -46.5339 0
      vertex -91.7029 -52.7323 0
    endloop
  endfacet
  facet normal 0 -0 -1
    outer loop
      vertex -70.174 -46.4154 0
      vertex -70.0397 -46.5339 0
      vertex -91.6654 -52.4476 0
    endloop
  endfacet
  facet normal 0 0 -1
    outer loop
      vertex -91.7029 -52.1629 0
      vertex -70.174 -46.4154 0
      vertex -91.6654 -52.4476 0
    endloop
  endfacet
  facet normal 0 -0 -1
    outer loop
      vertex -70.2866 -46.2762 0
      vertex -70.174 -46.4154 0
      vertex -91.7029 -52.1629 0
    endloop
  endfacet
  facet normal 0 0 -1
    outer loop
      vertex -91.8128 -51.8976 0
      vertex -70.2866 -46.2762 0
      vertex -91.7029 -52.1629 0
    endloop
  endfacet
  facet normal 0 -0 -1
    outer loop
      vertex -70.3747 -46.1203 0
      vertex -70.2866 -46.2762 0
      vertex -91.8128 -51.8976 0
    endloop
  endfacet
  facet normal 0 -0 -1
    outer loop
      vertex -70.4356 -45.9519 0
      vertex -70.3747 -46.1203 0
      vertex -91.8128 -51.8976 0
    endloop
  endfacet
  facet normal -0 0 -1
    outer loop
      vertex -69.8877 -46.6285 0
      vertex -91.7029 -52.7323 0
      vertex -70.0397 -46.5339 0
    endloop
  endfacet
  facet normal 0 0 -1
    outer loop
      vertex -91.8128 -52.9976 0
      vertex -91.7029 -52.7323 0
      vertex -69.8877 -46.6285 0
    endloop
  endfacet
  facet normal -0 0 -1
    outer loop
      vertex -69.722 -46.6966 0
      vertex -91.8128 -52.9976 0
      vertex -69.8877 -46.6285 0
    endloop
  endfacet
  facet normal 0 0 -1
    outer loop
      vertex -91.9876 -53.2254 0
      vertex -91.8128 -52.9976 0
      vertex -69.722 -46.6966 0
    endloop
  endfacet
  facet normal -0 0 -1
    outer loop
      vertex -69.5474 -46.7362 0
      vertex -91.9876 -53.2254 0
      vertex -69.722 -46.6966 0
    endloop
  endfacet
  facet normal 0 0 -1
    outer loop
      vertex -108.265 -89.3726 0
      vertex -93.0501 -53.5101 0
      vertex -97.5899 -89.3726 0
    endloop
  endfacet
  facet normal 0 -0 -1
    outer loop
      vertex -93.3154 -53.4002 0
      vertex -93.0501 -53.5101 0
      vertex -108.265 -89.3726 0
    endloop
  endfacet
  facet normal 0 0 -1
    outer loop
      vertex -90.3404 -38.5421 0
      vertex -92.4807 -51.3851 0
      vertex -92.7654 -51.3476 0
    endloop
  endfacet
  facet normal 0 0 -1
    outer loop
      vertex -92.2154 -51.4949 0
      vertex -92.4807 -51.3851 0
      vertex -90.3404 -38.5421 0
    endloop
  endfacet
  facet normal 0 0 -1
    outer loop
      vertex -91.9876 -51.6698 0
      vertex -92.2154 -51.4949 0
      vertex -90.3404 -38.5421 0
    endloop
  endfacet
  facet normal 0 0 -1
    outer loop
      vertex -91.9876 -51.6698 0
      vertex -70.4356 -45.9519 0
      vertex -91.8128 -51.8976 0
    endloop
  endfacet
  facet normal 0 -0 -1
    outer loop
      vertex -70.4677 -45.7757 0
      vertex -70.4356 -45.9519 0
      vertex -91.9876 -51.6698 0
    endloop
  endfacet
  facet normal 0 -0 -1
    outer loop
      vertex -70.4702 -45.5966 0
      vertex -70.4677 -45.7757 0
      vertex -91.9876 -51.6698 0
    endloop
  endfacet
  facet normal 0 0 -1
    outer loop
      vertex -69.5474 -46.7362 0
      vertex -49.7472 -50.9579 0
      vertex -52.475 -70.3672 0
    endloop
  endfacet
  facet normal -0 -0 -1
    outer loop
      vertex -50.96 -49.3485 0
      vertex -49.7472 -50.9579 0
      vertex -69.5474 -46.7362 0
    endloop
  endfacet
  facet normal 0 0 -1
    outer loop
      vertex -50.96 -49.3485 0
      vertex -49.7316 -50.8469 0
      vertex -49.7472 -50.9579 0
    endloop
  endfacet
  facet normal -0 -0 -1
    outer loop
      vertex -49.7355 -50.6226 0
      vertex -49.7316 -50.8469 0
      vertex -50.96 -49.3485 0
    endloop
  endfacet
  facet normal -0 -0 -1
    outer loop
      vertex -49.7745 -50.4017 0
      vertex -49.7355 -50.6226 0
      vertex -50.96 -49.3485 0
    endloop
  endfacet
  facet normal 0 0 -1
    outer loop
      vertex -50.96 -49.3485 0
      vertex -49.8475 -50.1896 0
      vertex -49.7745 -50.4017 0
    endloop
  endfacet
  facet normal -0 -0 -1
    outer loop
      vertex -49.9528 -49.9916 0
      vertex -49.8475 -50.1896 0
      vertex -50.96 -49.3485 0
    endloop
  endfacet
  facet normal -0 -0 -1
    outer loop
      vertex -50.0878 -49.8124 0
      vertex -49.9528 -49.9916 0
      vertex -50.96 -49.3485 0
    endloop
  endfacet
  facet normal 0 0 -1
    outer loop
      vertex -50.96 -49.3485 0
      vertex -50.2491 -49.6566 0
      vertex -50.0878 -49.8124 0
    endloop
  endfacet
  facet normal -0 -0 -1
    outer loop
      vertex -50.4329 -49.5279 0
      vertex -50.2491 -49.6566 0
      vertex -50.96 -49.3485 0
    endloop
  endfacet
  facet normal -0 -0 -1
    outer loop
      vertex -50.6344 -49.4296 0
      vertex -50.4329 -49.5279 0
      vertex -50.96 -49.3485 0
    endloop
  endfacet
  facet normal 0 0 -1
    outer loop
      vertex -50.96 -49.3485 0
      vertex -50.8489 -49.364 0
      vertex -50.6344 -49.4296 0
    endloop
  endfacet
  facet normal -0 -0 -1
    outer loop
      vertex -50.9596 -49.3485 0
      vertex -50.8489 -49.364 0
      vertex -50.96 -49.3485 0
    endloop
  endfacet
  facet normal 0 0 -1
    outer loop
      vertex -70.4702 -45.5966 0
      vertex -71.4975 -39.8597 0
      vertex -70.1753 -41.3806 0
    endloop
  endfacet
  facet normal 0 0 -1
    outer loop
      vertex -90.3404 -38.5421 0
      vertex -71.4975 -39.8597 0
      vertex -70.4702 -45.5966 0
    endloop
  endfacet
  facet normal 0 0 -1
    outer loop
      vertex -91.9876 -51.6698 0
      vertex -90.3404 -38.5421 0
      vertex -70.4702 -45.5966 0
    endloop
  endfacet
  facet normal 0 0 -1
    outer loop
      vertex -71.4975 -39.8597 0
      vertex -70.1675 -41.2688 0
      vertex -70.1753 -41.3806 0
    endloop
  endfacet
  facet normal -0 -0 -1
    outer loop
      vertex -70.1871 -41.0453 0
      vertex -70.1675 -41.2688 0
      vertex -71.4975 -39.8597 0
    endloop
  endfacet
  facet normal -0 -0 -1
    outer loop
      vertex -70.2413 -40.8277 0
      vertex -70.1871 -41.0453 0
      vertex -71.4975 -39.8597 0
    endloop
  endfacet
  facet normal 0 0 -1
    outer loop
      vertex -71.4975 -39.8597 0
      vertex -70.329 -40.6212 0
      vertex -70.2413 -40.8277 0
    endloop
  endfacet
  facet normal -0 -0 -1
    outer loop
      vertex -70.4478 -40.431 0
      vertex -70.329 -40.6212 0
      vertex -71.4975 -39.8597 0
    endloop
  endfacet
  facet normal -0 -0 -1
    outer loop
      vertex -70.595 -40.2617 0
      vertex -70.4478 -40.431 0
      vertex -71.4975 -39.8597 0
    endloop
  endfacet
  facet normal 0 0 -1
    outer loop
      vertex -71.4975 -39.8597 0
      vertex -70.7668 -40.1175 0
      vertex -70.595 -40.2617 0
    endloop
  endfacet
  facet normal -0 -0 -1
    outer loop
      vertex -70.9591 -40.002 0
      vertex -70.7668 -40.1175 0
      vertex -71.4975 -39.8597 0
    endloop
  endfacet
  facet normal -0 -0 -1
    outer loop
      vertex -71.167 -39.918 0
      vertex -70.9591 -40.002 0
      vertex -71.4975 -39.8597 0
    endloop
  endfacet
  facet normal 0 0 -1
    outer loop
      vertex -71.4975 -39.8597 0
      vertex -71.3856 -39.8676 0
      vertex -71.167 -39.918 0
    endloop
  endfacet
  facet normal 0 -0 -1
    outer loop
      vertex -114.442 -36.5386 0
      vertex -91.1099 -38.1348 0
      vertex -114.574 -36.6711 0
    endloop
  endfacet
  facet normal -0 -0 -1
    outer loop
      vertex -91.2086 -37.9854 0
      vertex -91.1099 -38.1348 0
      vertex -114.442 -36.5386 0
    endloop
  endfacet
  facet normal -0 -0 -1
    outer loop
      vertex -91.2811 -37.8217 0
      vertex -91.2086 -37.9854 0
      vertex -114.442 -36.5386 0
    endloop
  endfacet
  facet normal 0 -0 -1
    outer loop
      vertex -114.334 -36.3851 0
      vertex -91.2811 -37.8217 0
      vertex -114.442 -36.5386 0
    endloop
  endfacet
  facet normal -0 -0 -1
    outer loop
      vertex -91.3255 -37.6482 0
      vertex -91.2811 -37.8217 0
      vertex -114.334 -36.3851 0
    endloop
  endfacet
  facet normal 0 -0 -1
    outer loop
      vertex -114.255 -36.2153 0
      vertex -91.3255 -37.6482 0
      vertex -114.334 -36.3851 0
    endloop
  endfacet
  facet normal -0 -0 -1
    outer loop
      vertex -91.3404 -37.4697 0
      vertex -91.3255 -37.6482 0
      vertex -114.255 -36.2153 0
    endloop
  endfacet
  facet normal 0 -0 -1
    outer loop
      vertex -114.207 -36.0343 0
      vertex -91.3404 -37.4697 0
      vertex -114.255 -36.2153 0
    endloop
  endfacet
  facet normal 0 -0 -1
    outer loop
      vertex -112.878 -33.5226 0
      vertex -91.3404 -37.4697 0
      vertex -114.207 -36.0343 0
    endloop
  endfacet
  facet normal 0 -0 -1
    outer loop
      vertex -114.19 -35.8476 0
      vertex -112.878 -33.5226 0
      vertex -114.207 -36.0343 0
    endloop
  endfacet
  facet normal 0 0 -1
    outer loop
      vertex -114.19 -34.9476 0
      vertex -112.878 -33.5226 0
      vertex -114.19 -35.8476 0
    endloop
  endfacet
  facet normal -0 -0 -1
    outer loop
      vertex -92.7654 -33.5226 0
      vertex -91.3404 -37.4697 0
      vertex -112.878 -33.5226 0
    endloop
  endfacet
  facet normal -0 -0 -1
    outer loop
      vertex -91.3404 -34.9476 0
      vertex -91.3404 -37.4697 0
      vertex -92.7654 -33.5226 0
    endloop
  endfacet
  facet normal -0 -0 -1
    outer loop
      vertex -91.3404 -34.8354 0
      vertex -91.3404 -34.9476 0
      vertex -92.7654 -33.5226 0
    endloop
  endfacet
  facet normal 0 0 -1
    outer loop
      vertex -92.7654 -33.5226 0
      vertex -91.3755 -34.6139 0
      vertex -91.3404 -34.8354 0
    endloop
  endfacet
  facet normal -0 -0 -1
    outer loop
      vertex -91.4448 -34.4006 0
      vertex -91.3755 -34.6139 0
      vertex -92.7654 -33.5226 0
    endloop
  endfacet
  facet normal -0 -0 -1
    outer loop
      vertex -91.5466 -34.2007 0
      vertex -91.4448 -34.4006 0
      vertex -92.7654 -33.5226 0
    endloop
  endfacet
  facet normal 0 0 -1
    outer loop
      vertex -92.7654 -33.5226 0
      vertex -91.6785 -34.0193 0
      vertex -91.5466 -34.2007 0
    endloop
  endfacet
  facet normal -0 -0 -1
    outer loop
      vertex -91.8371 -33.8607 0
      vertex -91.6785 -34.0193 0
      vertex -92.7654 -33.5226 0
    endloop
  endfacet
  facet normal -0 -0 -1
    outer loop
      vertex -92.0185 -33.7288 0
      vertex -91.8371 -33.8607 0
      vertex -92.7654 -33.5226 0
    endloop
  endfacet
  facet normal 0 0 -1
    outer loop
      vertex -92.7654 -33.5226 0
      vertex -92.2184 -33.627 0
      vertex -92.0185 -33.7288 0
    endloop
  endfacet
  facet normal -0 -0 -1
    outer loop
      vertex -92.4317 -33.5577 0
      vertex -92.2184 -33.627 0
      vertex -92.7654 -33.5226 0
    endloop
  endfacet
  facet normal -0 -0 -1
    outer loop
      vertex -92.6532 -33.5226 0
      vertex -92.4317 -33.5577 0
      vertex -92.7654 -33.5226 0
    endloop
  endfacet
  facet normal 0 0 -1
    outer loop
      vertex -112.878 -33.5226 0
      vertex -113.312 -33.627 0
      vertex -113.099 -33.5577 0
    endloop
  endfacet
  facet normal 0 0 -1
    outer loop
      vertex -113.512 -33.7288 0
      vertex -113.312 -33.627 0
      vertex -112.878 -33.5226 0
    endloop
  endfacet
  facet normal 0 0 -1
    outer loop
      vertex -113.694 -33.8606 0
      vertex -113.512 -33.7288 0
      vertex -112.878 -33.5226 0
    endloop
  endfacet
  facet normal 0 0 -1
    outer loop
      vertex -112.878 -33.5226 0
      vertex -113.852 -34.0193 0
      vertex -113.694 -33.8606 0
    endloop
  endfacet
  facet normal 0 0 -1
    outer loop
      vertex -113.984 -34.2007 0
      vertex -113.852 -34.0193 0
      vertex -112.878 -33.5226 0
    endloop
  endfacet
  facet normal 0 0 -1
    outer loop
      vertex -114.086 -34.4006 0
      vertex -113.984 -34.2007 0
      vertex -112.878 -33.5226 0
    endloop
  endfacet
  facet normal 0 0 -1
    outer loop
      vertex -112.878 -33.5226 0
      vertex -114.155 -34.6139 0
      vertex -114.086 -34.4006 0
    endloop
  endfacet
  facet normal 0 0 -1
    outer loop
      vertex -114.19 -34.8354 0
      vertex -114.155 -34.6139 0
      vertex -112.878 -33.5226 0
    endloop
  endfacet
  facet normal 0 0 -1
    outer loop
      vertex -114.19 -34.9476 0
      vertex -114.19 -34.8354 0
      vertex -112.878 -33.5226 0
    endloop
  endfacet
  facet normal 0 0 -1
    outer loop
      vertex -128.453 -55.7976 0
      vertex -115.265 -36.9226 0
      vertex -115.079 -36.9062 0
    endloop
  endfacet
  facet normal 0 0 -1
    outer loop
      vertex -130.878 -36.9226 0
      vertex -131.312 -37.027 0
      vertex -131.099 -36.9577 0
    endloop
  endfacet
  facet normal 0 0 -1
    outer loop
      vertex -131.512 -37.1288 0
      vertex -131.312 -37.027 0
      vertex -130.878 -36.9226 0
    endloop
  endfacet
  facet normal 0 0 -1
    outer loop
      vertex -131.694 -37.2607 0
      vertex -131.512 -37.1288 0
      vertex -130.878 -36.9226 0
    endloop
  endfacet
  facet normal 0 0 -1
    outer loop
      vertex -130.878 -36.9226 0
      vertex -131.852 -37.4193 0
      vertex -131.694 -37.2607 0
    endloop
  endfacet
  facet normal 0 0 -1
    outer loop
      vertex -131.984 -37.6007 0
      vertex -131.852 -37.4193 0
      vertex -130.878 -36.9226 0
    endloop
  endfacet
  facet normal 0 0 -1
    outer loop
      vertex -132.086 -37.8006 0
      vertex -131.984 -37.6007 0
      vertex -130.878 -36.9226 0
    endloop
  endfacet
  facet normal 0 0 -1
    outer loop
      vertex -130.878 -36.9226 0
      vertex -132.155 -38.0139 0
      vertex -132.086 -37.8006 0
    endloop
  endfacet
  facet normal 0 0 -1
    outer loop
      vertex -132.19 -38.2354 0
      vertex -132.155 -38.0139 0
      vertex -130.878 -36.9226 0
    endloop
  endfacet
  facet normal 0 0 -1
    outer loop
      vertex -132.19 -38.3476 0
      vertex -132.19 -38.2354 0
      vertex -130.878 -36.9226 0
    endloop
  endfacet
  facet normal 0 0 -1
    outer loop
      vertex -169.378 -44.9726 0
      vertex -169.812 -45.077 0
      vertex -169.599 -45.0077 0
    endloop
  endfacet
  facet normal 0 0 -1
    outer loop
      vertex -170.012 -45.1788 0
      vertex -169.812 -45.077 0
      vertex -169.378 -44.9726 0
    endloop
  endfacet
  facet normal 0 0 -1
    outer loop
      vertex -170.194 -45.3106 0
      vertex -170.012 -45.1788 0
      vertex -169.378 -44.9726 0
    endloop
  endfacet
  facet normal 0 0 -1
    outer loop
      vertex -169.378 -44.9726 0
      vertex -170.352 -45.4693 0
      vertex -170.194 -45.3106 0
    endloop
  endfacet
  facet normal 0 0 -1
    outer loop
      vertex -170.484 -45.6507 0
      vertex -170.352 -45.4693 0
      vertex -169.378 -44.9726 0
    endloop
  endfacet
  facet normal 0 0 -1
    outer loop
      vertex -170.586 -45.8506 0
      vertex -170.484 -45.6507 0
      vertex -169.378 -44.9726 0
    endloop
  endfacet
  facet normal 0 0 -1
    outer loop
      vertex -169.378 -44.9726 0
      vertex -170.655 -46.0639 0
      vertex -170.586 -45.8506 0
    endloop
  endfacet
  facet normal 0 0 -1
    outer loop
      vertex -170.69 -46.2854 0
      vertex -170.655 -46.0639 0
      vertex -169.378 -44.9726 0
    endloop
  endfacet
  facet normal 0 0 -1
    outer loop
      vertex -170.69 -46.3976 0
      vertex -170.69 -46.2854 0
      vertex -169.378 -44.9726 0
    endloop
  endfacet
  facet normal 0 0 -1
    outer loop
      vertex -181.041 -110.88 0
      vertex -180.519 -108.934 0
      vertex -171.228 -103.57 0
    endloop
  endfacet
  facet normal 0 0 -1
    outer loop
      vertex -181.177 -110.574 0
      vertex -180.519 -108.934 0
      vertex -181.041 -110.88 0
    endloop
  endfacet
  facet normal 0 0 -1
    outer loop
      vertex -181.097 -110.783 0
      vertex -181.177 -110.574 0
      vertex -181.041 -110.88 0
    endloop
  endfacet
  facet normal 0 0 -1
    outer loop
      vertex -180.519 -108.934 0
      vertex -180.79 -109.131 0
      vertex -180.616 -108.99 0
    endloop
  endfacet
  facet normal 0 0 -1
    outer loop
      vertex -180.941 -109.298 0
      vertex -180.79 -109.131 0
      vertex -180.519 -108.934 0
    endloop
  endfacet
  facet normal 0 0 -1
    outer loop
      vertex -181.063 -109.486 0
      vertex -180.941 -109.298 0
      vertex -180.519 -108.934 0
    endloop
  endfacet
  facet normal 0 0 -1
    outer loop
      vertex -180.519 -108.934 0
      vertex -181.154 -109.691 0
      vertex -181.063 -109.486 0
    endloop
  endfacet
  facet normal 0 0 -1
    outer loop
      vertex -181.212 -109.907 0
      vertex -181.154 -109.691 0
      vertex -180.519 -108.934 0
    endloop
  endfacet
  facet normal 0 0 -1
    outer loop
      vertex -181.236 -110.13 0
      vertex -181.212 -109.907 0
      vertex -180.519 -108.934 0
    endloop
  endfacet
  facet normal 0 0 -1
    outer loop
      vertex -180.519 -108.934 0
      vertex -181.224 -110.354 0
      vertex -181.236 -110.13 0
    endloop
  endfacet
  facet normal 0 0 -1
    outer loop
      vertex -181.177 -110.574 0
      vertex -181.224 -110.354 0
      vertex -180.519 -108.934 0
    endloop
  endfacet
  facet normal 0 0 -1
    outer loop
      vertex -169.603 -127.861 0
      vertex -171.541 -127.335 0
      vertex -153.025 -118.447 0
    endloop
  endfacet
  facet normal 0 0 -1
    outer loop
      vertex -171.485 -127.432 0
      vertex -171.541 -127.335 0
      vertex -169.603 -127.861 0
    endloop
  endfacet
  facet normal 0 0 -1
    outer loop
      vertex -171.344 -127.605 0
      vertex -171.485 -127.432 0
      vertex -169.603 -127.861 0
    endloop
  endfacet
  facet normal 0 0 -1
    outer loop
      vertex -169.603 -127.861 0
      vertex -171.179 -127.755 0
      vertex -171.344 -127.605 0
    endloop
  endfacet
  facet normal 0 0 -1
    outer loop
      vertex -170.992 -127.877 0
      vertex -171.179 -127.755 0
      vertex -169.603 -127.861 0
    endloop
  endfacet
  facet normal 0 0 -1
    outer loop
      vertex -170.788 -127.968 0
      vertex -170.992 -127.877 0
      vertex -169.603 -127.861 0
    endloop
  endfacet
  facet normal 0 0 -1
    outer loop
      vertex -170.788 -127.968 0
      vertex -169.909 -127.995 0
      vertex -170.573 -128.027 0
    endloop
  endfacet
  facet normal 0 0 -1
    outer loop
      vertex -169.7 -127.917 0
      vertex -169.909 -127.995 0
      vertex -170.788 -127.968 0
    endloop
  endfacet
  facet normal 0 0 -1
    outer loop
      vertex -169.603 -127.861 0
      vertex -169.7 -127.917 0
      vertex -170.788 -127.968 0
    endloop
  endfacet
  facet normal -0 0 -1
    outer loop
      vertex -169.603 -127.862 0
      vertex -169.7 -127.917 0
      vertex -169.603 -127.861 0
    endloop
  endfacet
  facet normal 0 0 -1
    outer loop
      vertex -170.573 -128.027 0
      vertex -170.128 -128.041 0
      vertex -170.351 -128.051 0
    endloop
  endfacet
  facet normal 0 0 -1
    outer loop
      vertex -169.909 -127.995 0
      vertex -170.128 -128.041 0
      vertex -170.573 -128.027 0
    endloop
  endfacet
  facet normal 0 0 -1
    outer loop
      vertex -116.54 -112.598 0
      vertex -117.853 -114.023 0
      vertex -136.505 -114.023 0
    endloop
  endfacet
  facet normal -0 0 -1
    outer loop
      vertex -116.54 -112.71 0
      vertex -117.853 -114.023 0
      vertex -116.54 -112.598 0
    endloop
  endfacet
  facet normal 0 0 -1
    outer loop
      vertex -117.853 -114.023 0
      vertex -117.418 -113.918 0
      vertex -117.632 -113.987 0
    endloop
  endfacet
  facet normal 0 0 -1
    outer loop
      vertex -117.219 -113.816 0
      vertex -117.418 -113.918 0
      vertex -117.853 -114.023 0
    endloop
  endfacet
  facet normal 0 0 -1
    outer loop
      vertex -117.037 -113.685 0
      vertex -117.219 -113.816 0
      vertex -117.853 -114.023 0
    endloop
  endfacet
  facet normal 0 0 -1
    outer loop
      vertex -117.853 -114.023 0
      vertex -116.878 -113.526 0
      vertex -117.037 -113.685 0
    endloop
  endfacet
  facet normal 0 0 -1
    outer loop
      vertex -116.747 -113.344 0
      vertex -116.878 -113.526 0
      vertex -117.853 -114.023 0
    endloop
  endfacet
  facet normal 0 0 -1
    outer loop
      vertex -116.645 -113.145 0
      vertex -116.747 -113.344 0
      vertex -117.853 -114.023 0
    endloop
  endfacet
  facet normal 0 0 -1
    outer loop
      vertex -117.853 -114.023 0
      vertex -116.575 -112.931 0
      vertex -116.645 -113.145 0
    endloop
  endfacet
  facet normal 0 0 -1
    outer loop
      vertex -116.54 -112.71 0
      vertex -116.575 -112.931 0
      vertex -117.853 -114.023 0
    endloop
  endfacet
  facet normal 0 0 -1
    outer loop
      vertex -110.653 -92.7726 0
      vertex -110.218 -92.6682 0
      vertex -110.432 -92.7375 0
    endloop
  endfacet
  facet normal 0 0 -1
    outer loop
      vertex -110.019 -92.5663 0
      vertex -110.218 -92.6682 0
      vertex -110.653 -92.7726 0
    endloop
  endfacet
  facet normal 0 0 -1
    outer loop
      vertex -109.837 -92.4345 0
      vertex -110.019 -92.5663 0
      vertex -110.653 -92.7726 0
    endloop
  endfacet
  facet normal 0 0 -1
    outer loop
      vertex -110.653 -92.7726 0
      vertex -109.678 -92.2759 0
      vertex -109.837 -92.4345 0
    endloop
  endfacet
  facet normal 0 0 -1
    outer loop
      vertex -109.547 -92.0944 0
      vertex -109.678 -92.2759 0
      vertex -110.653 -92.7726 0
    endloop
  endfacet
  facet normal 0 0 -1
    outer loop
      vertex -109.445 -91.8946 0
      vertex -109.547 -92.0944 0
      vertex -110.653 -92.7726 0
    endloop
  endfacet
  facet normal 0 0 -1
    outer loop
      vertex -110.653 -92.7726 0
      vertex -109.375 -91.6813 0
      vertex -109.445 -91.8946 0
    endloop
  endfacet
  facet normal 0 0 -1
    outer loop
      vertex -109.34 -91.4597 0
      vertex -109.375 -91.6813 0
      vertex -110.653 -92.7726 0
    endloop
  endfacet
  facet normal 0 0 -1
    outer loop
      vertex -124.215 -91.4949 0
      vertex -108.956 -89.6241 0
      vertex -109.089 -89.7566 0
    endloop
  endfacet
  facet normal 0 0 -1
    outer loop
      vertex -80.2061 -95.2371 0
      vertex -96.6093 -90.0069 0
      vertex -96.6945 -89.8527 0
    endloop
  endfacet
  facet normal 0 0 -1
    outer loop
      vertex -96.5505 -90.173 0
      vertex -96.6093 -90.0069 0
      vertex -80.2061 -95.2371 0
    endloop
  endfacet
  facet normal 0 0 -1
    outer loop
      vertex -96.5196 -90.3464 0
      vertex -96.5505 -90.173 0
      vertex -80.2061 -95.2371 0
    endloop
  endfacet
  facet normal 0 0 -1
    outer loop
      vertex -80.2061 -95.2371 0
      vertex -96.5175 -90.5226 0
      vertex -96.5196 -90.3464 0
    endloop
  endfacet
  facet normal 0 0 -1
    outer loop
      vertex -95.3447 -94.1785 0
      vertex -96.5175 -90.5226 0
      vertex -80.2061 -95.2371 0
    endloop
  endfacet
  facet normal 0 0 -1
    outer loop
      vertex -95.3447 -94.1785 0
      vertex -96.6668 -92.6576 0
      vertex -96.5175 -90.5226 0
    endloop
  endfacet
  facet normal 0 0 -1
    outer loop
      vertex -96.6746 -92.7695 0
      vertex -96.6668 -92.6576 0
      vertex -95.3447 -94.1785 0
    endloop
  endfacet
  facet normal 0 0 -1
    outer loop
      vertex -96.6551 -92.9929 0
      vertex -96.6746 -92.7695 0
      vertex -95.3447 -94.1785 0
    endloop
  endfacet
  facet normal 0 0 -1
    outer loop
      vertex -95.3447 -94.1785 0
      vertex -96.6008 -93.2106 0
      vertex -96.6551 -92.9929 0
    endloop
  endfacet
  facet normal 0 0 -1
    outer loop
      vertex -96.5131 -93.417 0
      vertex -96.6008 -93.2106 0
      vertex -95.3447 -94.1785 0
    endloop
  endfacet
  facet normal 0 0 -1
    outer loop
      vertex -96.3943 -93.6072 0
      vertex -96.5131 -93.417 0
      vertex -95.3447 -94.1785 0
    endloop
  endfacet
  facet normal 0 0 -1
    outer loop
      vertex -95.3447 -94.1785 0
      vertex -96.2471 -93.7765 0
      vertex -96.3943 -93.6072 0
    endloop
  endfacet
  facet normal 0 0 -1
    outer loop
      vertex -96.0753 -93.9207 0
      vertex -96.2471 -93.7765 0
      vertex -95.3447 -94.1785 0
    endloop
  endfacet
  facet normal 0 0 -1
    outer loop
      vertex -95.883 -94.0362 0
      vertex -96.0753 -93.9207 0
      vertex -95.3447 -94.1785 0
    endloop
  endfacet
  facet normal 0 0 -1
    outer loop
      vertex -95.3447 -94.1785 0
      vertex -95.6751 -94.1202 0
      vertex -95.883 -94.0362 0
    endloop
  endfacet
  facet normal 0 0 -1
    outer loop
      vertex -95.4565 -94.1707 0
      vertex -95.6751 -94.1202 0
      vertex -95.3447 -94.1785 0
    endloop
  endfacet
  facet normal 0 0 -1
    outer loop
      vertex -80.032 -95.2638 0
      vertex -80.2027 -95.2377 0
      vertex -80.2061 -95.2371 0
    endloop
  endfacet
  facet normal 0 0 -1
    outer loop
      vertex -55.8148 -94.1321 0
      vertex -79.4456 -95.633 0
      vertex -79.5674 -95.5056 0
    endloop
  endfacet
  facet normal 0 0 -1
    outer loop
      vertex -79.3464 -95.7785 0
      vertex -79.4456 -95.633 0
      vertex -55.8148 -94.1321 0
    endloop
  endfacet
  facet normal -0 0 -1
    outer loop
      vertex -55.8151 -94.1336 0
      vertex -79.3464 -95.7785 0
      vertex -55.8148 -94.1321 0
    endloop
  endfacet
  facet normal 0 0 -1
    outer loop
      vertex -79.2722 -95.9383 0
      vertex -79.3464 -95.7785 0
      vertex -55.8151 -94.1336 0
    endloop
  endfacet
  facet normal 0 0 -1
    outer loop
      vertex -79.2251 -96.1081 0
      vertex -79.2722 -95.9383 0
      vertex -55.8151 -94.1336 0
    endloop
  endfacet
  facet normal 0 0 -1
    outer loop
      vertex -55.8151 -94.1336 0
      vertex -79.2064 -96.2833 0
      vertex -79.2251 -96.1081 0
    endloop
  endfacet
  facet normal 0 0 -1
    outer loop
      vertex -79.2165 -96.4591 0
      vertex -79.2064 -96.2833 0
      vertex -55.8151 -94.1336 0
    endloop
  endfacet
  facet normal 0 -0 -1
    outer loop
      vertex -79.2165 -96.4591 0
      vertex -78.5382 -101.871 0
      vertex -79.751 -100.262 0
    endloop
  endfacet
  facet normal 0 0 -1
    outer loop
      vertex -58.7328 -104.655 0
      vertex -78.5382 -101.871 0
      vertex -79.2165 -96.4591 0
    endloop
  endfacet
  facet normal 0 0 -1
    outer loop
      vertex -55.8151 -94.1336 0
      vertex -58.7328 -104.655 0
      vertex -79.2165 -96.4591 0
    endloop
  endfacet
  facet normal -0 0 -1
    outer loop
      vertex -57.1234 -103.442 0
      vertex -58.7328 -104.655 0
      vertex -55.8151 -94.1336 0
    endloop
  endfacet
  facet normal -0 0 -1
    outer loop
      vertex -57.139 -103.553 0
      vertex -58.7328 -104.655 0
      vertex -57.1234 -103.442 0
    endloop
  endfacet
  facet normal 0 0 -1
    outer loop
      vertex -78.5382 -101.871 0
      vertex -79.7666 -100.373 0
      vertex -79.751 -100.262 0
    endloop
  endfacet
  facet normal 0 0 -1
    outer loop
      vertex -79.7627 -100.597 0
      vertex -79.7666 -100.373 0
      vertex -78.5382 -101.871 0
    endloop
  endfacet
  facet normal 0 0 -1
    outer loop
      vertex -79.7237 -100.818 0
      vertex -79.7627 -100.597 0
      vertex -78.5382 -101.871 0
    endloop
  endfacet
  facet normal 0 0 -1
    outer loop
      vertex -78.5382 -101.871 0
      vertex -79.6507 -101.03 0
      vertex -79.7237 -100.818 0
    endloop
  endfacet
  facet normal 0 0 -1
    outer loop
      vertex -79.5454 -101.228 0
      vertex -79.6507 -101.03 0
      vertex -78.5382 -101.871 0
    endloop
  endfacet
  facet normal 0 0 -1
    outer loop
      vertex -79.4104 -101.407 0
      vertex -79.5454 -101.228 0
      vertex -78.5382 -101.871 0
    endloop
  endfacet
  facet normal 0 0 -1
    outer loop
      vertex -78.5382 -101.871 0
      vertex -79.2491 -101.563 0
      vertex -79.4104 -101.407 0
    endloop
  endfacet
  facet normal 0 0 -1
    outer loop
      vertex -79.0653 -101.692 0
      vertex -79.2491 -101.563 0
      vertex -78.5382 -101.871 0
    endloop
  endfacet
  facet normal 0 0 -1
    outer loop
      vertex -78.8637 -101.79 0
      vertex -79.0653 -101.692 0
      vertex -78.5382 -101.871 0
    endloop
  endfacet
  facet normal 0 0 -1
    outer loop
      vertex -78.5382 -101.871 0
      vertex -78.6492 -101.856 0
      vertex -78.8637 -101.79 0
    endloop
  endfacet
  facet normal 0 0 -1
    outer loop
      vertex -78.5384 -101.871 0
      vertex -78.6492 -101.856 0
      vertex -78.5382 -101.871 0
    endloop
  endfacet
  facet normal 0 0 -1
    outer loop
      vertex -58.7328 -104.655 0
      vertex -58.3975 -104.667 0
      vertex -58.6218 -104.671 0
    endloop
  endfacet
  facet normal 0 0 -1
    outer loop
      vertex -58.1766 -104.628 0
      vertex -58.3975 -104.667 0
      vertex -58.7328 -104.655 0
    endloop
  endfacet
  facet normal 0 0 -1
    outer loop
      vertex -57.9645 -104.555 0
      vertex -58.1766 -104.628 0
      vertex -58.7328 -104.655 0
    endloop
  endfacet
  facet normal 0 0 -1
    outer loop
      vertex -58.7328 -104.655 0
      vertex -57.7665 -104.449 0
      vertex -57.9645 -104.555 0
    endloop
  endfacet
  facet normal 0 0 -1
    outer loop
      vertex -57.5874 -104.314 0
      vertex -57.7665 -104.449 0
      vertex -58.7328 -104.655 0
    endloop
  endfacet
  facet normal 0 0 -1
    outer loop
      vertex -57.4315 -104.153 0
      vertex -57.5874 -104.314 0
      vertex -58.7328 -104.655 0
    endloop
  endfacet
  facet normal 0 0 -1
    outer loop
      vertex -58.7328 -104.655 0
      vertex -57.3029 -103.969 0
      vertex -57.4315 -104.153 0
    endloop
  endfacet
  facet normal 0 0 -1
    outer loop
      vertex -57.2046 -103.768 0
      vertex -57.3029 -103.969 0
      vertex -58.7328 -104.655 0
    endloop
  endfacet
  facet normal 0 0 -1
    outer loop
      vertex -57.139 -103.553 0
      vertex -57.2046 -103.768 0
      vertex -58.7328 -104.655 0
    endloop
  endfacet
endsolid OpenSCAD_Model
