solid OpenSCAD_Model
  facet normal 0.991678 0.128744 0
    outer loop
      vertex -158.5 -108.8 4.8
      vertex -158.463 -109.085 6
      vertex -158.463 -109.085 4.8
    endloop
  endfacet
  facet normal 0.991678 0.128744 0
    outer loop
      vertex -158.5 -108.8 6
      vertex -158.463 -109.085 6
      vertex -158.5 -108.8 4.8
    endloop
  endfacet
  facet normal 0.991678 -0.128744 0
    outer loop
      vertex -158.463 -108.515 4.8
      vertex -158.5 -108.8 6
      vertex -158.5 -108.8 4.8
    endloop
  endfacet
  facet normal 0.991678 -0.128744 0
    outer loop
      vertex -158.463 -108.515 6
      vertex -158.5 -108.8 6
      vertex -158.463 -108.515 4.8
    endloop
  endfacet
  facet normal 0.923592 -0.383378 0
    outer loop
      vertex -158.353 -108.25 4.8
      vertex -158.463 -108.515 6
      vertex -158.463 -108.515 4.8
    endloop
  endfacet
  facet normal 0.923592 -0.383378 0
    outer loop
      vertex -158.353 -108.25 6
      vertex -158.463 -108.515 6
      vertex -158.353 -108.25 4.8
    endloop
  endfacet
  facet normal 0.79327 -0.60887 0
    outer loop
      vertex -158.178 -108.022 4.8
      vertex -158.353 -108.25 6
      vertex -158.353 -108.25 4.8
    endloop
  endfacet
  facet normal 0.79327 -0.60887 0
    outer loop
      vertex -158.178 -108.022 6
      vertex -158.353 -108.25 6
      vertex -158.178 -108.022 4.8
    endloop
  endfacet
  facet normal 0.60887 -0.79327 0
    outer loop
      vertex -157.95 -107.847 4.8
      vertex -158.178 -108.022 6
      vertex -158.178 -108.022 4.8
    endloop
  endfacet
  facet normal 0.60887 -0.79327 0
    outer loop
      vertex -157.95 -107.847 6
      vertex -158.178 -108.022 6
      vertex -157.95 -107.847 4.8
    endloop
  endfacet
  facet normal 0.383378 -0.923592 0
    outer loop
      vertex -157.685 -107.737 4.8
      vertex -157.95 -107.847 6
      vertex -157.95 -107.847 4.8
    endloop
  endfacet
  facet normal 0.383378 -0.923592 0
    outer loop
      vertex -157.685 -107.737 6
      vertex -157.95 -107.847 6
      vertex -157.685 -107.737 4.8
    endloop
  endfacet
  facet normal 0.128744 -0.991678 0
    outer loop
      vertex -157.4 -107.7 4.8
      vertex -157.685 -107.737 6
      vertex -157.685 -107.737 4.8
    endloop
  endfacet
  facet normal 0.128744 -0.991678 0
    outer loop
      vertex -157.4 -107.7 6
      vertex -157.685 -107.737 6
      vertex -157.4 -107.7 4.8
    endloop
  endfacet
  facet normal -0.128744 -0.991678 0
    outer loop
      vertex -157.115 -107.737 4.8
      vertex -157.4 -107.7 6
      vertex -157.4 -107.7 4.8
    endloop
  endfacet
  facet normal -0.128744 -0.991678 -0
    outer loop
      vertex -157.115 -107.737 6
      vertex -157.4 -107.7 6
      vertex -157.115 -107.737 4.8
    endloop
  endfacet
  facet normal -0.383378 -0.923592 0
    outer loop
      vertex -156.85 -107.847 4.8
      vertex -157.115 -107.737 6
      vertex -157.115 -107.737 4.8
    endloop
  endfacet
  facet normal -0.383378 -0.923592 -0
    outer loop
      vertex -156.85 -107.847 6
      vertex -157.115 -107.737 6
      vertex -156.85 -107.847 4.8
    endloop
  endfacet
  facet normal -0.60887 -0.79327 0
    outer loop
      vertex -156.622 -108.022 4.8
      vertex -156.85 -107.847 6
      vertex -156.85 -107.847 4.8
    endloop
  endfacet
  facet normal -0.60887 -0.79327 -0
    outer loop
      vertex -156.622 -108.022 6
      vertex -156.85 -107.847 6
      vertex -156.622 -108.022 4.8
    endloop
  endfacet
  facet normal -0.79327 -0.60887 0
    outer loop
      vertex -156.447 -108.25 4.8
      vertex -156.622 -108.022 6
      vertex -156.622 -108.022 4.8
    endloop
  endfacet
  facet normal -0.79327 -0.60887 -0
    outer loop
      vertex -156.447 -108.25 6
      vertex -156.622 -108.022 6
      vertex -156.447 -108.25 4.8
    endloop
  endfacet
  facet normal -0.923592 -0.383378 0
    outer loop
      vertex -156.337 -108.515 4.8
      vertex -156.447 -108.25 6
      vertex -156.447 -108.25 4.8
    endloop
  endfacet
  facet normal -0.923592 -0.383378 -0
    outer loop
      vertex -156.337 -108.515 6
      vertex -156.447 -108.25 6
      vertex -156.337 -108.515 4.8
    endloop
  endfacet
  facet normal -0.991678 -0.128744 0
    outer loop
      vertex -156.3 -108.8 4.8
      vertex -156.337 -108.515 6
      vertex -156.337 -108.515 4.8
    endloop
  endfacet
  facet normal -0.991678 -0.128744 -0
    outer loop
      vertex -156.3 -108.8 6
      vertex -156.337 -108.515 6
      vertex -156.3 -108.8 4.8
    endloop
  endfacet
  facet normal -0.991678 0.128744 0
    outer loop
      vertex -156.337 -109.085 4.8
      vertex -156.3 -108.8 6
      vertex -156.3 -108.8 4.8
    endloop
  endfacet
  facet normal -0.991678 0.128744 0
    outer loop
      vertex -156.337 -109.085 6
      vertex -156.3 -108.8 6
      vertex -156.337 -109.085 4.8
    endloop
  endfacet
  facet normal -0.923592 0.383378 0
    outer loop
      vertex -156.447 -109.35 4.8
      vertex -156.337 -109.085 6
      vertex -156.337 -109.085 4.8
    endloop
  endfacet
  facet normal -0.923592 0.383378 0
    outer loop
      vertex -156.447 -109.35 6
      vertex -156.337 -109.085 6
      vertex -156.447 -109.35 4.8
    endloop
  endfacet
  facet normal -0.79327 0.60887 0
    outer loop
      vertex -156.622 -109.578 4.8
      vertex -156.447 -109.35 6
      vertex -156.447 -109.35 4.8
    endloop
  endfacet
  facet normal -0.79327 0.60887 0
    outer loop
      vertex -156.622 -109.578 6
      vertex -156.447 -109.35 6
      vertex -156.622 -109.578 4.8
    endloop
  endfacet
  facet normal -0.60887 0.79327 0
    outer loop
      vertex -156.85 -109.753 4.8
      vertex -156.622 -109.578 6
      vertex -156.622 -109.578 4.8
    endloop
  endfacet
  facet normal -0.60887 0.79327 0
    outer loop
      vertex -156.85 -109.753 6
      vertex -156.622 -109.578 6
      vertex -156.85 -109.753 4.8
    endloop
  endfacet
  facet normal -0.383378 0.923592 0
    outer loop
      vertex -157.115 -109.863 4.8
      vertex -156.85 -109.753 6
      vertex -156.85 -109.753 4.8
    endloop
  endfacet
  facet normal -0.383378 0.923592 0
    outer loop
      vertex -157.115 -109.863 6
      vertex -156.85 -109.753 6
      vertex -157.115 -109.863 4.8
    endloop
  endfacet
  facet normal -0.128744 0.991678 0
    outer loop
      vertex -157.4 -109.9 4.8
      vertex -157.115 -109.863 6
      vertex -157.115 -109.863 4.8
    endloop
  endfacet
  facet normal -0.128744 0.991678 0
    outer loop
      vertex -157.4 -109.9 6
      vertex -157.115 -109.863 6
      vertex -157.4 -109.9 4.8
    endloop
  endfacet
  facet normal 0.128744 0.991678 0
    outer loop
      vertex -157.685 -109.863 4.8
      vertex -157.4 -109.9 6
      vertex -157.4 -109.9 4.8
    endloop
  endfacet
  facet normal 0.128744 0.991678 0
    outer loop
      vertex -157.685 -109.863 6
      vertex -157.4 -109.9 6
      vertex -157.685 -109.863 4.8
    endloop
  endfacet
  facet normal 0.383378 0.923592 0
    outer loop
      vertex -157.95 -109.753 4.8
      vertex -157.685 -109.863 6
      vertex -157.685 -109.863 4.8
    endloop
  endfacet
  facet normal 0.383378 0.923592 0
    outer loop
      vertex -157.95 -109.753 6
      vertex -157.685 -109.863 6
      vertex -157.95 -109.753 4.8
    endloop
  endfacet
  facet normal 0.60887 0.79327 0
    outer loop
      vertex -158.178 -109.578 4.8
      vertex -157.95 -109.753 6
      vertex -157.95 -109.753 4.8
    endloop
  endfacet
  facet normal 0.60887 0.79327 0
    outer loop
      vertex -158.178 -109.578 6
      vertex -157.95 -109.753 6
      vertex -158.178 -109.578 4.8
    endloop
  endfacet
  facet normal 0.79327 0.60887 0
    outer loop
      vertex -158.353 -109.35 4.8
      vertex -158.178 -109.578 6
      vertex -158.178 -109.578 4.8
    endloop
  endfacet
  facet normal 0.79327 0.60887 0
    outer loop
      vertex -158.353 -109.35 6
      vertex -158.178 -109.578 6
      vertex -158.353 -109.35 4.8
    endloop
  endfacet
  facet normal 0.923592 0.383378 0
    outer loop
      vertex -158.463 -109.085 4.8
      vertex -158.353 -109.35 6
      vertex -158.353 -109.35 4.8
    endloop
  endfacet
  facet normal 0.923592 0.383378 0
    outer loop
      vertex -158.463 -109.085 6
      vertex -158.353 -109.35 6
      vertex -158.463 -109.085 4.8
    endloop
  endfacet
  facet normal 0 0 1
    outer loop
      vertex -163.371 -104.836 6
      vertex -158.5 -108.8 6
      vertex -158.463 -108.515 6
    endloop
  endfacet
  facet normal 0 0 1
    outer loop
      vertex -158.463 -109.085 6
      vertex -158.5 -108.8 6
      vertex -163.371 -104.836 6
    endloop
  endfacet
  facet normal 0 0 1
    outer loop
      vertex -158.353 -109.35 6
      vertex -158.463 -109.085 6
      vertex -163.371 -104.836 6
    endloop
  endfacet
  facet normal 0 0 1
    outer loop
      vertex -157.471 -115.055 6
      vertex -158.353 -109.35 6
      vertex -163.371 -104.836 6
    endloop
  endfacet
  facet normal 0 0 1
    outer loop
      vertex -158.178 -109.578 6
      vertex -158.353 -109.35 6
      vertex -157.471 -115.055 6
    endloop
  endfacet
  facet normal 0 0 1
    outer loop
      vertex -157.95 -109.753 6
      vertex -158.178 -109.578 6
      vertex -157.471 -115.055 6
    endloop
  endfacet
  facet normal 0 0 1
    outer loop
      vertex -157.471 -115.055 6
      vertex -157.685 -109.863 6
      vertex -157.95 -109.753 6
    endloop
  endfacet
  facet normal 0 0 1
    outer loop
      vertex -157.4 -109.9 6
      vertex -157.685 -109.863 6
      vertex -157.471 -115.055 6
    endloop
  endfacet
  facet normal 0 0 1
    outer loop
      vertex -157.115 -109.863 6
      vertex -157.4 -109.9 6
      vertex -157.471 -115.055 6
    endloop
  endfacet
  facet normal 0 0 1
    outer loop
      vertex -152.997 -113.201 6
      vertex -157.115 -109.863 6
      vertex -157.471 -115.055 6
    endloop
  endfacet
  facet normal 0 0 1
    outer loop
      vertex -156.85 -109.753 6
      vertex -157.115 -109.863 6
      vertex -152.997 -113.201 6
    endloop
  endfacet
  facet normal 0 0 1
    outer loop
      vertex -156.622 -109.578 6
      vertex -156.85 -109.753 6
      vertex -152.997 -113.201 6
    endloop
  endfacet
  facet normal 0 0 1
    outer loop
      vertex -152.997 -113.201 6
      vertex -156.447 -109.35 6
      vertex -156.622 -109.578 6
    endloop
  endfacet
  facet normal 0 0 1
    outer loop
      vertex -156.337 -109.085 6
      vertex -156.447 -109.35 6
      vertex -152.997 -113.201 6
    endloop
  endfacet
  facet normal 0 0 1
    outer loop
      vertex -156.3 -108.8 6
      vertex -156.337 -109.085 6
      vertex -152.997 -113.201 6
    endloop
  endfacet
  facet normal 0 0 1
    outer loop
      vertex -152.997 -113.201 6
      vertex -156.337 -108.515 6
      vertex -156.3 -108.8 6
    endloop
  endfacet
  facet normal 0 0 1
    outer loop
      vertex -156.051 -101.803 6
      vertex -156.337 -108.515 6
      vertex -152.997 -113.201 6
    endloop
  endfacet
  facet normal -0 0 1
    outer loop
      vertex -156.447 -108.25 6
      vertex -156.337 -108.515 6
      vertex -156.051 -101.803 6
    endloop
  endfacet
  facet normal -0 0 1
    outer loop
      vertex -156.622 -108.022 6
      vertex -156.447 -108.25 6
      vertex -156.051 -101.803 6
    endloop
  endfacet
  facet normal 0 0 1
    outer loop
      vertex -156.051 -101.803 6
      vertex -156.85 -107.847 6
      vertex -156.622 -108.022 6
    endloop
  endfacet
  facet normal -0 0 1
    outer loop
      vertex -157.115 -107.737 6
      vertex -156.85 -107.847 6
      vertex -156.051 -101.803 6
    endloop
  endfacet
  facet normal -0 0 1
    outer loop
      vertex -157.4 -107.7 6
      vertex -157.115 -107.737 6
      vertex -156.051 -101.803 6
    endloop
  endfacet
  facet normal 0 0 1
    outer loop
      vertex -156.051 -101.803 6
      vertex -157.685 -107.737 6
      vertex -157.4 -107.7 6
    endloop
  endfacet
  facet normal -0 0 1
    outer loop
      vertex -163.371 -104.836 6
      vertex -157.685 -107.737 6
      vertex -156.051 -101.803 6
    endloop
  endfacet
  facet normal -0 0 1
    outer loop
      vertex -163.53 -104.628 6
      vertex -163.371 -104.836 6
      vertex -156.051 -101.803 6
    endloop
  endfacet
  facet normal 0 0 1
    outer loop
      vertex -163.371 -104.836 6
      vertex -157.95 -107.847 6
      vertex -157.685 -107.737 6
    endloop
  endfacet
  facet normal 0 -0 1
    outer loop
      vertex -158.178 -108.022 6
      vertex -157.95 -107.847 6
      vertex -163.371 -104.836 6
    endloop
  endfacet
  facet normal 0 -0 1
    outer loop
      vertex -158.353 -108.25 6
      vertex -158.178 -108.022 6
      vertex -163.371 -104.836 6
    endloop
  endfacet
  facet normal 0 0 1
    outer loop
      vertex -163.371 -104.836 6
      vertex -158.463 -108.515 6
      vertex -158.353 -108.25 6
    endloop
  endfacet
  facet normal 0 0 1
    outer loop
      vertex -90.5506 -39.9559 6
      vertex -75.8683 -43.5889 6
      vertex -71.4862 -41.289 6
    endloop
  endfacet
  facet normal -0 -0 1
    outer loop
      vertex -87.6395 -42.7658 6
      vertex -75.8683 -43.5889 6
      vertex -90.5506 -39.9559 6
    endloop
  endfacet
  facet normal 0 -0 1
    outer loop
      vertex -87.9001 -42.7817 6
      vertex -87.6395 -42.7658 6
      vertex -90.5506 -39.9559 6
    endloop
  endfacet
  facet normal 0 0 1
    outer loop
      vertex -71.4862 -41.289 6
      vertex -75.0392 -44.1481 6
      vertex -71.8717 -45.471 6
    endloop
  endfacet
  facet normal -0 0 1
    outer loop
      vertex -75.1833 -43.9304 6
      vertex -75.0392 -44.1481 6
      vertex -71.4862 -41.289 6
    endloop
  endfacet
  facet normal -0 0 1
    outer loop
      vertex -75.3788 -43.7574 6
      vertex -75.1833 -43.9304 6
      vertex -71.4862 -41.289 6
    endloop
  endfacet
  facet normal 0 0 1
    outer loop
      vertex -71.8717 -45.471 6
      vertex -74.9404 -44.6562 6
      vertex -71.8494 -46.1041 6
    endloop
  endfacet
  facet normal 0 0 1
    outer loop
      vertex -74.9564 -44.3957 6
      vertex -74.9404 -44.6562 6
      vertex -71.8717 -45.471 6
    endloop
  endfacet
  facet normal 0 0 1
    outer loop
      vertex -75.0392 -44.1481 6
      vertex -74.9564 -44.3957 6
      vertex -71.8717 -45.471 6
    endloop
  endfacet
  facet normal 0 0 1
    outer loop
      vertex -74.9404 -44.6562 6
      vertex -71.6687 -46.7113 6
      vertex -71.8494 -46.1041 6
    endloop
  endfacet
  facet normal 0 0 1
    outer loop
      vertex -71.3412 -47.2536 6
      vertex -71.6687 -46.7113 6
      vertex -74.9404 -44.6562 6
    endloop
  endfacet
  facet normal 0 0 1
    outer loop
      vertex -75.7636 -56.4275 6
      vertex -71.3412 -47.2536 6
      vertex -74.9404 -44.6562 6
    endloop
  endfacet
  facet normal 0 0 1
    outer loop
      vertex -70.8879 -47.6961 6
      vertex -71.3412 -47.2536 6
      vertex -75.7636 -56.4275 6
    endloop
  endfacet
  facet normal 0 0 1
    outer loop
      vertex -68.3949 -51.9725 6
      vertex -70.8879 -47.6961 6
      vertex -75.7636 -56.4275 6
    endloop
  endfacet
  facet normal 0 0 1
    outer loop
      vertex -70.3379 -48.0105 6
      vertex -70.8879 -47.6961 6
      vertex -68.3949 -51.9725 6
    endloop
  endfacet
  facet normal 0 0 1
    outer loop
      vertex -68.3251 -51.721 6
      vertex -70.3379 -48.0105 6
      vertex -68.3949 -51.9725 6
    endloop
  endfacet
  facet normal 0 0 1
    outer loop
      vertex -68.1926 -51.496 6
      vertex -70.3379 -48.0105 6
      vertex -68.3251 -51.721 6
    endloop
  endfacet
  facet normal 0 0 1
    outer loop
      vertex -69.7265 -48.1766 6
      vertex -70.3379 -48.0105 6
      vertex -68.1926 -51.496 6
    endloop
  endfacet
  facet normal 0 0 1
    outer loop
      vertex -68.0064 -51.3131 6
      vertex -69.7265 -48.1766 6
      vertex -68.1926 -51.496 6
    endloop
  endfacet
  facet normal 0 0 1
    outer loop
      vertex -67.7792 -51.1845 6
      vertex -69.7265 -48.1766 6
      vertex -68.0064 -51.3131 6
    endloop
  endfacet
  facet normal 0 0 1
    outer loop
      vertex -67.5265 -51.1192 6
      vertex -69.7265 -48.1766 6
      vertex -67.7792 -51.1845 6
    endloop
  endfacet
  facet normal 0 0 1
    outer loop
      vertex -67.2654 -51.1214 6
      vertex -69.7265 -48.1766 6
      vertex -67.5265 -51.1192 6
    endloop
  endfacet
  facet normal 0 0 1
    outer loop
      vertex -52.1486 -50.6204 6
      vertex -69.7265 -48.1766 6
      vertex -67.2654 -51.1214 6
    endloop
  endfacet
  facet normal 0 -0 1
    outer loop
      vertex -55.5803 -52.7637 6
      vertex -52.1486 -50.6204 6
      vertex -67.2654 -51.1214 6
    endloop
  endfacet
  facet normal 0 -0 1
    outer loop
      vertex -55.3287 -52.8334 6
      vertex -52.1486 -50.6204 6
      vertex -55.5803 -52.7637 6
    endloop
  endfacet
  facet normal 0 -0 1
    outer loop
      vertex -55.1038 -52.9659 6
      vertex -52.1486 -50.6204 6
      vertex -55.3287 -52.8334 6
    endloop
  endfacet
  facet normal 0 0 1
    outer loop
      vertex -51.2975 -51.7499 6
      vertex -52.1486 -50.6204 6
      vertex -55.1038 -52.9659 6
    endloop
  endfacet
  facet normal 0 -0 1
    outer loop
      vertex -54.9208 -53.1521 6
      vertex -51.2975 -51.7499 6
      vertex -55.1038 -52.9659 6
    endloop
  endfacet
  facet normal 0 -0 1
    outer loop
      vertex -54.7923 -53.3793 6
      vertex -51.2975 -51.7499 6
      vertex -54.9208 -53.1521 6
    endloop
  endfacet
  facet normal 0 -0 1
    outer loop
      vertex -54.7269 -53.6321 6
      vertex -51.2975 -51.7499 6
      vertex -54.7923 -53.3793 6
    endloop
  endfacet
  facet normal 0 0 1
    outer loop
      vertex -54.7292 -53.8931 6
      vertex -51.2975 -51.7499 6
      vertex -54.7269 -53.6321 6
    endloop
  endfacet
  facet normal 0 0 1
    outer loop
      vertex -56.3714 -65.5783 6
      vertex -51.2975 -51.7499 6
      vertex -54.7292 -53.8931 6
    endloop
  endfacet
  facet normal 0 -0 1
    outer loop
      vertex -54.0949 -71.6542 6
      vertex -51.2975 -51.7499 6
      vertex -56.3714 -65.5783 6
    endloop
  endfacet
  facet normal -0 0 1
    outer loop
      vertex -56.4412 -65.8298 6
      vertex -54.0949 -71.6542 6
      vertex -56.3714 -65.5783 6
    endloop
  endfacet
  facet normal -0 0 1
    outer loop
      vertex -56.5737 -66.0548 6
      vertex -54.0949 -71.6542 6
      vertex -56.4412 -65.8298 6
    endloop
  endfacet
  facet normal -0 0 1
    outer loop
      vertex -56.7599 -66.2377 6
      vertex -54.0949 -71.6542 6
      vertex -56.5737 -66.0548 6
    endloop
  endfacet
  facet normal -0 0 1
    outer loop
      vertex -57.2868 -69.9867 6
      vertex -54.0949 -71.6542 6
      vertex -56.7599 -66.2377 6
    endloop
  endfacet
  facet normal -0 0 1
    outer loop
      vertex -57.4697 -69.8005 6
      vertex -57.2868 -69.9867 6
      vertex -56.7599 -66.2377 6
    endloop
  endfacet
  facet normal 0 0 1
    outer loop
      vertex -52.1486 -50.6204 6
      vertex -51.6721 -50.8227 6
      vertex -51.897 -50.6902 6
    endloop
  endfacet
  facet normal 0 0 1
    outer loop
      vertex -51.4891 -51.0089 6
      vertex -51.6721 -50.8227 6
      vertex -52.1486 -50.6204 6
    endloop
  endfacet
  facet normal 0 0 1
    outer loop
      vertex -51.3606 -51.2361 6
      vertex -51.4891 -51.0089 6
      vertex -52.1486 -50.6204 6
    endloop
  endfacet
  facet normal 0 0 1
    outer loop
      vertex -52.1486 -50.6204 6
      vertex -51.2952 -51.4888 6
      vertex -51.3606 -51.2361 6
    endloop
  endfacet
  facet normal 0 -0 1
    outer loop
      vertex -51.2975 -51.7499 6
      vertex -51.2952 -51.4888 6
      vertex -52.1486 -50.6204 6
    endloop
  endfacet
  facet normal 0 0 1
    outer loop
      vertex -54.0949 -71.6542 6
      vertex -58.7374 -82.4128 6
      vertex -57.0175 -92.4499 6
    endloop
  endfacet
  facet normal 0 0 1
    outer loop
      vertex -57.0951 -70.7277 6
      vertex -58.7374 -82.4128 6
      vertex -54.0949 -71.6542 6
    endloop
  endfacet
  facet normal 0 0 1
    outer loop
      vertex -57.0928 -70.4666 6
      vertex -57.0951 -70.7277 6
      vertex -54.0949 -71.6542 6
    endloop
  endfacet
  facet normal 0 0 1
    outer loop
      vertex -57.0175 -92.4499 6
      vertex -61.1033 -99.2474 6
      vertex -58.3953 -102.254 6
    endloop
  endfacet
  facet normal 0 0 1
    outer loop
      vertex -59.4611 -87.5622 6
      vertex -61.1033 -99.2474 6
      vertex -57.0175 -92.4499 6
    endloop
  endfacet
  facet normal 0 0 1
    outer loop
      vertex -59.4588 -87.3012 6
      vertex -59.4611 -87.5622 6
      vertex -57.0175 -92.4499 6
    endloop
  endfacet
  facet normal 0 0 1
    outer loop
      vertex -58.3953 -102.254 6
      vertex -59.5248 -103.105 6
      vertex -58.4651 -102.505 6
    endloop
  endfacet
  facet normal 0 0 1
    outer loop
      vertex -61.719 -100.035 6
      vertex -59.5248 -103.105 6
      vertex -58.3953 -102.254 6
    endloop
  endfacet
  facet normal 0 0 1
    outer loop
      vertex -61.4918 -99.9069 6
      vertex -61.719 -100.035 6
      vertex -58.3953 -102.254 6
    endloop
  endfacet
  facet normal 0 0 1
    outer loop
      vertex -59.5248 -103.105 6
      vertex -58.5976 -102.73 6
      vertex -58.4651 -102.505 6
    endloop
  endfacet
  facet normal 0 -0 1
    outer loop
      vertex -58.7838 -102.913 6
      vertex -58.5976 -102.73 6
      vertex -59.5248 -103.105 6
    endloop
  endfacet
  facet normal 0 -0 1
    outer loop
      vertex -59.011 -103.042 6
      vertex -58.7838 -102.913 6
      vertex -59.5248 -103.105 6
    endloop
  endfacet
  facet normal -0 0 1
    outer loop
      vertex -59.5248 -103.105 6
      vertex -59.2637 -103.107 6
      vertex -59.011 -103.042 6
    endloop
  endfacet
  facet normal 0 0 1
    outer loop
      vertex -59.5248 -103.105 6
      vertex -62.2328 -100.098 6
      vertex -77.3496 -100.6 6
    endloop
  endfacet
  facet normal 0 0 1
    outer loop
      vertex -61.9717 -100.101 6
      vertex -62.2328 -100.098 6
      vertex -59.5248 -103.105 6
    endloop
  endfacet
  facet normal 0 0 1
    outer loop
      vertex -61.719 -100.035 6
      vertex -61.9717 -100.101 6
      vertex -59.5248 -103.105 6
    endloop
  endfacet
  facet normal 0 0 1
    outer loop
      vertex -77.3496 -100.6 6
      vertex -77.8261 -100.397 6
      vertex -77.6012 -100.53 6
    endloop
  endfacet
  facet normal 0 0 1
    outer loop
      vertex -78.0091 -100.211 6
      vertex -77.8261 -100.397 6
      vertex -77.3496 -100.6 6
    endloop
  endfacet
  facet normal 0 0 1
    outer loop
      vertex -78.1376 -99.9838 6
      vertex -78.0091 -100.211 6
      vertex -77.3496 -100.6 6
    endloop
  endfacet
  facet normal 0 0 1
    outer loop
      vertex -77.3496 -100.6 6
      vertex -78.203 -99.7311 6
      vertex -78.1376 -99.9838 6
    endloop
  endfacet
  facet normal 0 0 1
    outer loop
      vertex -78.2007 -99.4701 6
      vertex -78.203 -99.7311 6
      vertex -77.3496 -100.6 6
    endloop
  endfacet
  facet normal 0 0 1
    outer loop
      vertex -74.3944 -98.254 6
      vertex -78.2007 -99.4701 6
      vertex -77.3496 -100.6 6
    endloop
  endfacet
  facet normal 0 0 1
    outer loop
      vertex -74.5774 -98.0678 6
      vertex -78.2007 -99.4701 6
      vertex -74.3944 -98.254 6
    endloop
  endfacet
  facet normal 0 0 1
    outer loop
      vertex -74.7059 -97.8406 6
      vertex -78.2007 -99.4701 6
      vertex -74.5774 -98.0678 6
    endloop
  endfacet
  facet normal 0 0 1
    outer loop
      vertex -77.8054 -96.6574 6
      vertex -78.2007 -99.4701 6
      vertex -74.7059 -97.8406 6
    endloop
  endfacet
  facet normal 0 0 1
    outer loop
      vertex -74.7713 -97.5878 6
      vertex -77.8054 -96.6574 6
      vertex -74.7059 -97.8406 6
    endloop
  endfacet
  facet normal 0 0 1
    outer loop
      vertex -74.769 -97.3268 6
      vertex -77.8054 -96.6574 6
      vertex -74.7713 -97.5878 6
    endloop
  endfacet
  facet normal 0 0 1
    outer loop
      vertex -77.7923 -96.073 6
      vertex -77.8054 -96.6574 6
      vertex -74.769 -97.3268 6
    endloop
  endfacet
  facet normal 0 0 1
    outer loop
      vertex -77.9153 -95.5015 6
      vertex -77.7923 -96.073 6
      vertex -74.769 -97.3268 6
    endloop
  endfacet
  facet normal 0 0 1
    outer loop
      vertex -74.769 -97.3268 6
      vertex -78.1676 -94.9742 6
      vertex -77.9153 -95.5015 6
    endloop
  endfacet
  facet normal 0 0 1
    outer loop
      vertex -78.3038 -90.8341 6
      vertex -78.1676 -94.9742 6
      vertex -74.769 -97.3268 6
    endloop
  endfacet
  facet normal 0 0 1
    outer loop
      vertex -78.1873 -90.6005 6
      vertex -78.3038 -90.8341 6
      vertex -74.769 -97.3268 6
    endloop
  endfacet
  facet normal 0 0 1
    outer loop
      vertex -78.3038 -90.8341 6
      vertex -78.5355 -94.5198 6
      vertex -78.1676 -94.9742 6
    endloop
  endfacet
  facet normal -0 0 1
    outer loop
      vertex -78.4768 -91.0296 6
      vertex -78.5355 -94.5198 6
      vertex -78.3038 -90.8341 6
    endloop
  endfacet
  facet normal -0 0 1
    outer loop
      vertex -78.6945 -91.1737 6
      vertex -78.5355 -94.5198 6
      vertex -78.4768 -91.0296 6
    endloop
  endfacet
  facet normal -0 0 1
    outer loop
      vertex -78.9988 -94.1634 6
      vertex -78.5355 -94.5198 6
      vertex -78.6945 -91.1737 6
    endloop
  endfacet
  facet normal -0 0 1
    outer loop
      vertex -78.942 -91.2565 6
      vertex -78.9988 -94.1634 6
      vertex -78.6945 -91.1737 6
    endloop
  endfacet
  facet normal -0 0 1
    outer loop
      vertex -79.5323 -93.9243 6
      vertex -78.9988 -94.1634 6
      vertex -78.942 -91.2565 6
    endloop
  endfacet
  facet normal -0 0 1
    outer loop
      vertex -79.2026 -91.2725 6
      vertex -79.5323 -93.9243 6
      vertex -78.942 -91.2565 6
    endloop
  endfacet
  facet normal -0 0 1
    outer loop
      vertex -80.1067 -93.8156 6
      vertex -79.5323 -93.9243 6
      vertex -79.2026 -91.2725 6
    endloop
  endfacet
  facet normal 0 0 1
    outer loop
      vertex -90.9739 -90.4493 6
      vertex -80.1067 -93.8156 6
      vertex -79.2026 -91.2725 6
    endloop
  endfacet
  facet normal -0 0 1
    outer loop
      vertex -94.2477 -92.8268 6
      vertex -80.1067 -93.8156 6
      vertex -90.9739 -90.4493 6
    endloop
  endfacet
  facet normal 0 0 1
    outer loop
      vertex -91.2297 -90.3973 6
      vertex -94.2477 -92.8268 6
      vertex -90.9739 -90.4493 6
    endloop
  endfacet
  facet normal 0 0 1
    outer loop
      vertex -91.4633 -90.2808 6
      vertex -94.2477 -92.8268 6
      vertex -91.2297 -90.3973 6
    endloop
  endfacet
  facet normal -0 0 1
    outer loop
      vertex -95.1755 -91.7595 6
      vertex -94.2477 -92.8268 6
      vertex -91.4633 -90.2808 6
    endloop
  endfacet
  facet normal -0 0 1
    outer loop
      vertex -95.096 -90.622 6
      vertex -95.1755 -91.7595 6
      vertex -91.4633 -90.2808 6
    endloop
  endfacet
  facet normal 0 0 1
    outer loop
      vertex -94.2477 -92.8268 6
      vertex -94.7371 -92.6582 6
      vertex -94.5035 -92.7747 6
    endloop
  endfacet
  facet normal 0 0 1
    outer loop
      vertex -94.9326 -92.4853 6
      vertex -94.7371 -92.6582 6
      vertex -94.2477 -92.8268 6
    endloop
  endfacet
  facet normal 0 0 1
    outer loop
      vertex -95.0767 -92.2676 6
      vertex -94.9326 -92.4853 6
      vertex -94.2477 -92.8268 6
    endloop
  endfacet
  facet normal 0 0 1
    outer loop
      vertex -94.2477 -92.8268 6
      vertex -95.1596 -92.02 6
      vertex -95.0767 -92.2676 6
    endloop
  endfacet
  facet normal 0 0 1
    outer loop
      vertex -95.1755 -91.7595 6
      vertex -95.1596 -92.02 6
      vertex -94.2477 -92.8268 6
    endloop
  endfacet
  facet normal 0 -0 1
    outer loop
      vertex -95.096 -90.622 6
      vertex -91.8029 -89.8902 6
      vertex -95.1236 -90.038 6
    endloop
  endfacet
  facet normal 0 0 1
    outer loop
      vertex -91.6588 -90.1078 6
      vertex -91.8029 -89.8902 6
      vertex -95.096 -90.622 6
    endloop
  endfacet
  facet normal 0 0 1
    outer loop
      vertex -91.4633 -90.2808 6
      vertex -91.6588 -90.1078 6
      vertex -95.096 -90.622 6
    endloop
  endfacet
  facet normal 0 -0 1
    outer loop
      vertex -95.1236 -90.038 6
      vertex -91.9017 -89.382 6
      vertex -95.2862 -89.4765 6
    endloop
  endfacet
  facet normal 0 0 1
    outer loop
      vertex -91.8857 -89.6426 6
      vertex -91.9017 -89.382 6
      vertex -95.1236 -90.038 6
    endloop
  endfacet
  facet normal 0 0 1
    outer loop
      vertex -91.8029 -89.8902 6
      vertex -91.8857 -89.6426 6
      vertex -95.1236 -90.038 6
    endloop
  endfacet
  facet normal 0 0 1
    outer loop
      vertex -91.9017 -89.382 6
      vertex -95.5747 -88.968 6
      vertex -95.2862 -89.4765 6
    endloop
  endfacet
  facet normal 0 0 1
    outer loop
      vertex -95.9734 -88.5405 6
      vertex -95.5747 -88.968 6
      vertex -91.9017 -89.382 6
    endloop
  endfacet
  facet normal 0 0 1
    outer loop
      vertex -96.1583 -85.0547 6
      vertex -95.9734 -88.5405 6
      vertex -91.9017 -89.382 6
    endloop
  endfacet
  facet normal -0 0 1
    outer loop
      vertex -96.3654 -85.2136 6
      vertex -95.9734 -88.5405 6
      vertex -96.1583 -85.0547 6
    endloop
  endfacet
  facet normal -0 0 1
    outer loop
      vertex -96.4604 -88.2172 6
      vertex -95.9734 -88.5405 6
      vertex -96.3654 -85.2136 6
    endloop
  endfacet
  facet normal -0 0 1
    outer loop
      vertex -96.6066 -85.3135 6
      vertex -96.4604 -88.2172 6
      vertex -96.3654 -85.2136 6
    endloop
  endfacet
  facet normal -0 0 1
    outer loop
      vertex -97.0093 -88.0159 6
      vertex -96.4604 -88.2172 6
      vertex -96.6066 -85.3135 6
    endloop
  endfacet
  facet normal -0 0 1
    outer loop
      vertex -96.8654 -85.3476 6
      vertex -97.0093 -88.0159 6
      vertex -96.6066 -85.3135 6
    endloop
  endfacet
  facet normal -0 0 1
    outer loop
      vertex -97.5899 -87.9476 6
      vertex -97.0093 -88.0159 6
      vertex -96.8654 -85.3476 6
    endloop
  endfacet
  facet normal -0 0 1
    outer loop
      vertex -108.665 -85.3476 6
      vertex -97.5899 -87.9476 6
      vertex -96.8654 -85.3476 6
    endloop
  endfacet
  facet normal 0 -0 1
    outer loop
      vertex -108.267 -87.9476 6
      vertex -97.5899 -87.9476 6
      vertex -108.665 -85.3476 6
    endloop
  endfacet
  facet normal 0 0 1
    outer loop
      vertex -108.902 -88.0297 6
      vertex -108.267 -87.9476 6
      vertex -108.665 -85.3476 6
    endloop
  endfacet
  facet normal 0 0 1
    outer loop
      vertex -108.902 -88.0297 6
      vertex -109.165 -85.2136 6
      vertex -109.496 -88.2707 6
    endloop
  endfacet
  facet normal 0 0 1
    outer loop
      vertex -108.924 -85.3135 6
      vertex -109.165 -85.2136 6
      vertex -108.902 -88.0297 6
    endloop
  endfacet
  facet normal 0 0 1
    outer loop
      vertex -108.665 -85.3476 6
      vertex -108.924 -85.3135 6
      vertex -108.902 -88.0297 6
    endloop
  endfacet
  facet normal -0 0 1
    outer loop
      vertex -113.865 -87.7476 6
      vertex -109.496 -88.2707 6
      vertex -109.165 -85.2136 6
    endloop
  endfacet
  facet normal 0 -0 1
    outer loop
      vertex -110.009 -88.6547 6
      vertex -109.496 -88.2707 6
      vertex -113.865 -87.7476 6
    endloop
  endfacet
  facet normal -0 0 1
    outer loop
      vertex -113.899 -88.0064 6
      vertex -110.009 -88.6547 6
      vertex -113.865 -87.7476 6
    endloop
  endfacet
  facet normal 0 -0 1
    outer loop
      vertex -110.408 -89.1566 6
      vertex -110.009 -88.6547 6
      vertex -113.899 -88.0064 6
    endloop
  endfacet
  facet normal -0 0 1
    outer loop
      vertex -113.999 -88.2476 6
      vertex -110.408 -89.1566 6
      vertex -113.899 -88.0064 6
    endloop
  endfacet
  facet normal -0 0 1
    outer loop
      vertex -114.158 -88.4547 6
      vertex -110.408 -89.1566 6
      vertex -113.999 -88.2476 6
    endloop
  endfacet
  facet normal 0 -0 1
    outer loop
      vertex -110.666 -89.7432 6
      vertex -110.408 -89.1566 6
      vertex -114.158 -88.4547 6
    endloop
  endfacet
  facet normal -0 0 1
    outer loop
      vertex -114.365 -88.6136 6
      vertex -110.666 -89.7432 6
      vertex -114.158 -88.4547 6
    endloop
  endfacet
  facet normal 0 -0 1
    outer loop
      vertex -110.766 -90.3762 6
      vertex -110.666 -89.7432 6
      vertex -114.365 -88.6136 6
    endloop
  endfacet
  facet normal 0 -0 1
    outer loop
      vertex -111.765 -91.3476 6
      vertex -110.766 -90.3762 6
      vertex -114.365 -88.6136 6
    endloop
  endfacet
  facet normal 0 -0 1
    outer loop
      vertex -110.806 -90.6293 6
      vertex -110.766 -90.3762 6
      vertex -111.765 -91.3476 6
    endloop
  endfacet
  facet normal 0 -0 1
    outer loop
      vertex -110.909 -90.864 6
      vertex -110.806 -90.6293 6
      vertex -111.765 -91.3476 6
    endloop
  endfacet
  facet normal 0 0 1
    outer loop
      vertex -111.765 -91.3476 6
      vertex -111.068 -91.0647 6
      vertex -110.909 -90.864 6
    endloop
  endfacet
  facet normal 0 -0 1
    outer loop
      vertex -111.274 -91.2183 6
      vertex -111.068 -91.0647 6
      vertex -111.765 -91.3476 6
    endloop
  endfacet
  facet normal 0 -0 1
    outer loop
      vertex -111.511 -91.3147 6
      vertex -111.274 -91.2183 6
      vertex -111.765 -91.3476 6
    endloop
  endfacet
  facet normal 0 0 1
    outer loop
      vertex -111.765 -91.3476 6
      vertex -114.865 -88.7476 6
      vertex -117.965 -91.3476 6
    endloop
  endfacet
  facet normal 0 0 1
    outer loop
      vertex -114.607 -88.7135 6
      vertex -114.865 -88.7476 6
      vertex -111.765 -91.3476 6
    endloop
  endfacet
  facet normal 0 0 1
    outer loop
      vertex -114.365 -88.6136 6
      vertex -114.607 -88.7135 6
      vertex -111.765 -91.3476 6
    endloop
  endfacet
  facet normal 0 0 1
    outer loop
      vertex -117.965 -91.3476 6
      vertex -121.065 -97.1976 6
      vertex -117.965 -111.598 6
    endloop
  endfacet
  facet normal -0 0 1
    outer loop
      vertex -121.099 -96.9388 6
      vertex -121.065 -97.1976 6
      vertex -117.965 -91.3476 6
    endloop
  endfacet
  facet normal -0 0 1
    outer loop
      vertex -121.199 -96.6976 6
      vertex -121.099 -96.9388 6
      vertex -117.965 -91.3476 6
    endloop
  endfacet
  facet normal 0 0 1
    outer loop
      vertex -117.965 -111.598 6
      vertex -118.965 -112.598 6
      vertex -117.999 -111.856 6
    endloop
  endfacet
  facet normal 0 0 1
    outer loop
      vertex -121.565 -109.864 6
      vertex -118.965 -112.598 6
      vertex -117.965 -111.598 6
    endloop
  endfacet
  facet normal 0 0 1
    outer loop
      vertex -121.358 -109.705 6
      vertex -121.565 -109.864 6
      vertex -117.965 -111.598 6
    endloop
  endfacet
  facet normal 0 0 1
    outer loop
      vertex -118.965 -112.598 6
      vertex -118.099 -112.098 6
      vertex -117.999 -111.856 6
    endloop
  endfacet
  facet normal 0 -0 1
    outer loop
      vertex -118.258 -112.305 6
      vertex -118.099 -112.098 6
      vertex -118.965 -112.598 6
    endloop
  endfacet
  facet normal 0 -0 1
    outer loop
      vertex -118.465 -112.464 6
      vertex -118.258 -112.305 6
      vertex -118.965 -112.598 6
    endloop
  endfacet
  facet normal 0 0 1
    outer loop
      vertex -118.965 -112.598 6
      vertex -118.707 -112.564 6
      vertex -118.465 -112.464 6
    endloop
  endfacet
  facet normal 0 0 1
    outer loop
      vertex -118.965 -112.598 6
      vertex -122.065 -109.998 6
      vertex -136.702 -112.598 6
    endloop
  endfacet
  facet normal 0 0 1
    outer loop
      vertex -121.807 -109.964 6
      vertex -122.065 -109.998 6
      vertex -118.965 -112.598 6
    endloop
  endfacet
  facet normal 0 0 1
    outer loop
      vertex -121.565 -109.864 6
      vertex -121.807 -109.964 6
      vertex -118.965 -112.598 6
    endloop
  endfacet
  facet normal 0 -0 1
    outer loop
      vertex -136.702 -112.598 6
      vertex -134.572 -109.705 6
      vertex -136.789 -112.601 6
    endloop
  endfacet
  facet normal 0 0 1
    outer loop
      vertex -134.365 -109.864 6
      vertex -134.572 -109.705 6
      vertex -136.702 -112.598 6
    endloop
  endfacet
  facet normal 0 0 1
    outer loop
      vertex -134.124 -109.964 6
      vertex -134.365 -109.864 6
      vertex -136.702 -112.598 6
    endloop
  endfacet
  facet normal 0 0 1
    outer loop
      vertex -136.789 -112.601 6
      vertex -139.767 -110.389 6
      vertex -136.876 -112.613 6
    endloop
  endfacet
  facet normal 0 0 1
    outer loop
      vertex -139.667 -110.147 6
      vertex -139.767 -110.389 6
      vertex -136.789 -112.601 6
    endloop
  endfacet
  facet normal 0 0 1
    outer loop
      vertex -134.572 -109.705 6
      vertex -139.667 -110.147 6
      vertex -136.789 -112.601 6
    endloop
  endfacet
  facet normal 0 0 1
    outer loop
      vertex -134.731 -109.498 6
      vertex -139.667 -110.147 6
      vertex -134.572 -109.705 6
    endloop
  endfacet
  facet normal -0 0 1
    outer loop
      vertex -139.633 -109.889 6
      vertex -139.667 -110.147 6
      vertex -134.731 -109.498 6
    endloop
  endfacet
  facet normal 0 0 1
    outer loop
      vertex -134.831 -109.256 6
      vertex -139.633 -109.889 6
      vertex -134.731 -109.498 6
    endloop
  endfacet
  facet normal -0 0 1
    outer loop
      vertex -139.667 -109.63 6
      vertex -139.633 -109.889 6
      vertex -134.831 -109.256 6
    endloop
  endfacet
  facet normal 0 0 1
    outer loop
      vertex -134.865 -108.998 6
      vertex -139.667 -109.63 6
      vertex -134.831 -109.256 6
    endloop
  endfacet
  facet normal 0 0 1
    outer loop
      vertex -142.721 -98.2318 6
      vertex -139.667 -109.63 6
      vertex -134.865 -108.998 6
    endloop
  endfacet
  facet normal 0 0 1
    outer loop
      vertex -134.865 -97.1976 6
      vertex -142.721 -98.2318 6
      vertex -134.865 -108.998 6
    endloop
  endfacet
  facet normal -0 0 1
    outer loop
      vertex -142.821 -97.9906 6
      vertex -142.721 -98.2318 6
      vertex -134.865 -97.1976 6
    endloop
  endfacet
  facet normal 0 0 1
    outer loop
      vertex -134.831 -96.9388 6
      vertex -142.821 -97.9906 6
      vertex -134.865 -97.1976 6
    endloop
  endfacet
  facet normal -0 0 1
    outer loop
      vertex -142.98 -97.7835 6
      vertex -142.821 -97.9906 6
      vertex -134.831 -96.9388 6
    endloop
  endfacet
  facet normal 0 0 1
    outer loop
      vertex -134.731 -96.6976 6
      vertex -142.98 -97.7835 6
      vertex -134.831 -96.9388 6
    endloop
  endfacet
  facet normal -0 0 1
    outer loop
      vertex -143.187 -97.6246 6
      vertex -142.98 -97.7835 6
      vertex -134.731 -96.6976 6
    endloop
  endfacet
  facet normal 0 0 1
    outer loop
      vertex -134.572 -96.4905 6
      vertex -143.187 -97.6246 6
      vertex -134.731 -96.6976 6
    endloop
  endfacet
  facet normal 0 0 1
    outer loop
      vertex -144.665 -91.2976 6
      vertex -143.187 -97.6246 6
      vertex -134.572 -96.4905 6
    endloop
  endfacet
  facet normal 0 0 1
    outer loop
      vertex -134.365 -96.3316 6
      vertex -144.665 -91.2976 6
      vertex -134.572 -96.4905 6
    endloop
  endfacet
  facet normal 0 0 1
    outer loop
      vertex -132.865 -91.2976 6
      vertex -144.665 -91.2976 6
      vertex -134.365 -96.3316 6
    endloop
  endfacet
  facet normal 0 -0 1
    outer loop
      vertex -134.124 -96.2317 6
      vertex -132.865 -91.2976 6
      vertex -134.365 -96.3316 6
    endloop
  endfacet
  facet normal 0 -0 1
    outer loop
      vertex -133.865 -96.1976 6
      vertex -132.865 -91.2976 6
      vertex -134.124 -96.2317 6
    endloop
  endfacet
  facet normal 0 0 1
    outer loop
      vertex -132.607 -91.2635 6
      vertex -132.865 -91.2976 6
      vertex -133.865 -96.1976 6
    endloop
  endfacet
  facet normal 0 0 1
    outer loop
      vertex -125.718 -92.9976 6
      vertex -132.607 -91.2635 6
      vertex -133.865 -96.1976 6
    endloop
  endfacet
  facet normal 0 0 1
    outer loop
      vertex -132.365 -91.1636 6
      vertex -132.607 -91.2635 6
      vertex -125.718 -92.9976 6
    endloop
  endfacet
  facet normal 0 0 1
    outer loop
      vertex -125.828 -92.7323 6
      vertex -132.365 -91.1636 6
      vertex -125.718 -92.9976 6
    endloop
  endfacet
  facet normal 0 0 1
    outer loop
      vertex -132.158 -91.0047 6
      vertex -132.365 -91.1636 6
      vertex -125.828 -92.7323 6
    endloop
  endfacet
  facet normal 0 0 1
    outer loop
      vertex -125.865 -92.4476 6
      vertex -132.158 -91.0047 6
      vertex -125.828 -92.7323 6
    endloop
  endfacet
  facet normal 0 0 1
    outer loop
      vertex -125.828 -92.1629 6
      vertex -132.158 -91.0047 6
      vertex -125.865 -92.4476 6
    endloop
  endfacet
  facet normal 0 0 1
    outer loop
      vertex -131.999 -90.7976 6
      vertex -132.158 -91.0047 6
      vertex -125.828 -92.1629 6
    endloop
  endfacet
  facet normal 0 0 1
    outer loop
      vertex -125.718 -91.8976 6
      vertex -131.999 -90.7976 6
      vertex -125.828 -92.1629 6
    endloop
  endfacet
  facet normal 0 0 1
    outer loop
      vertex -131.899 -90.5564 6
      vertex -131.999 -90.7976 6
      vertex -125.718 -91.8976 6
    endloop
  endfacet
  facet normal 0 0 1
    outer loop
      vertex -126.924 -88.7135 6
      vertex -131.899 -90.5564 6
      vertex -125.718 -91.8976 6
    endloop
  endfacet
  facet normal 0 0 1
    outer loop
      vertex -127.165 -88.6136 6
      vertex -131.899 -90.5564 6
      vertex -126.924 -88.7135 6
    endloop
  endfacet
  facet normal -0 0 1
    outer loop
      vertex -131.865 -90.2976 6
      vertex -131.899 -90.5564 6
      vertex -127.165 -88.6136 6
    endloop
  endfacet
  facet normal 0 0 1
    outer loop
      vertex -127.372 -88.4547 6
      vertex -131.865 -90.2976 6
      vertex -127.165 -88.6136 6
    endloop
  endfacet
  facet normal 0 0 1
    outer loop
      vertex -127.531 -88.2476 6
      vertex -131.865 -90.2976 6
      vertex -127.372 -88.4547 6
    endloop
  endfacet
  facet normal 0 0 1
    outer loop
      vertex -127.631 -88.0064 6
      vertex -131.865 -90.2976 6
      vertex -127.531 -88.2476 6
    endloop
  endfacet
  facet normal 0 0 1
    outer loop
      vertex -127.665 -87.7476 6
      vertex -131.865 -90.2976 6
      vertex -127.631 -88.0064 6
    endloop
  endfacet
  facet normal 0 0 1
    outer loop
      vertex -131.865 -78.4976 6
      vertex -131.865 -90.2976 6
      vertex -127.665 -87.7476 6
    endloop
  endfacet
  facet normal 0 0 1
    outer loop
      vertex -127.665 -75.9476 6
      vertex -131.865 -78.4976 6
      vertex -127.665 -87.7476 6
    endloop
  endfacet
  facet normal -0 0 1
    outer loop
      vertex -131.899 -78.2388 6
      vertex -131.865 -78.4976 6
      vertex -127.665 -75.9476 6
    endloop
  endfacet
  facet normal -0 0 1
    outer loop
      vertex -131.999 -77.9976 6
      vertex -131.899 -78.2388 6
      vertex -127.665 -75.9476 6
    endloop
  endfacet
  facet normal 0 0 1
    outer loop
      vertex -139.767 -110.389 6
      vertex -136.961 -112.632 6
      vertex -136.876 -112.613 6
    endloop
  endfacet
  facet normal -0 0 1
    outer loop
      vertex -139.926 -110.596 6
      vertex -136.961 -112.632 6
      vertex -139.767 -110.389 6
    endloop
  endfacet
  facet normal -0 0 1
    outer loop
      vertex -140.133 -110.755 6
      vertex -136.961 -112.632 6
      vertex -139.926 -110.596 6
    endloop
  endfacet
  facet normal -0 0 1
    outer loop
      vertex -140.374 -110.854 6
      vertex -136.961 -112.632 6
      vertex -140.133 -110.755 6
    endloop
  endfacet
  facet normal 0 0 1
    outer loop
      vertex -151.772 -113.909 6
      vertex -136.961 -112.632 6
      vertex -140.374 -110.854 6
    endloop
  endfacet
  facet normal 0 0 1
    outer loop
      vertex -153.327 -117.017 6
      vertex -136.961 -112.632 6
      vertex -151.772 -113.909 6
    endloop
  endfacet
  facet normal -0 0 1
    outer loop
      vertex -152.031 -113.943 6
      vertex -153.327 -117.017 6
      vertex -151.772 -113.909 6
    endloop
  endfacet
  facet normal 0 0 1
    outer loop
      vertex -152.289 -113.909 6
      vertex -153.327 -117.017 6
      vertex -152.031 -113.943 6
    endloop
  endfacet
  facet normal 0 0 1
    outer loop
      vertex -152.531 -113.809 6
      vertex -153.327 -117.017 6
      vertex -152.289 -113.909 6
    endloop
  endfacet
  facet normal 0 0 1
    outer loop
      vertex -153.408 -117.042 6
      vertex -153.327 -117.017 6
      vertex -152.531 -113.809 6
    endloop
  endfacet
  facet normal -0 0 1
    outer loop
      vertex -157.371 -115.296 6
      vertex -153.408 -117.042 6
      vertex -152.531 -113.809 6
    endloop
  endfacet
  facet normal -0 -0 1
    outer loop
      vertex -157.337 -115.555 6
      vertex -153.408 -117.042 6
      vertex -157.371 -115.296 6
    endloop
  endfacet
  facet normal 0 -0 1
    outer loop
      vertex -153.486 -117.075 6
      vertex -153.408 -117.042 6
      vertex -157.337 -115.555 6
    endloop
  endfacet
  facet normal 0 -0 1
    outer loop
      vertex -153.562 -117.113 6
      vertex -153.486 -117.075 6
      vertex -157.337 -115.555 6
    endloop
  endfacet
  facet normal 0 0 1
    outer loop
      vertex -153.562 -117.113 6
      vertex -168.056 -122.321 6
      vertex -169.443 -126.132 6
    endloop
  endfacet
  facet normal 0 0 1
    outer loop
      vertex -157.837 -116.421 6
      vertex -168.056 -122.321 6
      vertex -153.562 -117.113 6
    endloop
  endfacet
  facet normal 0 0 1
    outer loop
      vertex -157.63 -116.262 6
      vertex -157.837 -116.421 6
      vertex -153.562 -117.113 6
    endloop
  endfacet
  facet normal 0 0 1
    outer loop
      vertex -169.443 -126.132 6
      vertex -170.199 -126.227 6
      vertex -169.684 -126.23 6
    endloop
  endfacet
  facet normal 0 0 1
    outer loop
      vertex -170.439 -126.127 6
      vertex -170.199 -126.227 6
      vertex -169.443 -126.132 6
    endloop
  endfacet
  facet normal 0 0 1
    outer loop
      vertex -170.645 -125.969 6
      vertex -170.439 -126.127 6
      vertex -169.443 -126.132 6
    endloop
  endfacet
  facet normal 0 0 1
    outer loop
      vertex -170.199 -126.227 6
      vertex -169.942 -126.262 6
      vertex -169.684 -126.23 6
    endloop
  endfacet
  facet normal 0 0 1
    outer loop
      vertex -169.443 -126.132 6
      vertex -170.803 -125.762 6
      vertex -170.645 -125.969 6
    endloop
  endfacet
  facet normal 0 0 1
    outer loop
      vertex -168.815 -122.421 6
      vertex -170.803 -125.762 6
      vertex -169.443 -126.132 6
    endloop
  endfacet
  facet normal 0 0 1
    outer loop
      vertex -168.556 -122.455 6
      vertex -168.815 -122.421 6
      vertex -169.443 -126.132 6
    endloop
  endfacet
  facet normal 0 -0 1
    outer loop
      vertex -170.803 -125.762 6
      vertex -169.422 -121.955 6
      vertex -179.307 -111.034 6
    endloop
  endfacet
  facet normal 0 0 1
    outer loop
      vertex -169.263 -122.162 6
      vertex -169.422 -121.955 6
      vertex -170.803 -125.762 6
    endloop
  endfacet
  facet normal 0 0 1
    outer loop
      vertex -169.056 -122.321 6
      vertex -169.263 -122.162 6
      vertex -170.803 -125.762 6
    endloop
  endfacet
  facet normal 0 -0 1
    outer loop
      vertex -179.307 -111.034 6
      vertex -178.941 -109.668 6
      vertex -179.406 -110.793 6
    endloop
  endfacet
  facet normal 0 0 1
    outer loop
      vertex -175.422 -110.977 6
      vertex -178.941 -109.668 6
      vertex -179.307 -111.034 6
    endloop
  endfacet
  facet normal 0 -0 1
    outer loop
      vertex -175.456 -111.236 6
      vertex -175.422 -110.977 6
      vertex -179.307 -111.034 6
    endloop
  endfacet
  facet normal 0 0 1
    outer loop
      vertex -178.941 -109.668 6
      vertex -179.441 -110.534 6
      vertex -179.406 -110.793 6
    endloop
  endfacet
  facet normal -0 0 1
    outer loop
      vertex -179.406 -110.275 6
      vertex -179.441 -110.534 6
      vertex -178.941 -109.668 6
    endloop
  endfacet
  facet normal -0 0 1
    outer loop
      vertex -179.307 -110.034 6
      vertex -179.406 -110.275 6
      vertex -178.941 -109.668 6
    endloop
  endfacet
  facet normal 0 0 1
    outer loop
      vertex -178.941 -109.668 6
      vertex -179.148 -109.827 6
      vertex -179.307 -110.034 6
    endloop
  endfacet
  facet normal -0 0 1
    outer loop
      vertex -178.941 -109.668 6
      vertex -174.956 -110.37 6
      vertex -166.61 -102.549 6
    endloop
  endfacet
  facet normal 0 -0 1
    outer loop
      vertex -175.163 -110.528 6
      vertex -174.956 -110.37 6
      vertex -178.941 -109.668 6
    endloop
  endfacet
  facet normal 0 -0 1
    outer loop
      vertex -175.322 -110.736 6
      vertex -175.163 -110.528 6
      vertex -178.941 -109.668 6
    endloop
  endfacet
  facet normal -0 0 1
    outer loop
      vertex -166.61 -102.549 6
      vertex -164.237 -104.336 6
      vertex -163.848 -101.012 6
    endloop
  endfacet
  facet normal 0 -0 1
    outer loop
      vertex -164.496 -104.37 6
      vertex -164.237 -104.336 6
      vertex -166.61 -102.549 6
    endloop
  endfacet
  facet normal 0 -0 1
    outer loop
      vertex -164.737 -104.47 6
      vertex -164.496 -104.37 6
      vertex -166.61 -102.549 6
    endloop
  endfacet
  facet normal -0 0 1
    outer loop
      vertex -163.848 -101.012 6
      vertex -156.051 -101.803 6
      vertex -161.038 -99.5628 6
    endloop
  endfacet
  facet normal 0 -0 1
    outer loop
      vertex -163.53 -104.628 6
      vertex -156.051 -101.803 6
      vertex -163.848 -101.012 6
    endloop
  endfacet
  facet normal -0 -0 1
    outer loop
      vertex -163.737 -104.47 6
      vertex -163.53 -104.628 6
      vertex -163.848 -101.012 6
    endloop
  endfacet
  facet normal -0 0 1
    outer loop
      vertex -161.038 -99.5628 6
      vertex -155.951 -101.045 6
      vertex -158.185 -98.2033 6
    endloop
  endfacet
  facet normal 0 -0 1
    outer loop
      vertex -156.051 -101.286 6
      vertex -155.951 -101.045 6
      vertex -161.038 -99.5628 6
    endloop
  endfacet
  facet normal 0 -0 1
    outer loop
      vertex -156.085 -101.545 6
      vertex -156.051 -101.286 6
      vertex -161.038 -99.5628 6
    endloop
  endfacet
  facet normal -0 0 1
    outer loop
      vertex -158.185 -98.2033 6
      vertex -155.344 -100.579 6
      vertex -149.934 -94.4317 6
    endloop
  endfacet
  facet normal 0 -0 1
    outer loop
      vertex -155.585 -100.679 6
      vertex -155.344 -100.579 6
      vertex -158.185 -98.2033 6
    endloop
  endfacet
  facet normal 0 -0 1
    outer loop
      vertex -155.792 -100.838 6
      vertex -155.585 -100.679 6
      vertex -158.185 -98.2033 6
    endloop
  endfacet
  facet normal 0 0 1
    outer loop
      vertex -143.946 -97.5247 6
      vertex -149.934 -94.4317 6
      vertex -155.344 -100.579 6
    endloop
  endfacet
  facet normal 0 0 1
    outer loop
      vertex -149.544 -94.1962 6
      vertex -149.934 -94.4317 6
      vertex -143.946 -97.5247 6
    endloop
  endfacet
  facet normal 0 0 1
    outer loop
      vertex -149.217 -93.8785 6
      vertex -149.544 -94.1962 6
      vertex -143.946 -97.5247 6
    endloop
  endfacet
  facet normal 0 0 1
    outer loop
      vertex -143.946 -97.5247 6
      vertex -148.97 -93.4949 6
      vertex -149.217 -93.8785 6
    endloop
  endfacet
  facet normal 0 0 1
    outer loop
      vertex -144.665 -91.2976 6
      vertex -148.97 -93.4949 6
      vertex -143.946 -97.5247 6
    endloop
  endfacet
  facet normal 0 0 1
    outer loop
      vertex -143.687 -97.4906 6
      vertex -144.665 -91.2976 6
      vertex -143.946 -97.5247 6
    endloop
  endfacet
  facet normal 0 0 1
    outer loop
      vertex -143.428 -97.5247 6
      vertex -144.665 -91.2976 6
      vertex -143.687 -97.4906 6
    endloop
  endfacet
  facet normal 0 0 1
    outer loop
      vertex -143.187 -97.6246 6
      vertex -144.665 -91.2976 6
      vertex -143.428 -97.5247 6
    endloop
  endfacet
  facet normal 0 0 1
    outer loop
      vertex -144.665 -91.2976 6
      vertex -148.817 -93.0656 6
      vertex -148.97 -93.4949 6
    endloop
  endfacet
  facet normal 0 0 1
    outer loop
      vertex -144.924 -91.2635 6
      vertex -148.817 -93.0656 6
      vertex -144.665 -91.2976 6
    endloop
  endfacet
  facet normal -0 0 1
    outer loop
      vertex -148.765 -92.6128 6
      vertex -148.817 -93.0656 6
      vertex -144.924 -91.2635 6
    endloop
  endfacet
  facet normal 0 0 1
    outer loop
      vertex -145.165 -91.1636 6
      vertex -148.765 -92.6128 6
      vertex -144.924 -91.2635 6
    endloop
  endfacet
  facet normal 0 0 1
    outer loop
      vertex -145.372 -91.0047 6
      vertex -148.765 -92.6128 6
      vertex -145.165 -91.1636 6
    endloop
  endfacet
  facet normal 0 0 1
    outer loop
      vertex -145.531 -90.7976 6
      vertex -148.765 -92.6128 6
      vertex -145.372 -91.0047 6
    endloop
  endfacet
  facet normal 0 0 1
    outer loop
      vertex -145.631 -90.5564 6
      vertex -148.765 -92.6128 6
      vertex -145.531 -90.7976 6
    endloop
  endfacet
  facet normal 0 0 1
    outer loop
      vertex -145.665 -90.2976 6
      vertex -148.765 -92.6128 6
      vertex -145.631 -90.5564 6
    endloop
  endfacet
  facet normal 0 0 1
    outer loop
      vertex -145.665 -78.4976 6
      vertex -148.765 -92.6128 6
      vertex -145.665 -90.2976 6
    endloop
  endfacet
  facet normal 0 0 1
    outer loop
      vertex -145.665 -73.2976 6
      vertex -148.765 -92.6128 6
      vertex -145.665 -78.4976 6
    endloop
  endfacet
  facet normal 0 0 1
    outer loop
      vertex -145.631 -78.2388 6
      vertex -145.665 -73.2976 6
      vertex -145.665 -78.4976 6
    endloop
  endfacet
  facet normal 0 0 1
    outer loop
      vertex -145.631 -73.5564 6
      vertex -145.665 -73.2976 6
      vertex -145.631 -78.2388 6
    endloop
  endfacet
  facet normal 0 0 1
    outer loop
      vertex -145.531 -73.7976 6
      vertex -145.631 -73.5564 6
      vertex -145.631 -78.2388 6
    endloop
  endfacet
  facet normal 0 0 1
    outer loop
      vertex -145.665 -61.4976 6
      vertex -148.765 -92.6128 6
      vertex -145.665 -73.2976 6
    endloop
  endfacet
  facet normal 0 0 1
    outer loop
      vertex -148.765 -41.8976 6
      vertex -148.765 -92.6128 6
      vertex -145.665 -61.4976 6
    endloop
  endfacet
  facet normal 0 0 1
    outer loop
      vertex -145.665 -56.2976 6
      vertex -148.765 -41.8976 6
      vertex -145.665 -61.4976 6
    endloop
  endfacet
  facet normal 0 0 1
    outer loop
      vertex -145.665 -44.4976 6
      vertex -148.765 -41.8976 6
      vertex -145.665 -56.2976 6
    endloop
  endfacet
  facet normal 0 0 1
    outer loop
      vertex -145.631 -44.2388 6
      vertex -148.765 -41.8976 6
      vertex -145.665 -44.4976 6
    endloop
  endfacet
  facet normal 0 0 1
    outer loop
      vertex -145.531 -43.9976 6
      vertex -148.765 -41.8976 6
      vertex -145.631 -44.2388 6
    endloop
  endfacet
  facet normal 0 0 1
    outer loop
      vertex -145.372 -43.7905 6
      vertex -148.765 -41.8976 6
      vertex -145.531 -43.9976 6
    endloop
  endfacet
  facet normal 0 0 1
    outer loop
      vertex -145.165 -43.6316 6
      vertex -148.765 -41.8976 6
      vertex -145.372 -43.7905 6
    endloop
  endfacet
  facet normal 0 0 1
    outer loop
      vertex -147.765 -40.8976 6
      vertex -148.765 -41.8976 6
      vertex -145.165 -43.6316 6
    endloop
  endfacet
  facet normal 0 0 1
    outer loop
      vertex -144.924 -43.5317 6
      vertex -147.765 -40.8976 6
      vertex -145.165 -43.6316 6
    endloop
  endfacet
  facet normal 0 0 1
    outer loop
      vertex -144.665 -43.4976 6
      vertex -147.765 -40.8976 6
      vertex -144.924 -43.5317 6
    endloop
  endfacet
  facet normal 0 0 1
    outer loop
      vertex -133.134 -40.8976 6
      vertex -147.765 -40.8976 6
      vertex -144.665 -43.4976 6
    endloop
  endfacet
  facet normal 0 0 1
    outer loop
      vertex -132.865 -43.4976 6
      vertex -133.134 -40.8976 6
      vertex -144.665 -43.4976 6
    endloop
  endfacet
  facet normal 0 0 1
    outer loop
      vertex -132.493 -40.8141 6
      vertex -133.134 -40.8976 6
      vertex -132.865 -43.4976 6
    endloop
  endfacet
  facet normal 0 -0 1
    outer loop
      vertex -132.607 -43.5317 6
      vertex -132.493 -40.8141 6
      vertex -132.865 -43.4976 6
    endloop
  endfacet
  facet normal 0 0 1
    outer loop
      vertex -132.365 -43.6316 6
      vertex -132.493 -40.8141 6
      vertex -132.607 -43.5317 6
    endloop
  endfacet
  facet normal 0 0 1
    outer loop
      vertex -131.895 -40.5691 6
      vertex -132.493 -40.8141 6
      vertex -132.365 -43.6316 6
    endloop
  endfacet
  facet normal 0 0 1
    outer loop
      vertex -127.665 -41.9476 6
      vertex -131.895 -40.5691 6
      vertex -132.365 -43.6316 6
    endloop
  endfacet
  facet normal 0 0 1
    outer loop
      vertex -127.631 -41.6888 6
      vertex -131.895 -40.5691 6
      vertex -127.665 -41.9476 6
    endloop
  endfacet
  facet normal 0 0 1
    outer loop
      vertex -131.38 -40.1792 6
      vertex -131.895 -40.5691 6
      vertex -127.631 -41.6888 6
    endloop
  endfacet
  facet normal 0 0 1
    outer loop
      vertex -127.531 -41.4476 6
      vertex -131.38 -40.1792 6
      vertex -127.631 -41.6888 6
    endloop
  endfacet
  facet normal 0 0 1
    outer loop
      vertex -130.982 -39.6702 6
      vertex -131.38 -40.1792 6
      vertex -127.531 -41.4476 6
    endloop
  endfacet
  facet normal 0 0 1
    outer loop
      vertex -127.372 -41.2405 6
      vertex -130.982 -39.6702 6
      vertex -127.531 -41.4476 6
    endloop
  endfacet
  facet normal 0 0 1
    outer loop
      vertex -127.165 -41.0816 6
      vertex -130.982 -39.6702 6
      vertex -127.372 -41.2405 6
    endloop
  endfacet
  facet normal 0 0 1
    outer loop
      vertex -130.728 -39.0761 6
      vertex -130.982 -39.6702 6
      vertex -127.165 -41.0816 6
    endloop
  endfacet
  facet normal 0 0 1
    outer loop
      vertex -129.765 -38.3476 6
      vertex -130.728 -39.0761 6
      vertex -127.165 -41.0816 6
    endloop
  endfacet
  facet normal -0 0 1
    outer loop
      vertex -130.626 -38.8385 6
      vertex -130.728 -39.0761 6
      vertex -129.765 -38.3476 6
    endloop
  endfacet
  facet normal -0 0 1
    outer loop
      vertex -130.467 -38.6349 6
      vertex -130.626 -38.8385 6
      vertex -129.765 -38.3476 6
    endloop
  endfacet
  facet normal 0 0 1
    outer loop
      vertex -147.765 -40.8976 6
      vertex -148.731 -41.6388 6
      vertex -148.765 -41.8976 6
    endloop
  endfacet
  facet normal -0 0 1
    outer loop
      vertex -148.631 -41.3976 6
      vertex -148.731 -41.6388 6
      vertex -147.765 -40.8976 6
    endloop
  endfacet
  facet normal -0 0 1
    outer loop
      vertex -148.473 -41.1905 6
      vertex -148.631 -41.3976 6
      vertex -147.765 -40.8976 6
    endloop
  endfacet
  facet normal 0 0 1
    outer loop
      vertex -147.765 -40.8976 6
      vertex -148.265 -41.0316 6
      vertex -148.473 -41.1905 6
    endloop
  endfacet
  facet normal -0 0 1
    outer loop
      vertex -148.024 -40.9317 6
      vertex -148.265 -41.0316 6
      vertex -147.765 -40.8976 6
    endloop
  endfacet
  facet normal 0 0 1
    outer loop
      vertex -129.765 -38.3476 6
      vertex -130.261 -38.479 6
      vertex -130.467 -38.6349 6
    endloop
  endfacet
  facet normal -0 0 1
    outer loop
      vertex -130.022 -38.381 6
      vertex -130.261 -38.479 6
      vertex -129.765 -38.3476 6
    endloop
  endfacet
  facet normal -0 0 1
    outer loop
      vertex -129.765 -38.3476 6
      vertex -126.665 -40.9476 6
      vertex -115.264 -38.3476 6
    endloop
  endfacet
  facet normal 0 -0 1
    outer loop
      vertex -126.924 -40.9817 6
      vertex -126.665 -40.9476 6
      vertex -129.765 -38.3476 6
    endloop
  endfacet
  facet normal 0 -0 1
    outer loop
      vertex -127.165 -41.0816 6
      vertex -126.924 -40.9817 6
      vertex -129.765 -38.3476 6
    endloop
  endfacet
  facet normal 0 0 1
    outer loop
      vertex -114.865 -40.9476 6
      vertex -115.264 -38.3476 6
      vertex -126.665 -40.9476 6
    endloop
  endfacet
  facet normal 0 0 1
    outer loop
      vertex -114.628 -38.2654 6
      vertex -115.264 -38.3476 6
      vertex -114.865 -40.9476 6
    endloop
  endfacet
  facet normal 0 0 1
    outer loop
      vertex -114.607 -40.9817 6
      vertex -114.628 -38.2654 6
      vertex -114.865 -40.9476 6
    endloop
  endfacet
  facet normal 0 0 1
    outer loop
      vertex -114.365 -41.0816 6
      vertex -114.628 -38.2654 6
      vertex -114.607 -40.9817 6
    endloop
  endfacet
  facet normal 0 0 1
    outer loop
      vertex -114.035 -38.0244 6
      vertex -114.628 -38.2654 6
      vertex -114.365 -41.0816 6
    endloop
  endfacet
  facet normal 0 0 1
    outer loop
      vertex -109.665 -38.5476 6
      vertex -114.035 -38.0244 6
      vertex -114.365 -41.0816 6
    endloop
  endfacet
  facet normal 0 0 1
    outer loop
      vertex -113.522 -37.6404 6
      vertex -114.035 -38.0244 6
      vertex -109.665 -38.5476 6
    endloop
  endfacet
  facet normal 0 0 1
    outer loop
      vertex -109.631 -38.2888 6
      vertex -113.522 -37.6404 6
      vertex -109.665 -38.5476 6
    endloop
  endfacet
  facet normal 0 0 1
    outer loop
      vertex -113.123 -37.1386 6
      vertex -113.522 -37.6404 6
      vertex -109.631 -38.2888 6
    endloop
  endfacet
  facet normal 0 0 1
    outer loop
      vertex -109.531 -38.0476 6
      vertex -113.123 -37.1386 6
      vertex -109.631 -38.2888 6
    endloop
  endfacet
  facet normal 0 0 1
    outer loop
      vertex -109.372 -37.8405 6
      vertex -113.123 -37.1386 6
      vertex -109.531 -38.0476 6
    endloop
  endfacet
  facet normal 0 0 1
    outer loop
      vertex -112.865 -36.5519 6
      vertex -113.123 -37.1386 6
      vertex -109.372 -37.8405 6
    endloop
  endfacet
  facet normal 0 0 1
    outer loop
      vertex -109.165 -37.6816 6
      vertex -112.865 -36.5519 6
      vertex -109.372 -37.8405 6
    endloop
  endfacet
  facet normal 0 0 1
    outer loop
      vertex -112.765 -35.919 6
      vertex -112.865 -36.5519 6
      vertex -109.165 -37.6816 6
    endloop
  endfacet
  facet normal 0 0 1
    outer loop
      vertex -111.765 -34.9476 6
      vertex -112.765 -35.919 6
      vertex -109.165 -37.6816 6
    endloop
  endfacet
  facet normal -0 0 1
    outer loop
      vertex -112.725 -35.6658 6
      vertex -112.765 -35.919 6
      vertex -111.765 -34.9476 6
    endloop
  endfacet
  facet normal -0 0 1
    outer loop
      vertex -112.622 -35.4312 6
      vertex -112.725 -35.6658 6
      vertex -111.765 -34.9476 6
    endloop
  endfacet
  facet normal 0 0 1
    outer loop
      vertex -111.765 -34.9476 6
      vertex -112.462 -35.2304 6
      vertex -112.622 -35.4312 6
    endloop
  endfacet
  facet normal -0 0 1
    outer loop
      vertex -112.257 -35.0768 6
      vertex -112.462 -35.2304 6
      vertex -111.765 -34.9476 6
    endloop
  endfacet
  facet normal -0 0 1
    outer loop
      vertex -112.02 -34.9804 6
      vertex -112.257 -35.0768 6
      vertex -111.765 -34.9476 6
    endloop
  endfacet
  facet normal -0 0 1
    outer loop
      vertex -111.765 -34.9476 6
      vertex -96.8654 -37.5476 6
      vertex -92.7508 -34.9476 6
    endloop
  endfacet
  facet normal 0 -0 1
    outer loop
      vertex -108.665 -37.5476 6
      vertex -96.8654 -37.5476 6
      vertex -111.765 -34.9476 6
    endloop
  endfacet
  facet normal 0 -0 1
    outer loop
      vertex -108.924 -37.5817 6
      vertex -108.665 -37.5476 6
      vertex -111.765 -34.9476 6
    endloop
  endfacet
  facet normal 0 0 1
    outer loop
      vertex -92.7508 -34.9476 6
      vertex -96.3654 -37.6816 6
      vertex -92.787 -37.4333 6
    endloop
  endfacet
  facet normal -0 0 1
    outer loop
      vertex -96.6066 -37.5817 6
      vertex -96.3654 -37.6816 6
      vertex -92.7508 -34.9476 6
    endloop
  endfacet
  facet normal -0 0 1
    outer loop
      vertex -96.8654 -37.5476 6
      vertex -96.6066 -37.5817 6
      vertex -92.7508 -34.9476 6
    endloop
  endfacet
  facet normal 0 0 1
    outer loop
      vertex -92.787 -37.4333 6
      vertex -95.9994 -38.0476 6
      vertex -92.7203 -38.0448 6
    endloop
  endfacet
  facet normal -0 0 1
    outer loop
      vertex -96.1583 -37.8405 6
      vertex -95.9994 -38.0476 6
      vertex -92.787 -37.4333 6
    endloop
  endfacet
  facet normal -0 0 1
    outer loop
      vertex -96.3654 -37.6816 6
      vertex -96.1583 -37.8405 6
      vertex -92.787 -37.4333 6
    endloop
  endfacet
  facet normal 0 0 1
    outer loop
      vertex -92.7203 -38.0448 6
      vertex -95.8654 -38.5476 6
      vertex -92.5063 -38.6214 6
    endloop
  endfacet
  facet normal -0 0 1
    outer loop
      vertex -95.8995 -38.2888 6
      vertex -95.8654 -38.5476 6
      vertex -92.7203 -38.0448 6
    endloop
  endfacet
  facet normal -0 0 1
    outer loop
      vertex -95.9994 -38.0476 6
      vertex -95.8995 -38.2888 6
      vertex -92.7203 -38.0448 6
    endloop
  endfacet
  facet normal 0 0 1
    outer loop
      vertex -95.8654 -38.5476 6
      vertex -92.158 -39.1283 6
      vertex -92.5063 -38.6214 6
    endloop
  endfacet
  facet normal 0 0 1
    outer loop
      vertex -91.6964 -39.5348 6
      vertex -92.158 -39.1283 6
      vertex -95.8654 -38.5476 6
    endloop
  endfacet
  facet normal 0 0 1
    outer loop
      vertex -95.8654 -50.3476 6
      vertex -91.6964 -39.5348 6
      vertex -95.8654 -38.5476 6
    endloop
  endfacet
  facet normal 0 0 1
    outer loop
      vertex -88.7068 -43.6936 6
      vertex -91.6964 -39.5348 6
      vertex -95.8654 -50.3476 6
    endloop
  endfacet
  facet normal 0 -0 1
    outer loop
      vertex -92.7654 -51.3476 6
      vertex -88.7068 -43.6936 6
      vertex -95.8654 -50.3476 6
    endloop
  endfacet
  facet normal 0 -0 1
    outer loop
      vertex -92.4807 -51.3851 6
      vertex -88.7068 -43.6936 6
      vertex -92.7654 -51.3476 6
    endloop
  endfacet
  facet normal 0 -0 1
    outer loop
      vertex -92.2154 -51.4949 6
      vertex -88.7068 -43.6936 6
      vertex -92.4807 -51.3851 6
    endloop
  endfacet
  facet normal 0 -0 1
    outer loop
      vertex -91.9876 -51.6698 6
      vertex -88.7068 -43.6936 6
      vertex -92.2154 -51.4949 6
    endloop
  endfacet
  facet normal 0 -0 1
    outer loop
      vertex -91.8128 -51.8976 6
      vertex -88.7068 -43.6936 6
      vertex -91.9876 -51.6698 6
    endloop
  endfacet
  facet normal 0 -0 1
    outer loop
      vertex -91.7029 -52.1629 6
      vertex -88.7068 -43.6936 6
      vertex -91.8128 -51.8976 6
    endloop
  endfacet
  facet normal 0 -0 1
    outer loop
      vertex -89.53 -55.4649 6
      vertex -88.7068 -43.6936 6
      vertex -91.7029 -52.1629 6
    endloop
  endfacet
  facet normal -0 -0 1
    outer loop
      vertex -91.6654 -52.4476 6
      vertex -89.53 -55.4649 6
      vertex -91.7029 -52.1629 6
    endloop
  endfacet
  facet normal -0 0 1
    outer loop
      vertex -91.7029 -52.7323 6
      vertex -89.53 -55.4649 6
      vertex -91.6654 -52.4476 6
    endloop
  endfacet
  facet normal -0 0 1
    outer loop
      vertex -91.8128 -52.9976 6
      vertex -89.53 -55.4649 6
      vertex -91.7029 -52.7323 6
    endloop
  endfacet
  facet normal -0 0 1
    outer loop
      vertex -91.9876 -53.2254 6
      vertex -89.53 -55.4649 6
      vertex -91.8128 -52.9976 6
    endloop
  endfacet
  facet normal -0 0 1
    outer loop
      vertex -92.2154 -53.4002 6
      vertex -89.53 -55.4649 6
      vertex -91.9876 -53.2254 6
    endloop
  endfacet
  facet normal -0 0 1
    outer loop
      vertex -92.4807 -53.5101 6
      vertex -89.53 -55.4649 6
      vertex -92.2154 -53.4002 6
    endloop
  endfacet
  facet normal -0 0 1
    outer loop
      vertex -92.7654 -53.5476 6
      vertex -89.53 -55.4649 6
      vertex -92.4807 -53.5101 6
    endloop
  endfacet
  facet normal 0 0 1
    outer loop
      vertex -89.514 -55.7254 6
      vertex -89.53 -55.4649 6
      vertex -92.7654 -53.5476 6
    endloop
  endfacet
  facet normal -0 0 1
    outer loop
      vertex -95.8654 -55.5476 6
      vertex -89.514 -55.7254 6
      vertex -92.7654 -53.5476 6
    endloop
  endfacet
  facet normal 0 0 1
    outer loop
      vertex -89.4312 -55.973 6
      vertex -89.514 -55.7254 6
      vertex -95.8654 -55.5476 6
    endloop
  endfacet
  facet normal 0 0 1
    outer loop
      vertex -89.2871 -56.1907 6
      vertex -89.4312 -55.973 6
      vertex -95.8654 -55.5476 6
    endloop
  endfacet
  facet normal 0 0 1
    outer loop
      vertex -88.7068 -43.6936 6
      vertex -91.1496 -39.8164 6
      vertex -91.6964 -39.5348 6
    endloop
  endfacet
  facet normal 0 0 1
    outer loop
      vertex -88.6548 -43.4378 6
      vertex -91.1496 -39.8164 6
      vertex -88.7068 -43.6936 6
    endloop
  endfacet
  facet normal 0 0 1
    outer loop
      vertex -88.5383 -43.2042 6
      vertex -91.1496 -39.8164 6
      vertex -88.6548 -43.4378 6
    endloop
  endfacet
  facet normal 0 0 1
    outer loop
      vertex -90.5506 -39.9559 6
      vertex -91.1496 -39.8164 6
      vertex -88.5383 -43.2042 6
    endloop
  endfacet
  facet normal 0 0 1
    outer loop
      vertex -88.3653 -43.0086 6
      vertex -90.5506 -39.9559 6
      vertex -88.5383 -43.2042 6
    endloop
  endfacet
  facet normal 0 0 1
    outer loop
      vertex -88.1476 -42.8646 6
      vertex -90.5506 -39.9559 6
      vertex -88.3653 -43.0086 6
    endloop
  endfacet
  facet normal 0 0 1
    outer loop
      vertex -87.9001 -42.7817 6
      vertex -90.5506 -39.9559 6
      vertex -88.1476 -42.8646 6
    endloop
  endfacet
  facet normal -0 0 1
    outer loop
      vertex -114.865 -54.7476 6
      vertex -114.607 -57.9817 6
      vertex -114.607 -54.7135 6
    endloop
  endfacet
  facet normal -0 0 1
    outer loop
      vertex -114.865 -57.9476 6
      vertex -114.607 -57.9817 6
      vertex -114.865 -54.7476 6
    endloop
  endfacet
  facet normal 0 0 1
    outer loop
      vertex -126.665 -57.9476 6
      vertex -114.865 -57.9476 6
      vertex -114.865 -54.7476 6
    endloop
  endfacet
  facet normal 0 0 1
    outer loop
      vertex -114.365 -58.0816 6
      vertex -114.607 -54.7135 6
      vertex -114.607 -57.9817 6
    endloop
  endfacet
  facet normal 0 0 1
    outer loop
      vertex -114.365 -54.6136 6
      vertex -114.607 -54.7135 6
      vertex -114.365 -58.0816 6
    endloop
  endfacet
  facet normal 0 0 1
    outer loop
      vertex -109.665 -55.5476 6
      vertex -114.365 -54.6136 6
      vertex -114.365 -58.0816 6
    endloop
  endfacet
  facet normal 0 0 1
    outer loop
      vertex -114.158 -54.4547 6
      vertex -114.365 -54.6136 6
      vertex -109.665 -55.5476 6
    endloop
  endfacet
  facet normal 0 0 1
    outer loop
      vertex -109.631 -55.2888 6
      vertex -114.158 -54.4547 6
      vertex -109.665 -55.5476 6
    endloop
  endfacet
  facet normal 0 0 1
    outer loop
      vertex -113.999 -54.2476 6
      vertex -114.158 -54.4547 6
      vertex -109.631 -55.2888 6
    endloop
  endfacet
  facet normal 0 0 1
    outer loop
      vertex -109.531 -55.0476 6
      vertex -113.999 -54.2476 6
      vertex -109.631 -55.2888 6
    endloop
  endfacet
  facet normal 0 0 1
    outer loop
      vertex -113.899 -54.0064 6
      vertex -113.999 -54.2476 6
      vertex -109.531 -55.0476 6
    endloop
  endfacet
  facet normal 0 0 1
    outer loop
      vertex -109.372 -54.8405 6
      vertex -113.899 -54.0064 6
      vertex -109.531 -55.0476 6
    endloop
  endfacet
  facet normal 0 0 1
    outer loop
      vertex -113.865 -53.7476 6
      vertex -113.899 -54.0064 6
      vertex -109.372 -54.8405 6
    endloop
  endfacet
  facet normal 0 0 1
    outer loop
      vertex -109.165 -54.6816 6
      vertex -113.865 -53.7476 6
      vertex -109.372 -54.8405 6
    endloop
  endfacet
  facet normal 0 0 1
    outer loop
      vertex -109.165 -51.2136 6
      vertex -113.865 -53.7476 6
      vertex -109.165 -54.6816 6
    endloop
  endfacet
  facet normal 0 0 1
    outer loop
      vertex -108.924 -51.3135 6
      vertex -109.165 -51.2136 6
      vertex -109.165 -54.6816 6
    endloop
  endfacet
  facet normal 0 0 1
    outer loop
      vertex -113.865 -53.7476 6
      vertex -109.665 -50.3476 6
      vertex -113.865 -41.9476 6
    endloop
  endfacet
  facet normal 0 0 1
    outer loop
      vertex -109.631 -50.6064 6
      vertex -109.665 -50.3476 6
      vertex -113.865 -53.7476 6
    endloop
  endfacet
  facet normal 0 0 1
    outer loop
      vertex -109.531 -50.8476 6
      vertex -109.631 -50.6064 6
      vertex -113.865 -53.7476 6
    endloop
  endfacet
  facet normal 0 0 1
    outer loop
      vertex -109.665 -38.5476 6
      vertex -113.865 -41.9476 6
      vertex -109.665 -50.3476 6
    endloop
  endfacet
  facet normal -0 0 1
    outer loop
      vertex -113.899 -41.6888 6
      vertex -113.865 -41.9476 6
      vertex -109.665 -38.5476 6
    endloop
  endfacet
  facet normal -0 0 1
    outer loop
      vertex -113.999 -41.4476 6
      vertex -113.899 -41.6888 6
      vertex -109.665 -38.5476 6
    endloop
  endfacet
  facet normal 0 0 1
    outer loop
      vertex -109.665 -38.5476 6
      vertex -114.158 -41.2405 6
      vertex -113.999 -41.4476 6
    endloop
  endfacet
  facet normal -0 0 1
    outer loop
      vertex -114.365 -41.0816 6
      vertex -114.158 -41.2405 6
      vertex -109.665 -38.5476 6
    endloop
  endfacet
  facet normal 0 0 1
    outer loop
      vertex -127.665 -41.9476 6
      vertex -131.865 -44.4976 6
      vertex -127.665 -53.7476 6
    endloop
  endfacet
  facet normal -0 0 1
    outer loop
      vertex -131.899 -44.2388 6
      vertex -131.865 -44.4976 6
      vertex -127.665 -41.9476 6
    endloop
  endfacet
  facet normal -0 0 1
    outer loop
      vertex -131.999 -43.9976 6
      vertex -131.899 -44.2388 6
      vertex -127.665 -41.9476 6
    endloop
  endfacet
  facet normal 0 0 1
    outer loop
      vertex -127.665 -53.7476 6
      vertex -129.4 -55.25 6
      vertex -127.631 -54.0064 6
    endloop
  endfacet
  facet normal 0 0 1
    outer loop
      vertex -129.685 -55.2875 6
      vertex -129.4 -55.25 6
      vertex -127.665 -53.7476 6
    endloop
  endfacet
  facet normal 0 0 1
    outer loop
      vertex -129.95 -55.3974 6
      vertex -129.685 -55.2875 6
      vertex -127.665 -53.7476 6
    endloop
  endfacet
  facet normal 0 -0 1
    outer loop
      vertex -129.115 -55.2875 6
      vertex -127.631 -54.0064 6
      vertex -129.4 -55.25 6
    endloop
  endfacet
  facet normal 0 0 1
    outer loop
      vertex -127.531 -54.2476 6
      vertex -127.631 -54.0064 6
      vertex -129.115 -55.2875 6
    endloop
  endfacet
  facet normal 0 -0 1
    outer loop
      vertex -128.85 -55.3974 6
      vertex -127.531 -54.2476 6
      vertex -129.115 -55.2875 6
    endloop
  endfacet
  facet normal 0 0 1
    outer loop
      vertex -127.372 -54.4547 6
      vertex -127.531 -54.2476 6
      vertex -128.85 -55.3974 6
    endloop
  endfacet
  facet normal 0 -0 1
    outer loop
      vertex -128.622 -55.5722 6
      vertex -127.372 -54.4547 6
      vertex -128.85 -55.3974 6
    endloop
  endfacet
  facet normal 0 0 1
    outer loop
      vertex -127.165 -54.6136 6
      vertex -127.372 -54.4547 6
      vertex -128.622 -55.5722 6
    endloop
  endfacet
  facet normal 0 -0 1
    outer loop
      vertex -128.447 -55.8 6
      vertex -127.165 -54.6136 6
      vertex -128.622 -55.5722 6
    endloop
  endfacet
  facet normal 0 0 1
    outer loop
      vertex -126.924 -54.7135 6
      vertex -127.165 -54.6136 6
      vertex -128.447 -55.8 6
    endloop
  endfacet
  facet normal 0 -0 1
    outer loop
      vertex -128.337 -56.0653 6
      vertex -126.924 -54.7135 6
      vertex -128.447 -55.8 6
    endloop
  endfacet
  facet normal 0 0 1
    outer loop
      vertex -126.665 -54.7476 6
      vertex -126.924 -54.7135 6
      vertex -128.337 -56.0653 6
    endloop
  endfacet
  facet normal 0 -0 1
    outer loop
      vertex -128.3 -56.35 6
      vertex -126.665 -54.7476 6
      vertex -128.337 -56.0653 6
    endloop
  endfacet
  facet normal 0 -0 1
    outer loop
      vertex -126.665 -57.9476 6
      vertex -126.665 -54.7476 6
      vertex -128.3 -56.35 6
    endloop
  endfacet
  facet normal -0 0 1
    outer loop
      vertex -128.337 -56.6347 6
      vertex -126.665 -57.9476 6
      vertex -128.3 -56.35 6
    endloop
  endfacet
  facet normal 0 -0 1
    outer loop
      vertex -126.924 -57.9817 6
      vertex -126.665 -57.9476 6
      vertex -128.337 -56.6347 6
    endloop
  endfacet
  facet normal -0 0 1
    outer loop
      vertex -128.447 -56.9 6
      vertex -126.924 -57.9817 6
      vertex -128.337 -56.6347 6
    endloop
  endfacet
  facet normal 0 -0 1
    outer loop
      vertex -127.165 -58.0816 6
      vertex -126.924 -57.9817 6
      vertex -128.447 -56.9 6
    endloop
  endfacet
  facet normal -0 0 1
    outer loop
      vertex -128.622 -57.1278 6
      vertex -127.165 -58.0816 6
      vertex -128.447 -56.9 6
    endloop
  endfacet
  facet normal 0 -0 1
    outer loop
      vertex -127.372 -58.2405 6
      vertex -127.165 -58.0816 6
      vertex -128.622 -57.1278 6
    endloop
  endfacet
  facet normal -0 0 1
    outer loop
      vertex -128.85 -57.3026 6
      vertex -127.372 -58.2405 6
      vertex -128.622 -57.1278 6
    endloop
  endfacet
  facet normal 0 -0 1
    outer loop
      vertex -127.531 -58.4476 6
      vertex -127.372 -58.2405 6
      vertex -128.85 -57.3026 6
    endloop
  endfacet
  facet normal -0 0 1
    outer loop
      vertex -129.115 -57.4125 6
      vertex -127.531 -58.4476 6
      vertex -128.85 -57.3026 6
    endloop
  endfacet
  facet normal 0 -0 1
    outer loop
      vertex -127.631 -58.6888 6
      vertex -127.531 -58.4476 6
      vertex -129.115 -57.4125 6
    endloop
  endfacet
  facet normal -0 0 1
    outer loop
      vertex -129.4 -57.45 6
      vertex -127.631 -58.6888 6
      vertex -129.115 -57.4125 6
    endloop
  endfacet
  facet normal 0 -0 1
    outer loop
      vertex -127.665 -58.9476 6
      vertex -127.631 -58.6888 6
      vertex -129.4 -57.45 6
    endloop
  endfacet
  facet normal 0 0 1
    outer loop
      vertex -129.685 -57.4125 6
      vertex -127.665 -58.9476 6
      vertex -129.4 -57.45 6
    endloop
  endfacet
  facet normal 0 0 1
    outer loop
      vertex -132.365 -60.6316 6
      vertex -127.665 -58.9476 6
      vertex -129.685 -57.4125 6
    endloop
  endfacet
  facet normal 0 0 1
    outer loop
      vertex -129.95 -57.3026 6
      vertex -132.365 -60.6316 6
      vertex -129.685 -57.4125 6
    endloop
  endfacet
  facet normal -0 0 1
    outer loop
      vertex -132.607 -60.5317 6
      vertex -132.365 -60.6316 6
      vertex -129.95 -57.3026 6
    endloop
  endfacet
  facet normal 0 0 1
    outer loop
      vertex -132.607 -57.2635 6
      vertex -132.607 -60.5317 6
      vertex -129.95 -57.3026 6
    endloop
  endfacet
  facet normal -0 0 1
    outer loop
      vertex -132.865 -57.2976 6
      vertex -132.607 -60.5317 6
      vertex -132.607 -57.2635 6
    endloop
  endfacet
  facet normal -0 0 1
    outer loop
      vertex -132.865 -60.4976 6
      vertex -132.607 -60.5317 6
      vertex -132.865 -57.2976 6
    endloop
  endfacet
  facet normal 0 0 1
    outer loop
      vertex -144.665 -60.4976 6
      vertex -132.865 -60.4976 6
      vertex -132.865 -57.2976 6
    endloop
  endfacet
  facet normal 0 0 1
    outer loop
      vertex -126.665 -57.9476 6
      vertex -114.865 -54.7476 6
      vertex -126.665 -54.7476 6
    endloop
  endfacet
  facet normal -0 0 1
    outer loop
      vertex -76.8309 -57.3553 6
      vertex -77.0541 -60.5475 6
      vertex -76.5703 -57.3394 6
    endloop
  endfacet
  facet normal -0 0 1
    outer loop
      vertex -88.8254 -59.7244 6
      vertex -77.0541 -60.5475 6
      vertex -76.8309 -57.3553 6
    endloop
  endfacet
  facet normal 0 0 1
    outer loop
      vertex -88.6021 -56.5322 6
      vertex -88.8254 -59.7244 6
      vertex -76.8309 -57.3553 6
    endloop
  endfacet
  facet normal 0 0 1
    outer loop
      vertex -89.0859 -59.7403 6
      vertex -88.8254 -59.7244 6
      vertex -88.6021 -56.5322 6
    endloop
  endfacet
  facet normal 0 0 1
    outer loop
      vertex -88.858 -56.4801 6
      vertex -89.0859 -59.7403 6
      vertex -88.6021 -56.5322 6
    endloop
  endfacet
  facet normal 0 0 1
    outer loop
      vertex -89.3335 -59.8231 6
      vertex -89.0859 -59.7403 6
      vertex -88.858 -56.4801 6
    endloop
  endfacet
  facet normal 0 0 1
    outer loop
      vertex -89.0916 -56.3636 6
      vertex -89.3335 -59.8231 6
      vertex -88.858 -56.4801 6
    endloop
  endfacet
  facet normal 0 0 1
    outer loop
      vertex -89.5512 -59.9672 6
      vertex -89.3335 -59.8231 6
      vertex -89.0916 -56.3636 6
    endloop
  endfacet
  facet normal 0 0 1
    outer loop
      vertex -89.2871 -56.1907 6
      vertex -89.5512 -59.9672 6
      vertex -89.0916 -56.3636 6
    endloop
  endfacet
  facet normal 0 0 1
    outer loop
      vertex -95.8654 -55.5476 6
      vertex -89.5512 -59.9672 6
      vertex -89.2871 -56.1907 6
    endloop
  endfacet
  facet normal 0 -0 1
    outer loop
      vertex -76.7983 -60.5995 6
      vertex -76.5703 -57.3394 6
      vertex -77.0541 -60.5475 6
    endloop
  endfacet
  facet normal 0 0 1
    outer loop
      vertex -76.3228 -57.2565 6
      vertex -76.5703 -57.3394 6
      vertex -76.7983 -60.5995 6
    endloop
  endfacet
  facet normal 0 -0 1
    outer loop
      vertex -76.5647 -60.716 6
      vertex -76.3228 -57.2565 6
      vertex -76.7983 -60.5995 6
    endloop
  endfacet
  facet normal 0 0 1
    outer loop
      vertex -76.1051 -57.1124 6
      vertex -76.3228 -57.2565 6
      vertex -76.5647 -60.716 6
    endloop
  endfacet
  facet normal 0 -0 1
    outer loop
      vertex -76.3692 -60.889 6
      vertex -76.1051 -57.1124 6
      vertex -76.5647 -60.716 6
    endloop
  endfacet
  facet normal 0 0 1
    outer loop
      vertex -75.9321 -56.9169 6
      vertex -76.1051 -57.1124 6
      vertex -76.3692 -60.889 6
    endloop
  endfacet
  facet normal 0 -0 1
    outer loop
      vertex -76.2251 -61.1067 6
      vertex -75.9321 -56.9169 6
      vertex -76.3692 -60.889 6
    endloop
  endfacet
  facet normal 0 0 1
    outer loop
      vertex -70.0371 -63.6577 6
      vertex -75.9321 -56.9169 6
      vertex -76.2251 -61.1067 6
    endloop
  endfacet
  facet normal -0 -0 1
    outer loop
      vertex -76.1422 -61.3543 6
      vertex -70.0371 -63.6577 6
      vertex -76.2251 -61.1067 6
    endloop
  endfacet
  facet normal -0 -0 1
    outer loop
      vertex -76.1263 -61.6148 6
      vertex -70.0371 -63.6577 6
      vertex -76.1422 -61.3543 6
    endloop
  endfacet
  facet normal 0 -0 1
    outer loop
      vertex -70.0394 -63.9187 6
      vertex -70.0371 -63.6577 6
      vertex -76.1263 -61.6148 6
    endloop
  endfacet
  facet normal 0 0 1
    outer loop
      vertex -69.974 -64.1715 6
      vertex -70.0394 -63.9187 6
      vertex -76.1263 -61.6148 6
    endloop
  endfacet
  facet normal 0 0 1
    outer loop
      vertex -70.0371 -63.6577 6
      vertex -75.8156 -56.6833 6
      vertex -75.9321 -56.9169 6
    endloop
  endfacet
  facet normal 0 0 1
    outer loop
      vertex -68.3949 -51.9725 6
      vertex -75.8156 -56.6833 6
      vertex -70.0371 -63.6577 6
    endloop
  endfacet
  facet normal -0 0 1
    outer loop
      vertex -75.7636 -56.4275 6
      vertex -75.8156 -56.6833 6
      vertex -68.3949 -51.9725 6
    endloop
  endfacet
  facet normal 0 0 1
    outer loop
      vertex -71.4862 -41.289 6
      vertex -75.6124 -43.641 6
      vertex -75.3788 -43.7574 6
    endloop
  endfacet
  facet normal -0 0 1
    outer loop
      vertex -75.8683 -43.5889 6
      vertex -75.6124 -43.641 6
      vertex -71.4862 -41.289 6
    endloop
  endfacet
  facet normal -0 0 1
    outer loop
      vertex -96.8654 -68.3476 6
      vertex -96.6066 -71.5816 6
      vertex -96.6066 -68.3135 6
    endloop
  endfacet
  facet normal -0 0 1
    outer loop
      vertex -96.8654 -71.5476 6
      vertex -96.6066 -71.5816 6
      vertex -96.8654 -68.3476 6
    endloop
  endfacet
  facet normal 0 0 1
    outer loop
      vertex -108.665 -71.5476 6
      vertex -96.8654 -71.5476 6
      vertex -96.8654 -68.3476 6
    endloop
  endfacet
  facet normal 0 0 1
    outer loop
      vertex -96.6066 -71.5816 6
      vertex -96.3654 -68.2136 6
      vertex -96.6066 -68.3135 6
    endloop
  endfacet
  facet normal 0 -0 1
    outer loop
      vertex -96.3654 -71.6815 6
      vertex -96.3654 -68.2136 6
      vertex -96.6066 -71.5816 6
    endloop
  endfacet
  facet normal 0 0 1
    outer loop
      vertex -96.1583 -68.0547 6
      vertex -96.3654 -68.2136 6
      vertex -96.3654 -71.6815 6
    endloop
  endfacet
  facet normal 0 -0 1
    outer loop
      vertex -96.1583 -71.8405 6
      vertex -96.1583 -68.0547 6
      vertex -96.3654 -71.6815 6
    endloop
  endfacet
  facet normal 0 0 1
    outer loop
      vertex -90.7158 -72.4234 6
      vertex -96.1583 -68.0547 6
      vertex -96.1583 -71.8405 6
    endloop
  endfacet
  facet normal -0 -0 1
    outer loop
      vertex -95.9994 -72.0476 6
      vertex -90.7158 -72.4234 6
      vertex -96.1583 -71.8405 6
    endloop
  endfacet
  facet normal -0 -0 1
    outer loop
      vertex -95.8995 -72.2888 6
      vertex -90.7158 -72.4234 6
      vertex -95.9994 -72.0476 6
    endloop
  endfacet
  facet normal 0 -0 1
    outer loop
      vertex -95.8654 -72.5476 6
      vertex -90.7158 -72.4234 6
      vertex -95.8995 -72.2888 6
    endloop
  endfacet
  facet normal 0 0 1
    outer loop
      vertex -90.6999 -72.684 6
      vertex -90.7158 -72.4234 6
      vertex -95.8654 -72.5476 6
    endloop
  endfacet
  facet normal 0 0 1
    outer loop
      vertex -90.6171 -72.9316 6
      vertex -90.6999 -72.684 6
      vertex -95.8654 -72.5476 6
    endloop
  endfacet
  facet normal 0 0 1
    outer loop
      vertex -90.7158 -72.4234 6
      vertex -95.9994 -67.8476 6
      vertex -96.1583 -68.0547 6
    endloop
  endfacet
  facet normal 0 0 1
    outer loop
      vertex -95.8995 -67.6064 6
      vertex -95.9994 -67.8476 6
      vertex -90.7158 -72.4234 6
    endloop
  endfacet
  facet normal 0 0 1
    outer loop
      vertex -95.8654 -67.3476 6
      vertex -95.8995 -67.6064 6
      vertex -90.7158 -72.4234 6
    endloop
  endfacet
  facet normal 0 0 1
    outer loop
      vertex -89.8927 -60.6522 6
      vertex -95.8654 -67.3476 6
      vertex -90.7158 -72.4234 6
    endloop
  endfacet
  facet normal 0 0 1
    outer loop
      vertex -95.8654 -55.5476 6
      vertex -95.8654 -67.3476 6
      vertex -89.8927 -60.6522 6
    endloop
  endfacet
  facet normal 0 0 1
    outer loop
      vertex -89.8406 -60.3964 6
      vertex -95.8654 -55.5476 6
      vertex -89.8927 -60.6522 6
    endloop
  endfacet
  facet normal 0 0 1
    outer loop
      vertex -89.7242 -60.1627 6
      vertex -95.8654 -55.5476 6
      vertex -89.8406 -60.3964 6
    endloop
  endfacet
  facet normal 0 0 1
    outer loop
      vertex -89.5512 -59.9672 6
      vertex -95.8654 -55.5476 6
      vertex -89.7242 -60.1627 6
    endloop
  endfacet
  facet normal 0 0 1
    outer loop
      vertex -93.0501 -53.5101 6
      vertex -95.8654 -55.5476 6
      vertex -92.7654 -53.5476 6
    endloop
  endfacet
  facet normal -0 0 1
    outer loop
      vertex -95.8995 -55.2888 6
      vertex -95.8654 -55.5476 6
      vertex -93.0501 -53.5101 6
    endloop
  endfacet
  facet normal -0 0 1
    outer loop
      vertex -95.9994 -55.0476 6
      vertex -95.8995 -55.2888 6
      vertex -93.0501 -53.5101 6
    endloop
  endfacet
  facet normal 0 0 1
    outer loop
      vertex -93.3154 -53.4002 6
      vertex -95.9994 -55.0476 6
      vertex -93.0501 -53.5101 6
    endloop
  endfacet
  facet normal -0 0 1
    outer loop
      vertex -96.1583 -54.8405 6
      vertex -95.9994 -55.0476 6
      vertex -93.3154 -53.4002 6
    endloop
  endfacet
  facet normal 0 0 1
    outer loop
      vertex -93.5432 -53.2254 6
      vertex -96.1583 -54.8405 6
      vertex -93.3154 -53.4002 6
    endloop
  endfacet
  facet normal -0 0 1
    outer loop
      vertex -96.3654 -54.6816 6
      vertex -96.1583 -54.8405 6
      vertex -93.5432 -53.2254 6
    endloop
  endfacet
  facet normal 0 0 1
    outer loop
      vertex -93.718 -52.9976 6
      vertex -96.3654 -54.6816 6
      vertex -93.5432 -53.2254 6
    endloop
  endfacet
  facet normal -0 0 1
    outer loop
      vertex -96.6066 -54.5817 6
      vertex -96.3654 -54.6816 6
      vertex -93.718 -52.9976 6
    endloop
  endfacet
  facet normal 0 0 1
    outer loop
      vertex -93.8279 -52.7323 6
      vertex -96.6066 -54.5817 6
      vertex -93.718 -52.9976 6
    endloop
  endfacet
  facet normal 0 0 1
    outer loop
      vertex -96.6066 -51.3135 6
      vertex -96.6066 -54.5817 6
      vertex -93.8279 -52.7323 6
    endloop
  endfacet
  facet normal 0 0 1
    outer loop
      vertex -93.8654 -52.4476 6
      vertex -96.6066 -51.3135 6
      vertex -93.8279 -52.7323 6
    endloop
  endfacet
  facet normal 0 0 1
    outer loop
      vertex -96.3654 -51.2136 6
      vertex -96.6066 -51.3135 6
      vertex -93.8654 -52.4476 6
    endloop
  endfacet
  facet normal 0 0 1
    outer loop
      vertex -93.8279 -52.1629 6
      vertex -96.3654 -51.2136 6
      vertex -93.8654 -52.4476 6
    endloop
  endfacet
  facet normal 0 0 1
    outer loop
      vertex -96.1583 -51.0547 6
      vertex -96.3654 -51.2136 6
      vertex -93.8279 -52.1629 6
    endloop
  endfacet
  facet normal 0 0 1
    outer loop
      vertex -93.718 -51.8976 6
      vertex -96.1583 -51.0547 6
      vertex -93.8279 -52.1629 6
    endloop
  endfacet
  facet normal 0 0 1
    outer loop
      vertex -95.9994 -50.8476 6
      vertex -96.1583 -51.0547 6
      vertex -93.718 -51.8976 6
    endloop
  endfacet
  facet normal 0 0 1
    outer loop
      vertex -93.5432 -51.6698 6
      vertex -95.9994 -50.8476 6
      vertex -93.718 -51.8976 6
    endloop
  endfacet
  facet normal 0 0 1
    outer loop
      vertex -95.8995 -50.6064 6
      vertex -95.9994 -50.8476 6
      vertex -93.5432 -51.6698 6
    endloop
  endfacet
  facet normal 0 0 1
    outer loop
      vertex -93.3154 -51.4949 6
      vertex -95.8995 -50.6064 6
      vertex -93.5432 -51.6698 6
    endloop
  endfacet
  facet normal 0 0 1
    outer loop
      vertex -95.8654 -50.3476 6
      vertex -95.8995 -50.6064 6
      vertex -93.3154 -51.4949 6
    endloop
  endfacet
  facet normal 0 0 1
    outer loop
      vertex -93.0501 -51.3851 6
      vertex -95.8654 -50.3476 6
      vertex -93.3154 -51.4949 6
    endloop
  endfacet
  facet normal 0 0 1
    outer loop
      vertex -92.7654 -51.3476 6
      vertex -95.8654 -50.3476 6
      vertex -93.0501 -51.3851 6
    endloop
  endfacet
  facet normal 0 0 1
    outer loop
      vertex -96.6066 -51.3135 6
      vertex -96.8654 -54.5476 6
      vertex -96.6066 -54.5817 6
    endloop
  endfacet
  facet normal -0 0 1
    outer loop
      vertex -96.8654 -51.3476 6
      vertex -96.8654 -54.5476 6
      vertex -96.6066 -51.3135 6
    endloop
  endfacet
  facet normal 0 0 1
    outer loop
      vertex -108.665 -54.5476 6
      vertex -96.8654 -54.5476 6
      vertex -96.8654 -51.3476 6
    endloop
  endfacet
  facet normal -0 0 1
    outer loop
      vertex -108.665 -51.3476 6
      vertex -108.665 -54.5476 6
      vertex -96.8654 -51.3476 6
    endloop
  endfacet
  facet normal 0 0 1
    outer loop
      vertex -108.924 -54.5817 6
      vertex -108.665 -54.5476 6
      vertex -108.665 -51.3476 6
    endloop
  endfacet
  facet normal 0 0 1
    outer loop
      vertex -108.924 -51.3135 6
      vertex -108.924 -54.5817 6
      vertex -108.665 -51.3476 6
    endloop
  endfacet
  facet normal 0 0 1
    outer loop
      vertex -109.165 -54.6816 6
      vertex -108.924 -54.5817 6
      vertex -108.924 -51.3135 6
    endloop
  endfacet
  facet normal 0 0 1
    outer loop
      vertex -109.665 -55.5476 6
      vertex -113.865 -58.9476 6
      vertex -109.665 -67.3476 6
    endloop
  endfacet
  facet normal -0 0 1
    outer loop
      vertex -113.899 -58.6888 6
      vertex -113.865 -58.9476 6
      vertex -109.665 -55.5476 6
    endloop
  endfacet
  facet normal -0 0 1
    outer loop
      vertex -113.999 -58.4476 6
      vertex -113.899 -58.6888 6
      vertex -109.665 -55.5476 6
    endloop
  endfacet
  facet normal 0 0 1
    outer loop
      vertex -113.865 -70.7476 6
      vertex -109.665 -67.3476 6
      vertex -113.865 -58.9476 6
    endloop
  endfacet
  facet normal 0 0 1
    outer loop
      vertex -109.631 -67.6064 6
      vertex -109.665 -67.3476 6
      vertex -113.865 -70.7476 6
    endloop
  endfacet
  facet normal 0 0 1
    outer loop
      vertex -109.531 -67.8476 6
      vertex -109.631 -67.6064 6
      vertex -113.865 -70.7476 6
    endloop
  endfacet
  facet normal 0 0 1
    outer loop
      vertex -113.865 -70.7476 6
      vertex -109.372 -68.0547 6
      vertex -109.531 -67.8476 6
    endloop
  endfacet
  facet normal 0 0 1
    outer loop
      vertex -109.165 -68.2136 6
      vertex -109.372 -68.0547 6
      vertex -113.865 -70.7476 6
    endloop
  endfacet
  facet normal 0 -0 1
    outer loop
      vertex -109.165 -71.6815 6
      vertex -109.165 -68.2136 6
      vertex -113.865 -70.7476 6
    endloop
  endfacet
  facet normal 0 0 1
    outer loop
      vertex -108.924 -68.3135 6
      vertex -109.165 -68.2136 6
      vertex -109.165 -71.6815 6
    endloop
  endfacet
  facet normal 0 -0 1
    outer loop
      vertex -108.924 -71.5816 6
      vertex -108.924 -68.3135 6
      vertex -109.165 -71.6815 6
    endloop
  endfacet
  facet normal 0 0 1
    outer loop
      vertex -108.665 -68.3476 6
      vertex -108.924 -68.3135 6
      vertex -108.924 -71.5816 6
    endloop
  endfacet
  facet normal 0 -0 1
    outer loop
      vertex -108.665 -71.5476 6
      vertex -108.665 -68.3476 6
      vertex -108.924 -71.5816 6
    endloop
  endfacet
  facet normal 0 0 1
    outer loop
      vertex -96.8654 -68.3476 6
      vertex -108.665 -68.3476 6
      vertex -108.665 -71.5476 6
    endloop
  endfacet
  facet normal -0 0 1
    outer loop
      vertex -78.0168 -74.3139 6
      vertex -75.5139 -76.0873 6
      vertex -77.7562 -74.298 6
    endloop
  endfacet
  facet normal 0 0 1
    outer loop
      vertex -78.24 -77.5061 6
      vertex -75.5139 -76.0873 6
      vertex -78.0168 -74.3139 6
    endloop
  endfacet
  facet normal -0 0 1
    outer loop
      vertex -90.0112 -76.683 6
      vertex -78.24 -77.5061 6
      vertex -78.0168 -74.3139 6
    endloop
  endfacet
  facet normal 0 0 1
    outer loop
      vertex -75.404 -75.822 6
      vertex -77.7562 -74.298 6
      vertex -75.5139 -76.0873 6
    endloop
  endfacet
  facet normal 0 0 1
    outer loop
      vertex -77.5086 -74.2151 6
      vertex -77.7562 -74.298 6
      vertex -75.404 -75.822 6
    endloop
  endfacet
  facet normal 0 0 1
    outer loop
      vertex -75.2292 -75.5941 6
      vertex -77.5086 -74.2151 6
      vertex -75.404 -75.822 6
    endloop
  endfacet
  facet normal 0 0 1
    outer loop
      vertex -77.2909 -74.071 6
      vertex -77.5086 -74.2151 6
      vertex -75.2292 -75.5941 6
    endloop
  endfacet
  facet normal 0 0 1
    outer loop
      vertex -75.0014 -75.4193 6
      vertex -77.2909 -74.071 6
      vertex -75.2292 -75.5941 6
    endloop
  endfacet
  facet normal 0 0 1
    outer loop
      vertex -77.118 -73.8755 6
      vertex -77.2909 -74.071 6
      vertex -75.0014 -75.4193 6
    endloop
  endfacet
  facet normal 0 0 1
    outer loop
      vertex -74.7361 -75.3094 6
      vertex -77.118 -73.8755 6
      vertex -75.0014 -75.4193 6
    endloop
  endfacet
  facet normal 0 0 1
    outer loop
      vertex -77.0015 -73.6419 6
      vertex -77.118 -73.8755 6
      vertex -74.7361 -75.3094 6
    endloop
  endfacet
  facet normal 0 0 1
    outer loop
      vertex -74.4514 -75.272 6
      vertex -77.0015 -73.6419 6
      vertex -74.7361 -75.3094 6
    endloop
  endfacet
  facet normal 0 0 1
    outer loop
      vertex -76.9494 -73.3861 6
      vertex -77.0015 -73.6419 6
      vertex -74.4514 -75.272 6
    endloop
  endfacet
  facet normal 0 0 1
    outer loop
      vertex -74.1667 -75.3094 6
      vertex -76.9494 -73.3861 6
      vertex -74.4514 -75.272 6
    endloop
  endfacet
  facet normal 0 0 1
    outer loop
      vertex -70.7608 -68.8071 6
      vertex -76.9494 -73.3861 6
      vertex -74.1667 -75.3094 6
    endloop
  endfacet
  facet normal 0 -0 1
    outer loop
      vertex -73.9014 -75.4193 6
      vertex -70.7608 -68.8071 6
      vertex -74.1667 -75.3094 6
    endloop
  endfacet
  facet normal 0 -0 1
    outer loop
      vertex -73.6736 -75.5941 6
      vertex -70.7608 -68.8071 6
      vertex -73.9014 -75.4193 6
    endloop
  endfacet
  facet normal 0 -0 1
    outer loop
      vertex -73.4988 -75.822 6
      vertex -70.7608 -68.8071 6
      vertex -73.6736 -75.5941 6
    endloop
  endfacet
  facet normal 0 -0 1
    outer loop
      vertex -73.3889 -76.0873 6
      vertex -70.7608 -68.8071 6
      vertex -73.4988 -75.822 6
    endloop
  endfacet
  facet normal 0 -0 1
    outer loop
      vertex -73.3514 -76.372 6
      vertex -70.7608 -68.8071 6
      vertex -73.3889 -76.0873 6
    endloop
  endfacet
  facet normal 0 -0 1
    outer loop
      vertex -72.4031 -80.4922 6
      vertex -70.7608 -68.8071 6
      vertex -73.3514 -76.372 6
    endloop
  endfacet
  facet normal -0 0 1
    outer loop
      vertex -73.3889 -76.6567 6
      vertex -72.4031 -80.4922 6
      vertex -73.3514 -76.372 6
    endloop
  endfacet
  facet normal -0 0 1
    outer loop
      vertex -73.4988 -76.922 6
      vertex -72.4031 -80.4922 6
      vertex -73.3889 -76.6567 6
    endloop
  endfacet
  facet normal -0 0 1
    outer loop
      vertex -73.6736 -77.1498 6
      vertex -72.4031 -80.4922 6
      vertex -73.4988 -76.922 6
    endloop
  endfacet
  facet normal -0 0 1
    outer loop
      vertex -73.9014 -77.3246 6
      vertex -72.4031 -80.4922 6
      vertex -73.6736 -77.1498 6
    endloop
  endfacet
  facet normal -0 0 1
    outer loop
      vertex -74.1667 -77.4345 6
      vertex -72.4031 -80.4922 6
      vertex -73.9014 -77.3246 6
    endloop
  endfacet
  facet normal -0 0 1
    outer loop
      vertex -74.4514 -77.472 6
      vertex -72.4031 -80.4922 6
      vertex -74.1667 -77.4345 6
    endloop
  endfacet
  facet normal -0 0 1
    outer loop
      vertex -77.3122 -78.5734 6
      vertex -72.4031 -80.4922 6
      vertex -74.4514 -77.472 6
    endloop
  endfacet
  facet normal 0 0 1
    outer loop
      vertex -74.7361 -77.4345 6
      vertex -77.3122 -78.5734 6
      vertex -74.4514 -77.472 6
    endloop
  endfacet
  facet normal 0 0 1
    outer loop
      vertex -75.0014 -77.3246 6
      vertex -77.3122 -78.5734 6
      vertex -74.7361 -77.4345 6
    endloop
  endfacet
  facet normal -0 0 1
    outer loop
      vertex -77.3281 -78.3128 6
      vertex -77.3122 -78.5734 6
      vertex -75.0014 -77.3246 6
    endloop
  endfacet
  facet normal -0 0 1
    outer loop
      vertex -77.4109 -78.0653 6
      vertex -77.3281 -78.3128 6
      vertex -75.0014 -77.3246 6
    endloop
  endfacet
  facet normal 0 0 1
    outer loop
      vertex -70.6911 -68.5555 6
      vertex -76.9494 -73.3861 6
      vertex -70.7608 -68.8071 6
    endloop
  endfacet
  facet normal 0 0 1
    outer loop
      vertex -76.1263 -61.6148 6
      vertex -76.9494 -73.3861 6
      vertex -70.6911 -68.5555 6
    endloop
  endfacet
  facet normal 0 0 1
    outer loop
      vertex -70.5586 -68.3306 6
      vertex -76.1263 -61.6148 6
      vertex -70.6911 -68.5555 6
    endloop
  endfacet
  facet normal 0 0 1
    outer loop
      vertex -69.974 -64.1715 6
      vertex -76.1263 -61.6148 6
      vertex -70.5586 -68.3306 6
    endloop
  endfacet
  facet normal 0 0 1
    outer loop
      vertex -69.8455 -64.3987 6
      vertex -69.974 -64.1715 6
      vertex -70.5586 -68.3306 6
    endloop
  endfacet
  facet normal 0 0 1
    outer loop
      vertex -95.8654 -72.5476 6
      vertex -90.473 -73.1493 6
      vertex -90.6171 -72.9316 6
    endloop
  endfacet
  facet normal 0 -0 1
    outer loop
      vertex -90.737 -76.9258 6
      vertex -90.473 -73.1493 6
      vertex -95.8654 -72.5476 6
    endloop
  endfacet
  facet normal 0 -0 1
    outer loop
      vertex -90.91 -77.1213 6
      vertex -90.737 -76.9258 6
      vertex -95.8654 -72.5476 6
    endloop
  endfacet
  facet normal 0 0 1
    outer loop
      vertex -90.737 -76.9258 6
      vertex -90.2774 -73.3222 6
      vertex -90.473 -73.1493 6
    endloop
  endfacet
  facet normal 0 -0 1
    outer loop
      vertex -90.5194 -76.7817 6
      vertex -90.2774 -73.3222 6
      vertex -90.737 -76.9258 6
    endloop
  endfacet
  facet normal 0 0 1
    outer loop
      vertex -90.0438 -73.4387 6
      vertex -90.2774 -73.3222 6
      vertex -90.5194 -76.7817 6
    endloop
  endfacet
  facet normal 0 -0 1
    outer loop
      vertex -90.2718 -76.6989 6
      vertex -90.0438 -73.4387 6
      vertex -90.5194 -76.7817 6
    endloop
  endfacet
  facet normal 0 0 1
    outer loop
      vertex -89.788 -73.4908 6
      vertex -90.0438 -73.4387 6
      vertex -90.2718 -76.6989 6
    endloop
  endfacet
  facet normal 0 -0 1
    outer loop
      vertex -90.0112 -76.683 6
      vertex -89.788 -73.4908 6
      vertex -90.2718 -76.6989 6
    endloop
  endfacet
  facet normal 0 0 1
    outer loop
      vertex -78.0168 -74.3139 6
      vertex -89.788 -73.4908 6
      vertex -90.0112 -76.683 6
    endloop
  endfacet
  facet normal -0 0 1
    outer loop
      vertex -132.865 -74.2976 6
      vertex -132.607 -77.5317 6
      vertex -132.607 -74.2635 6
    endloop
  endfacet
  facet normal -0 0 1
    outer loop
      vertex -132.865 -77.4976 6
      vertex -132.607 -77.5317 6
      vertex -132.865 -74.2976 6
    endloop
  endfacet
  facet normal 0 0 1
    outer loop
      vertex -144.665 -77.4976 6
      vertex -132.865 -77.4976 6
      vertex -132.865 -74.2976 6
    endloop
  endfacet
  facet normal 0 0 1
    outer loop
      vertex -132.365 -77.6316 6
      vertex -132.607 -74.2635 6
      vertex -132.607 -77.5317 6
    endloop
  endfacet
  facet normal 0 0 1
    outer loop
      vertex -132.365 -74.1636 6
      vertex -132.607 -74.2635 6
      vertex -132.365 -77.6316 6
    endloop
  endfacet
  facet normal 0 0 1
    outer loop
      vertex -127.665 -75.9476 6
      vertex -132.365 -74.1636 6
      vertex -132.365 -77.6316 6
    endloop
  endfacet
  facet normal 0 0 1
    outer loop
      vertex -127.631 -75.6888 6
      vertex -132.365 -74.1636 6
      vertex -127.665 -75.9476 6
    endloop
  endfacet
  facet normal 0 0 1
    outer loop
      vertex -132.158 -74.0047 6
      vertex -132.365 -74.1636 6
      vertex -127.631 -75.6888 6
    endloop
  endfacet
  facet normal 0 0 1
    outer loop
      vertex -127.531 -75.4476 6
      vertex -132.158 -74.0047 6
      vertex -127.631 -75.6888 6
    endloop
  endfacet
  facet normal 0 0 1
    outer loop
      vertex -131.999 -73.7976 6
      vertex -132.158 -74.0047 6
      vertex -127.531 -75.4476 6
    endloop
  endfacet
  facet normal 0 0 1
    outer loop
      vertex -127.372 -75.2405 6
      vertex -131.999 -73.7976 6
      vertex -127.531 -75.4476 6
    endloop
  endfacet
  facet normal 0 0 1
    outer loop
      vertex -131.899 -73.5564 6
      vertex -131.999 -73.7976 6
      vertex -127.372 -75.2405 6
    endloop
  endfacet
  facet normal 0 0 1
    outer loop
      vertex -127.165 -75.0816 6
      vertex -131.899 -73.5564 6
      vertex -127.372 -75.2405 6
    endloop
  endfacet
  facet normal 0 0 1
    outer loop
      vertex -131.865 -73.2976 6
      vertex -131.899 -73.5564 6
      vertex -127.165 -75.0816 6
    endloop
  endfacet
  facet normal 0 0 1
    outer loop
      vertex -127.165 -71.6136 6
      vertex -131.865 -73.2976 6
      vertex -127.165 -75.0816 6
    endloop
  endfacet
  facet normal 0 0 1
    outer loop
      vertex -127.372 -71.4547 6
      vertex -131.865 -73.2976 6
      vertex -127.165 -71.6136 6
    endloop
  endfacet
  facet normal 0 0 1
    outer loop
      vertex -127.531 -71.2476 6
      vertex -131.865 -73.2976 6
      vertex -127.372 -71.4547 6
    endloop
  endfacet
  facet normal 0 0 1
    outer loop
      vertex -127.631 -71.0064 6
      vertex -131.865 -73.2976 6
      vertex -127.531 -71.2476 6
    endloop
  endfacet
  facet normal 0 0 1
    outer loop
      vertex -127.665 -70.7476 6
      vertex -131.865 -73.2976 6
      vertex -127.631 -71.0064 6
    endloop
  endfacet
  facet normal 0 0 1
    outer loop
      vertex -131.865 -61.4976 6
      vertex -131.865 -73.2976 6
      vertex -127.665 -70.7476 6
    endloop
  endfacet
  facet normal 0 0 1
    outer loop
      vertex -127.665 -58.9476 6
      vertex -131.865 -61.4976 6
      vertex -127.665 -70.7476 6
    endloop
  endfacet
  facet normal -0 0 1
    outer loop
      vertex -131.899 -61.2388 6
      vertex -131.865 -61.4976 6
      vertex -127.665 -58.9476 6
    endloop
  endfacet
  facet normal -0 0 1
    outer loop
      vertex -131.999 -60.9976 6
      vertex -131.899 -61.2388 6
      vertex -127.665 -58.9476 6
    endloop
  endfacet
  facet normal 0 0 1
    outer loop
      vertex -127.665 -58.9476 6
      vertex -132.158 -60.7905 6
      vertex -131.999 -60.9976 6
    endloop
  endfacet
  facet normal -0 0 1
    outer loop
      vertex -132.365 -60.6316 6
      vertex -132.158 -60.7905 6
      vertex -127.665 -58.9476 6
    endloop
  endfacet
  facet normal -0 0 1
    outer loop
      vertex -144.665 -57.2976 6
      vertex -144.665 -60.4976 6
      vertex -132.865 -57.2976 6
    endloop
  endfacet
  facet normal 0 0 1
    outer loop
      vertex -144.924 -60.5317 6
      vertex -144.665 -60.4976 6
      vertex -144.665 -57.2976 6
    endloop
  endfacet
  facet normal 0 0 1
    outer loop
      vertex -144.924 -57.2635 6
      vertex -144.924 -60.5317 6
      vertex -144.665 -57.2976 6
    endloop
  endfacet
  facet normal 0 0 1
    outer loop
      vertex -145.165 -60.6316 6
      vertex -144.924 -60.5317 6
      vertex -144.924 -57.2635 6
    endloop
  endfacet
  facet normal 0 0 1
    outer loop
      vertex -145.165 -57.1636 6
      vertex -145.165 -60.6316 6
      vertex -144.924 -57.2635 6
    endloop
  endfacet
  facet normal 0 0 1
    outer loop
      vertex -145.372 -60.7905 6
      vertex -145.165 -60.6316 6
      vertex -145.165 -57.1636 6
    endloop
  endfacet
  facet normal 0 0 1
    outer loop
      vertex -145.372 -57.0047 6
      vertex -145.372 -60.7905 6
      vertex -145.165 -57.1636 6
    endloop
  endfacet
  facet normal 0 0 1
    outer loop
      vertex -145.531 -60.9976 6
      vertex -145.372 -60.7905 6
      vertex -145.372 -57.0047 6
    endloop
  endfacet
  facet normal 0 0 1
    outer loop
      vertex -145.531 -56.7976 6
      vertex -145.531 -60.9976 6
      vertex -145.372 -57.0047 6
    endloop
  endfacet
  facet normal 0 0 1
    outer loop
      vertex -145.631 -61.2388 6
      vertex -145.531 -60.9976 6
      vertex -145.531 -56.7976 6
    endloop
  endfacet
  facet normal 0 0 1
    outer loop
      vertex -145.631 -56.5564 6
      vertex -145.631 -61.2388 6
      vertex -145.531 -56.7976 6
    endloop
  endfacet
  facet normal 0 0 1
    outer loop
      vertex -145.665 -61.4976 6
      vertex -145.631 -61.2388 6
      vertex -145.631 -56.5564 6
    endloop
  endfacet
  facet normal 0 0 1
    outer loop
      vertex -145.665 -56.2976 6
      vertex -145.665 -61.4976 6
      vertex -145.631 -56.5564 6
    endloop
  endfacet
  facet normal 0 -0 1
    outer loop
      vertex -145.531 -77.9976 6
      vertex -145.531 -73.7976 6
      vertex -145.631 -78.2388 6
    endloop
  endfacet
  facet normal 0 0 1
    outer loop
      vertex -145.372 -74.0047 6
      vertex -145.531 -73.7976 6
      vertex -145.531 -77.9976 6
    endloop
  endfacet
  facet normal 0 -0 1
    outer loop
      vertex -145.372 -77.7905 6
      vertex -145.372 -74.0047 6
      vertex -145.531 -77.9976 6
    endloop
  endfacet
  facet normal 0 0 1
    outer loop
      vertex -145.165 -74.1636 6
      vertex -145.372 -74.0047 6
      vertex -145.372 -77.7905 6
    endloop
  endfacet
  facet normal 0 -0 1
    outer loop
      vertex -145.165 -77.6316 6
      vertex -145.165 -74.1636 6
      vertex -145.372 -77.7905 6
    endloop
  endfacet
  facet normal 0 0 1
    outer loop
      vertex -144.924 -74.2635 6
      vertex -145.165 -74.1636 6
      vertex -145.165 -77.6316 6
    endloop
  endfacet
  facet normal 0 -0 1
    outer loop
      vertex -144.924 -77.5317 6
      vertex -144.924 -74.2635 6
      vertex -145.165 -77.6316 6
    endloop
  endfacet
  facet normal 0 0 1
    outer loop
      vertex -144.665 -74.2976 6
      vertex -144.924 -74.2635 6
      vertex -144.924 -77.5317 6
    endloop
  endfacet
  facet normal 0 -0 1
    outer loop
      vertex -144.665 -77.4976 6
      vertex -144.665 -74.2976 6
      vertex -144.924 -77.5317 6
    endloop
  endfacet
  facet normal 0 0 1
    outer loop
      vertex -132.865 -74.2976 6
      vertex -144.665 -74.2976 6
      vertex -144.665 -77.4976 6
    endloop
  endfacet
  facet normal 0 0 1
    outer loop
      vertex -129.95 -57.3026 6
      vertex -132.365 -57.1636 6
      vertex -132.607 -57.2635 6
    endloop
  endfacet
  facet normal 0 0 1
    outer loop
      vertex -130.178 -57.1278 6
      vertex -132.365 -57.1636 6
      vertex -129.95 -57.3026 6
    endloop
  endfacet
  facet normal 0 0 1
    outer loop
      vertex -132.158 -57.0047 6
      vertex -132.365 -57.1636 6
      vertex -130.178 -57.1278 6
    endloop
  endfacet
  facet normal 0 0 1
    outer loop
      vertex -130.353 -56.9 6
      vertex -132.158 -57.0047 6
      vertex -130.178 -57.1278 6
    endloop
  endfacet
  facet normal 0 0 1
    outer loop
      vertex -131.999 -56.7976 6
      vertex -132.158 -57.0047 6
      vertex -130.353 -56.9 6
    endloop
  endfacet
  facet normal 0 0 1
    outer loop
      vertex -130.463 -56.6347 6
      vertex -131.999 -56.7976 6
      vertex -130.353 -56.9 6
    endloop
  endfacet
  facet normal 0 0 1
    outer loop
      vertex -131.899 -56.5564 6
      vertex -131.999 -56.7976 6
      vertex -130.463 -56.6347 6
    endloop
  endfacet
  facet normal 0 0 1
    outer loop
      vertex -130.5 -56.35 6
      vertex -131.899 -56.5564 6
      vertex -130.463 -56.6347 6
    endloop
  endfacet
  facet normal 0 0 1
    outer loop
      vertex -131.865 -56.2976 6
      vertex -131.899 -56.5564 6
      vertex -130.5 -56.35 6
    endloop
  endfacet
  facet normal 0 0 1
    outer loop
      vertex -130.463 -56.0653 6
      vertex -131.865 -56.2976 6
      vertex -130.5 -56.35 6
    endloop
  endfacet
  facet normal 0 0 1
    outer loop
      vertex -130.353 -55.8 6
      vertex -131.865 -56.2976 6
      vertex -130.463 -56.0653 6
    endloop
  endfacet
  facet normal 0 0 1
    outer loop
      vertex -130.178 -55.5722 6
      vertex -131.865 -56.2976 6
      vertex -130.353 -55.8 6
    endloop
  endfacet
  facet normal 0 0 1
    outer loop
      vertex -129.95 -55.3974 6
      vertex -131.865 -56.2976 6
      vertex -130.178 -55.5722 6
    endloop
  endfacet
  facet normal 0 0 1
    outer loop
      vertex -131.865 -44.4976 6
      vertex -131.865 -56.2976 6
      vertex -129.95 -55.3974 6
    endloop
  endfacet
  facet normal 0 0 1
    outer loop
      vertex -127.665 -53.7476 6
      vertex -131.865 -44.4976 6
      vertex -129.95 -55.3974 6
    endloop
  endfacet
  facet normal 0 0 1
    outer loop
      vertex -127.665 -41.9476 6
      vertex -132.158 -43.7905 6
      vertex -131.999 -43.9976 6
    endloop
  endfacet
  facet normal -0 0 1
    outer loop
      vertex -132.365 -43.6316 6
      vertex -132.158 -43.7905 6
      vertex -127.665 -41.9476 6
    endloop
  endfacet
  facet normal 0 0 1
    outer loop
      vertex -78.24 -77.5061 6
      vertex -75.5514 -76.372 6
      vertex -75.5139 -76.0873 6
    endloop
  endfacet
  facet normal 0 -0 1
    outer loop
      vertex -77.9842 -77.5581 6
      vertex -75.5514 -76.372 6
      vertex -78.24 -77.5061 6
    endloop
  endfacet
  facet normal 0 0 1
    outer loop
      vertex -75.5139 -76.6567 6
      vertex -75.5514 -76.372 6
      vertex -77.9842 -77.5581 6
    endloop
  endfacet
  facet normal 0 -0 1
    outer loop
      vertex -77.7505 -77.6746 6
      vertex -75.5139 -76.6567 6
      vertex -77.9842 -77.5581 6
    endloop
  endfacet
  facet normal 0 0 1
    outer loop
      vertex -75.404 -76.922 6
      vertex -75.5139 -76.6567 6
      vertex -77.7505 -77.6746 6
    endloop
  endfacet
  facet normal 0 -0 1
    outer loop
      vertex -77.555 -77.8476 6
      vertex -75.404 -76.922 6
      vertex -77.7505 -77.6746 6
    endloop
  endfacet
  facet normal 0 0 1
    outer loop
      vertex -75.2292 -77.1498 6
      vertex -75.404 -76.922 6
      vertex -77.555 -77.8476 6
    endloop
  endfacet
  facet normal 0 -0 1
    outer loop
      vertex -77.4109 -78.0653 6
      vertex -75.2292 -77.1498 6
      vertex -77.555 -77.8476 6
    endloop
  endfacet
  facet normal 0 0 1
    outer loop
      vertex -75.0014 -77.3246 6
      vertex -75.2292 -77.1498 6
      vertex -77.4109 -78.0653 6
    endloop
  endfacet
  facet normal 0 0 1
    outer loop
      vertex -91.9017 -89.382 6
      vertex -95.9994 -84.8476 6
      vertex -96.1583 -85.0547 6
    endloop
  endfacet
  facet normal 0 0 1
    outer loop
      vertex -95.8995 -84.6064 6
      vertex -95.9994 -84.8476 6
      vertex -91.9017 -89.382 6
    endloop
  endfacet
  facet normal 0 0 1
    outer loop
      vertex -95.8654 -84.3476 6
      vertex -95.8995 -84.6064 6
      vertex -91.9017 -89.382 6
    endloop
  endfacet
  facet normal 0 0 1
    outer loop
      vertex -91.0786 -77.6108 6
      vertex -95.8654 -84.3476 6
      vertex -91.9017 -89.382 6
    endloop
  endfacet
  facet normal 0 0 1
    outer loop
      vertex -95.8654 -72.5476 6
      vertex -95.8654 -84.3476 6
      vertex -91.0786 -77.6108 6
    endloop
  endfacet
  facet normal 0 0 1
    outer loop
      vertex -91.0265 -77.355 6
      vertex -95.8654 -72.5476 6
      vertex -91.0786 -77.6108 6
    endloop
  endfacet
  facet normal 0 0 1
    outer loop
      vertex -90.91 -77.1213 6
      vertex -95.8654 -72.5476 6
      vertex -91.0265 -77.355 6
    endloop
  endfacet
  facet normal 0 0 1
    outer loop
      vertex -113.865 -70.7476 6
      vertex -109.372 -71.8405 6
      vertex -109.165 -71.6815 6
    endloop
  endfacet
  facet normal -0 0 1
    outer loop
      vertex -113.899 -71.0064 6
      vertex -109.372 -71.8405 6
      vertex -113.865 -70.7476 6
    endloop
  endfacet
  facet normal 0 -0 1
    outer loop
      vertex -109.531 -72.0476 6
      vertex -109.372 -71.8405 6
      vertex -113.899 -71.0064 6
    endloop
  endfacet
  facet normal -0 0 1
    outer loop
      vertex -113.999 -71.2476 6
      vertex -109.531 -72.0476 6
      vertex -113.899 -71.0064 6
    endloop
  endfacet
  facet normal 0 -0 1
    outer loop
      vertex -109.631 -72.2888 6
      vertex -109.531 -72.0476 6
      vertex -113.999 -71.2476 6
    endloop
  endfacet
  facet normal -0 0 1
    outer loop
      vertex -114.158 -71.4547 6
      vertex -109.631 -72.2888 6
      vertex -113.999 -71.2476 6
    endloop
  endfacet
  facet normal 0 -0 1
    outer loop
      vertex -109.665 -72.5476 6
      vertex -109.631 -72.2888 6
      vertex -114.158 -71.4547 6
    endloop
  endfacet
  facet normal -0 0 1
    outer loop
      vertex -114.365 -71.6136 6
      vertex -109.665 -72.5476 6
      vertex -114.158 -71.4547 6
    endloop
  endfacet
  facet normal 0 0 1
    outer loop
      vertex -114.365 -75.0816 6
      vertex -109.665 -72.5476 6
      vertex -114.365 -71.6136 6
    endloop
  endfacet
  facet normal -0 0 1
    outer loop
      vertex -114.607 -71.7135 6
      vertex -114.365 -75.0816 6
      vertex -114.365 -71.6136 6
    endloop
  endfacet
  facet normal -0 0 1
    outer loop
      vertex -114.607 -74.9817 6
      vertex -114.365 -75.0816 6
      vertex -114.607 -71.7135 6
    endloop
  endfacet
  facet normal -0 0 1
    outer loop
      vertex -114.865 -71.7476 6
      vertex -114.607 -74.9817 6
      vertex -114.607 -71.7135 6
    endloop
  endfacet
  facet normal -0 0 1
    outer loop
      vertex -114.865 -74.9476 6
      vertex -114.607 -74.9817 6
      vertex -114.865 -71.7476 6
    endloop
  endfacet
  facet normal -0 0 1
    outer loop
      vertex -126.665 -71.7476 6
      vertex -114.865 -74.9476 6
      vertex -114.865 -71.7476 6
    endloop
  endfacet
  facet normal 0 0 1
    outer loop
      vertex -126.665 -74.9476 6
      vertex -114.865 -74.9476 6
      vertex -126.665 -71.7476 6
    endloop
  endfacet
  facet normal 0 0 1
    outer loop
      vertex -126.924 -71.7135 6
      vertex -126.665 -74.9476 6
      vertex -126.665 -71.7476 6
    endloop
  endfacet
  facet normal 0 0 1
    outer loop
      vertex -126.924 -74.9817 6
      vertex -126.665 -74.9476 6
      vertex -126.924 -71.7135 6
    endloop
  endfacet
  facet normal 0 0 1
    outer loop
      vertex -127.165 -71.6136 6
      vertex -126.924 -74.9817 6
      vertex -126.924 -71.7135 6
    endloop
  endfacet
  facet normal 0 0 1
    outer loop
      vertex -127.165 -75.0816 6
      vertex -126.924 -74.9817 6
      vertex -127.165 -71.6136 6
    endloop
  endfacet
  facet normal 0 0 1
    outer loop
      vertex -109.665 -72.5476 6
      vertex -113.865 -75.9476 6
      vertex -109.665 -84.3476 6
    endloop
  endfacet
  facet normal -0 0 1
    outer loop
      vertex -113.899 -75.6888 6
      vertex -113.865 -75.9476 6
      vertex -109.665 -72.5476 6
    endloop
  endfacet
  facet normal -0 0 1
    outer loop
      vertex -113.999 -75.4476 6
      vertex -113.899 -75.6888 6
      vertex -109.665 -72.5476 6
    endloop
  endfacet
  facet normal 0 0 1
    outer loop
      vertex -113.865 -87.7476 6
      vertex -109.665 -84.3476 6
      vertex -113.865 -75.9476 6
    endloop
  endfacet
  facet normal 0 0 1
    outer loop
      vertex -109.631 -84.6064 6
      vertex -109.665 -84.3476 6
      vertex -113.865 -87.7476 6
    endloop
  endfacet
  facet normal 0 0 1
    outer loop
      vertex -109.531 -84.8476 6
      vertex -109.631 -84.6064 6
      vertex -113.865 -87.7476 6
    endloop
  endfacet
  facet normal 0 0 1
    outer loop
      vertex -113.865 -87.7476 6
      vertex -109.372 -85.0547 6
      vertex -109.531 -84.8476 6
    endloop
  endfacet
  facet normal 0 0 1
    outer loop
      vertex -109.165 -85.2136 6
      vertex -109.372 -85.0547 6
      vertex -113.865 -87.7476 6
    endloop
  endfacet
  facet normal 0 0 1
    outer loop
      vertex -111.765 -34.9476 6
      vertex -109.165 -37.6816 6
      vertex -108.924 -37.5817 6
    endloop
  endfacet
  facet normal 0 0 1
    outer loop
      vertex -113.865 -53.7476 6
      vertex -109.372 -51.0547 6
      vertex -109.531 -50.8476 6
    endloop
  endfacet
  facet normal 0 0 1
    outer loop
      vertex -109.165 -51.2136 6
      vertex -109.372 -51.0547 6
      vertex -113.865 -53.7476 6
    endloop
  endfacet
  facet normal 0 0 1
    outer loop
      vertex -109.665 -55.5476 6
      vertex -114.158 -58.2405 6
      vertex -113.999 -58.4476 6
    endloop
  endfacet
  facet normal -0 0 1
    outer loop
      vertex -114.365 -58.0816 6
      vertex -114.158 -58.2405 6
      vertex -109.665 -55.5476 6
    endloop
  endfacet
  facet normal 0 0 1
    outer loop
      vertex -153.562 -117.113 6
      vertex -157.471 -116.055 6
      vertex -157.63 -116.262 6
    endloop
  endfacet
  facet normal 0 0 1
    outer loop
      vertex -157.371 -115.813 6
      vertex -157.471 -116.055 6
      vertex -153.562 -117.113 6
    endloop
  endfacet
  facet normal 0 0 1
    outer loop
      vertex -157.337 -115.555 6
      vertex -157.371 -115.813 6
      vertex -153.562 -117.113 6
    endloop
  endfacet
  facet normal 0 0 1
    outer loop
      vertex -152.738 -113.65 6
      vertex -157.371 -115.296 6
      vertex -152.531 -113.809 6
    endloop
  endfacet
  facet normal -0 0 1
    outer loop
      vertex -157.471 -115.055 6
      vertex -157.371 -115.296 6
      vertex -152.738 -113.65 6
    endloop
  endfacet
  facet normal 0 0 1
    outer loop
      vertex -152.897 -113.443 6
      vertex -157.471 -115.055 6
      vertex -152.738 -113.65 6
    endloop
  endfacet
  facet normal 0 0 1
    outer loop
      vertex -152.997 -113.201 6
      vertex -157.471 -115.055 6
      vertex -152.897 -113.443 6
    endloop
  endfacet
  facet normal 0 0 1
    outer loop
      vertex -163.848 -101.012 6
      vertex -163.978 -104.37 6
      vertex -163.737 -104.47 6
    endloop
  endfacet
  facet normal -0 0 1
    outer loop
      vertex -164.237 -104.336 6
      vertex -163.978 -104.37 6
      vertex -163.848 -101.012 6
    endloop
  endfacet
  facet normal 0 0 1
    outer loop
      vertex -166.61 -102.549 6
      vertex -174.956 -110.37 6
      vertex -164.737 -104.47 6
    endloop
  endfacet
  facet normal 0 0 1
    outer loop
      vertex -178.941 -109.668 6
      vertex -175.422 -110.977 6
      vertex -175.322 -110.736 6
    endloop
  endfacet
  facet normal 0 0 1
    outer loop
      vertex -179.307 -111.034 6
      vertex -175.422 -111.494 6
      vertex -175.456 -111.236 6
    endloop
  endfacet
  facet normal 0 0 1
    outer loop
      vertex -175.322 -111.736 6
      vertex -175.422 -111.494 6
      vertex -179.307 -111.034 6
    endloop
  endfacet
  facet normal 0 0 1
    outer loop
      vertex -169.422 -121.955 6
      vertex -175.322 -111.736 6
      vertex -179.307 -111.034 6
    endloop
  endfacet
  facet normal 0 0 1
    outer loop
      vertex -170.803 -125.762 6
      vertex -168.815 -122.421 6
      vertex -169.056 -122.321 6
    endloop
  endfacet
  facet normal 0 0 1
    outer loop
      vertex -169.443 -126.132 6
      vertex -168.297 -122.421 6
      vertex -168.556 -122.455 6
    endloop
  endfacet
  facet normal 0 0 1
    outer loop
      vertex -168.056 -122.321 6
      vertex -168.297 -122.421 6
      vertex -169.443 -126.132 6
    endloop
  endfacet
  facet normal 0 0 1
    outer loop
      vertex -59.8668 -83.2639 6
      vertex -60.3122 -86.4328 6
      vertex -59.6058 -83.2662 6
    endloop
  endfacet
  facet normal -0 0 1
    outer loop
      vertex -71.9973 -84.7905 6
      vertex -60.3122 -86.4328 6
      vertex -59.8668 -83.2639 6
    endloop
  endfacet
  facet normal 0 0 1
    outer loop
      vertex -71.552 -81.6217 6
      vertex -71.9973 -84.7905 6
      vertex -59.8668 -83.2639 6
    endloop
  endfacet
  facet normal -0 0 1
    outer loop
      vertex -72.2584 -84.7883 6
      vertex -71.9973 -84.7905 6
      vertex -71.552 -81.6217 6
    endloop
  endfacet
  facet normal 0 0 1
    outer loop
      vertex -71.8035 -81.5519 6
      vertex -72.2584 -84.7883 6
      vertex -71.552 -81.6217 6
    endloop
  endfacet
  facet normal 0 0 1
    outer loop
      vertex -72.5111 -84.8536 6
      vertex -72.2584 -84.7883 6
      vertex -71.8035 -81.5519 6
    endloop
  endfacet
  facet normal 0 0 1
    outer loop
      vertex -72.0285 -81.4194 6
      vertex -72.5111 -84.8536 6
      vertex -71.8035 -81.5519 6
    endloop
  endfacet
  facet normal 0 0 1
    outer loop
      vertex -72.7383 -84.9822 6
      vertex -72.5111 -84.8536 6
      vertex -72.0285 -81.4194 6
    endloop
  endfacet
  facet normal 0 0 1
    outer loop
      vertex -72.2114 -81.2332 6
      vertex -72.7383 -84.9822 6
      vertex -72.0285 -81.4194 6
    endloop
  endfacet
  facet normal 0 0 1
    outer loop
      vertex -72.9245 -85.1652 6
      vertex -72.7383 -84.9822 6
      vertex -72.2114 -81.2332 6
    endloop
  endfacet
  facet normal 0 0 1
    outer loop
      vertex -77.3122 -78.5734 6
      vertex -72.9245 -85.1652 6
      vertex -72.2114 -81.2332 6
    endloop
  endfacet
  facet normal 0 -0 1
    outer loop
      vertex -73.057 -85.3901 6
      vertex -72.9245 -85.1652 6
      vertex -77.3122 -78.5734 6
    endloop
  endfacet
  facet normal 0 -0 1
    outer loop
      vertex -73.1268 -85.6416 6
      vertex -73.057 -85.3901 6
      vertex -77.3122 -78.5734 6
    endloop
  endfacet
  facet normal 0 -0 1
    outer loop
      vertex -60.0606 -86.5025 6
      vertex -59.6058 -83.2662 6
      vertex -60.3122 -86.4328 6
    endloop
  endfacet
  facet normal 0 0 1
    outer loop
      vertex -59.353 -83.2008 6
      vertex -59.6058 -83.2662 6
      vertex -60.0606 -86.5025 6
    endloop
  endfacet
  facet normal 0 -0 1
    outer loop
      vertex -59.8357 -86.635 6
      vertex -59.353 -83.2008 6
      vertex -60.0606 -86.5025 6
    endloop
  endfacet
  facet normal 0 0 1
    outer loop
      vertex -59.1258 -83.0723 6
      vertex -59.353 -83.2008 6
      vertex -59.8357 -86.635 6
    endloop
  endfacet
  facet normal 0 -0 1
    outer loop
      vertex -59.6527 -86.8212 6
      vertex -59.1258 -83.0723 6
      vertex -59.8357 -86.635 6
    endloop
  endfacet
  facet normal 0 0 1
    outer loop
      vertex -58.9396 -82.8893 6
      vertex -59.1258 -83.0723 6
      vertex -59.6527 -86.8212 6
    endloop
  endfacet
  facet normal 0 -0 1
    outer loop
      vertex -59.5242 -87.0484 6
      vertex -58.9396 -82.8893 6
      vertex -59.6527 -86.8212 6
    endloop
  endfacet
  facet normal 0 0 1
    outer loop
      vertex -58.8071 -82.6644 6
      vertex -58.9396 -82.8893 6
      vertex -59.5242 -87.0484 6
    endloop
  endfacet
  facet normal 0 -0 1
    outer loop
      vertex -59.4588 -87.3012 6
      vertex -58.8071 -82.6644 6
      vertex -59.5242 -87.0484 6
    endloop
  endfacet
  facet normal 0 0 1
    outer loop
      vertex -57.0175 -92.4499 6
      vertex -58.8071 -82.6644 6
      vertex -59.4588 -87.3012 6
    endloop
  endfacet
  facet normal 0 0 1
    outer loop
      vertex -57.0175 -92.4499 6
      vertex -58.7374 -82.4128 6
      vertex -58.8071 -82.6644 6
    endloop
  endfacet
  facet normal 0 0 1
    outer loop
      vertex -54.0949 -71.6542 6
      vertex -57.1582 -70.2139 6
      vertex -57.0928 -70.4666 6
    endloop
  endfacet
  facet normal 0 0 1
    outer loop
      vertex -57.2868 -69.9867 6
      vertex -57.1582 -70.2139 6
      vertex -54.0949 -71.6542 6
    endloop
  endfacet
  facet normal -0 0 1
    outer loop
      vertex -56.9871 -66.3663 6
      vertex -57.4697 -69.8005 6
      vertex -56.7599 -66.2377 6
    endloop
  endfacet
  facet normal -0 0 1
    outer loop
      vertex -57.6947 -69.668 6
      vertex -57.4697 -69.8005 6
      vertex -56.9871 -66.3663 6
    endloop
  endfacet
  facet normal -0 0 1
    outer loop
      vertex -57.2398 -66.4316 6
      vertex -57.6947 -69.668 6
      vertex -56.9871 -66.3663 6
    endloop
  endfacet
  facet normal -0 0 1
    outer loop
      vertex -57.9462 -69.5982 6
      vertex -57.6947 -69.668 6
      vertex -57.2398 -66.4316 6
    endloop
  endfacet
  facet normal 0 0 1
    outer loop
      vertex -57.5009 -66.4294 6
      vertex -57.9462 -69.5982 6
      vertex -57.2398 -66.4316 6
    endloop
  endfacet
  facet normal -0 0 1
    outer loop
      vertex -69.6314 -67.956 6
      vertex -57.9462 -69.5982 6
      vertex -57.5009 -66.4294 6
    endloop
  endfacet
  facet normal 0 0 1
    outer loop
      vertex -69.186 -64.7871 6
      vertex -69.6314 -67.956 6
      vertex -57.5009 -66.4294 6
    endloop
  endfacet
  facet normal -0 0 1
    outer loop
      vertex -69.8924 -67.9537 6
      vertex -69.6314 -67.956 6
      vertex -69.186 -64.7871 6
    endloop
  endfacet
  facet normal 0 0 1
    outer loop
      vertex -69.4376 -64.7174 6
      vertex -69.8924 -67.9537 6
      vertex -69.186 -64.7871 6
    endloop
  endfacet
  facet normal 0 0 1
    outer loop
      vertex -70.1452 -68.0191 6
      vertex -69.8924 -67.9537 6
      vertex -69.4376 -64.7174 6
    endloop
  endfacet
  facet normal 0 0 1
    outer loop
      vertex -69.6625 -64.5849 6
      vertex -70.1452 -68.0191 6
      vertex -69.4376 -64.7174 6
    endloop
  endfacet
  facet normal 0 0 1
    outer loop
      vertex -70.3724 -68.1476 6
      vertex -70.1452 -68.0191 6
      vertex -69.6625 -64.5849 6
    endloop
  endfacet
  facet normal 0 0 1
    outer loop
      vertex -69.8455 -64.3987 6
      vertex -70.3724 -68.1476 6
      vertex -69.6625 -64.5849 6
    endloop
  endfacet
  facet normal 0 0 1
    outer loop
      vertex -70.5586 -68.3306 6
      vertex -70.3724 -68.1476 6
      vertex -69.8455 -64.3987 6
    endloop
  endfacet
  facet normal 0 0 1
    outer loop
      vertex -77.3122 -78.5734 6
      vertex -72.4053 -80.7533 6
      vertex -72.4031 -80.4922 6
    endloop
  endfacet
  facet normal 0 0 1
    outer loop
      vertex -72.34 -81.006 6
      vertex -72.4053 -80.7533 6
      vertex -77.3122 -78.5734 6
    endloop
  endfacet
  facet normal 0 0 1
    outer loop
      vertex -72.2114 -81.2332 6
      vertex -72.34 -81.006 6
      vertex -77.3122 -78.5734 6
    endloop
  endfacet
  facet normal 0 0 1
    outer loop
      vertex -117.965 -91.3476 6
      vertex -123.665 -92.4476 6
      vertex -123.703 -92.7323 6
    endloop
  endfacet
  facet normal -0 0 1
    outer loop
      vertex -123.703 -92.1629 6
      vertex -123.665 -92.4476 6
      vertex -117.965 -91.3476 6
    endloop
  endfacet
  facet normal -0 0 1
    outer loop
      vertex -123.813 -91.8976 6
      vertex -123.703 -92.1629 6
      vertex -117.965 -91.3476 6
    endloop
  endfacet
  facet normal 0 0 1
    outer loop
      vertex -117.965 -91.3476 6
      vertex -123.988 -91.6698 6
      vertex -123.813 -91.8976 6
    endloop
  endfacet
  facet normal -0 0 1
    outer loop
      vertex -124.215 -91.4949 6
      vertex -123.988 -91.6698 6
      vertex -117.965 -91.3476 6
    endloop
  endfacet
  facet normal 0 0 1
    outer loop
      vertex -126.665 -88.7476 6
      vertex -124.215 -91.4949 6
      vertex -117.965 -91.3476 6
    endloop
  endfacet
  facet normal -0 -0 1
    outer loop
      vertex -124.481 -91.3851 6
      vertex -124.215 -91.4949 6
      vertex -126.665 -88.7476 6
    endloop
  endfacet
  facet normal -0 -0 1
    outer loop
      vertex -124.765 -91.3476 6
      vertex -124.481 -91.3851 6
      vertex -126.665 -88.7476 6
    endloop
  endfacet
  facet normal 0 0 1
    outer loop
      vertex -126.665 -88.7476 6
      vertex -125.05 -91.3851 6
      vertex -124.765 -91.3476 6
    endloop
  endfacet
  facet normal 0 -0 1
    outer loop
      vertex -125.315 -91.4949 6
      vertex -125.05 -91.3851 6
      vertex -126.665 -88.7476 6
    endloop
  endfacet
  facet normal 0 -0 1
    outer loop
      vertex -125.543 -91.6698 6
      vertex -125.315 -91.4949 6
      vertex -126.665 -88.7476 6
    endloop
  endfacet
  facet normal 0 0 1
    outer loop
      vertex -126.924 -88.7135 6
      vertex -125.543 -91.6698 6
      vertex -126.665 -88.7476 6
    endloop
  endfacet
  facet normal 0 -0 1
    outer loop
      vertex -125.718 -91.8976 6
      vertex -125.543 -91.6698 6
      vertex -126.924 -88.7135 6
    endloop
  endfacet
  facet normal 0 0 1
    outer loop
      vertex -133.865 -96.1976 6
      vertex -125.543 -93.2254 6
      vertex -125.718 -92.9976 6
    endloop
  endfacet
  facet normal 0 0 1
    outer loop
      vertex -125.315 -93.4002 6
      vertex -125.543 -93.2254 6
      vertex -133.865 -96.1976 6
    endloop
  endfacet
  facet normal 0 0 1
    outer loop
      vertex -125.05 -93.5101 6
      vertex -125.315 -93.4002 6
      vertex -133.865 -96.1976 6
    endloop
  endfacet
  facet normal 0 0 1
    outer loop
      vertex -122.065 -96.1976 6
      vertex -125.05 -93.5101 6
      vertex -133.865 -96.1976 6
    endloop
  endfacet
  facet normal 0 0 1
    outer loop
      vertex -124.765 -93.5476 6
      vertex -125.05 -93.5101 6
      vertex -122.065 -96.1976 6
    endloop
  endfacet
  facet normal 0 0 1
    outer loop
      vertex -124.481 -93.5101 6
      vertex -124.765 -93.5476 6
      vertex -122.065 -96.1976 6
    endloop
  endfacet
  facet normal 0 0 1
    outer loop
      vertex -122.065 -96.1976 6
      vertex -124.215 -93.4002 6
      vertex -124.481 -93.5101 6
    endloop
  endfacet
  facet normal 0 0 1
    outer loop
      vertex -123.988 -93.2254 6
      vertex -124.215 -93.4002 6
      vertex -122.065 -96.1976 6
    endloop
  endfacet
  facet normal 0 0 1
    outer loop
      vertex -121.807 -96.2317 6
      vertex -123.988 -93.2254 6
      vertex -122.065 -96.1976 6
    endloop
  endfacet
  facet normal 0 0 1
    outer loop
      vertex -123.813 -92.9976 6
      vertex -123.988 -93.2254 6
      vertex -121.807 -96.2317 6
    endloop
  endfacet
  facet normal 0 0 1
    outer loop
      vertex -117.965 -91.3476 6
      vertex -123.813 -92.9976 6
      vertex -121.807 -96.2317 6
    endloop
  endfacet
  facet normal -0 0 1
    outer loop
      vertex -123.703 -92.7323 6
      vertex -123.813 -92.9976 6
      vertex -117.965 -91.3476 6
    endloop
  endfacet
  facet normal 0 0 1
    outer loop
      vertex -73.1268 -85.6416 6
      vertex -78.1873 -90.6005 6
      vertex -74.769 -97.3268 6
    endloop
  endfacet
  facet normal -0 0 1
    outer loop
      vertex -78.1353 -90.3447 6
      vertex -78.1873 -90.6005 6
      vertex -73.1268 -85.6416 6
    endloop
  endfacet
  facet normal 0 0 1
    outer loop
      vertex -77.3122 -78.5734 6
      vertex -78.1353 -90.3447 6
      vertex -73.1268 -85.6416 6
    endloop
  endfacet
  facet normal 0 0 1
    outer loop
      vertex -158.185 -98.2033 6
      vertex -155.951 -101.045 6
      vertex -155.792 -100.838 6
    endloop
  endfacet
  facet normal 0 0 1
    outer loop
      vertex -161.038 -99.5628 6
      vertex -156.051 -101.803 6
      vertex -156.085 -101.545 6
    endloop
  endfacet
  facet normal 0 0 1
    outer loop
      vertex -117.965 -111.598 6
      vertex -121.199 -109.498 6
      vertex -121.358 -109.705 6
    endloop
  endfacet
  facet normal 0 0 1
    outer loop
      vertex -121.099 -109.256 6
      vertex -121.199 -109.498 6
      vertex -117.965 -111.598 6
    endloop
  endfacet
  facet normal 0 0 1
    outer loop
      vertex -121.065 -108.998 6
      vertex -121.099 -109.256 6
      vertex -117.965 -111.598 6
    endloop
  endfacet
  facet normal 0 0 1
    outer loop
      vertex -117.965 -111.598 6
      vertex -121.065 -97.1976 6
      vertex -121.065 -108.998 6
    endloop
  endfacet
  facet normal 0 0 1
    outer loop
      vertex -117.965 -91.3476 6
      vertex -121.358 -96.4905 6
      vertex -121.199 -96.6976 6
    endloop
  endfacet
  facet normal -0 0 1
    outer loop
      vertex -121.565 -96.3316 6
      vertex -121.358 -96.4905 6
      vertex -117.965 -91.3476 6
    endloop
  endfacet
  facet normal -0 0 1
    outer loop
      vertex -121.807 -96.2317 6
      vertex -121.565 -96.3316 6
      vertex -117.965 -91.3476 6
    endloop
  endfacet
  facet normal 0 0 1
    outer loop
      vertex -136.702 -112.598 6
      vertex -133.865 -109.998 6
      vertex -134.124 -109.964 6
    endloop
  endfacet
  facet normal 0 0 1
    outer loop
      vertex -122.065 -109.998 6
      vertex -133.865 -109.998 6
      vertex -136.702 -112.598 6
    endloop
  endfacet
  facet normal 0 0 1
    outer loop
      vertex -58.3953 -102.254 6
      vertex -61.3056 -99.7239 6
      vertex -61.4918 -99.9069 6
    endloop
  endfacet
  facet normal 0 0 1
    outer loop
      vertex -61.1731 -99.499 6
      vertex -61.3056 -99.7239 6
      vertex -58.3953 -102.254 6
    endloop
  endfacet
  facet normal 0 0 1
    outer loop
      vertex -61.1033 -99.2474 6
      vertex -61.1731 -99.499 6
      vertex -58.3953 -102.254 6
    endloop
  endfacet
  facet normal 0 0 1
    outer loop
      vertex -77.3496 -100.6 6
      vertex -74.1695 -98.3865 6
      vertex -74.3944 -98.254 6
    endloop
  endfacet
  facet normal 0 0 1
    outer loop
      vertex -73.9179 -98.4562 6
      vertex -74.1695 -98.3865 6
      vertex -77.3496 -100.6 6
    endloop
  endfacet
  facet normal 0 0 1
    outer loop
      vertex -62.2328 -100.098 6
      vertex -73.9179 -98.4562 6
      vertex -77.3496 -100.6 6
    endloop
  endfacet
  facet normal 0 0 1
    outer loop
      vertex -127.665 -75.9476 6
      vertex -132.158 -77.7905 6
      vertex -131.999 -77.9976 6
    endloop
  endfacet
  facet normal -0 0 1
    outer loop
      vertex -132.365 -77.6316 6
      vertex -132.158 -77.7905 6
      vertex -127.665 -75.9476 6
    endloop
  endfacet
  facet normal 0 0 1
    outer loop
      vertex -109.665 -72.5476 6
      vertex -114.158 -75.2405 6
      vertex -113.999 -75.4476 6
    endloop
  endfacet
  facet normal -0 0 1
    outer loop
      vertex -114.365 -75.0816 6
      vertex -114.158 -75.2405 6
      vertex -109.665 -72.5476 6
    endloop
  endfacet
  facet normal 0 -0 1
    outer loop
      vertex -117.965 -91.3476 6
      vertex -114.865 -88.7476 6
      vertex -126.665 -88.7476 6
    endloop
  endfacet
  facet normal 0.995778 -0.0917916 0
    outer loop
      vertex -71.4862 -41.289 6
      vertex -71.8717 -45.471 4.8
      vertex -71.4862 -41.289 4.8
    endloop
  endfacet
  facet normal 0.995778 -0.0917916 0
    outer loop
      vertex -71.8717 -45.471 6
      vertex -71.8717 -45.471 4.8
      vertex -71.4862 -41.289 6
    endloop
  endfacet
  facet normal 0 1 -0
    outer loop
      vertex -92.7508 -34.9476 4.8
      vertex -111.765 -34.9476 6
      vertex -92.7508 -34.9476 6
    endloop
  endfacet
  facet normal 0 1 0
    outer loop
      vertex -111.765 -34.9476 4.8
      vertex -111.765 -34.9476 6
      vertex -92.7508 -34.9476 4.8
    endloop
  endfacet
  facet normal 0.999894 -0.0145618 0
    outer loop
      vertex -92.7508 -34.9476 6
      vertex -92.787 -37.4333 4.8
      vertex -92.7508 -34.9476 4.8
    endloop
  endfacet
  facet normal 0.999894 -0.0145618 0
    outer loop
      vertex -92.787 -37.4333 6
      vertex -92.787 -37.4333 4.8
      vertex -92.7508 -34.9476 6
    endloop
  endfacet
  facet normal 0 -1 0
    outer loop
      vertex -117.965 -91.3476 4.8
      vertex -111.765 -91.3476 6
      vertex -117.965 -91.3476 6
    endloop
  endfacet
  facet normal 0 -1 0
    outer loop
      vertex -111.765 -91.3476 4.8
      vertex -111.765 -91.3476 6
      vertex -117.965 -91.3476 4.8
    endloop
  endfacet
  facet normal 1 0 0
    outer loop
      vertex -117.965 -91.3476 6
      vertex -117.965 -111.598 4.8
      vertex -117.965 -91.3476 4.8
    endloop
  endfacet
  facet normal 1 -0 0
    outer loop
      vertex -117.965 -111.598 6
      vertex -117.965 -111.598 4.8
      vertex -117.965 -91.3476 6
    endloop
  endfacet
  facet normal -0.999749 0.0224105 0
    outer loop
      vertex -77.7923 -96.073 6
      vertex -77.8054 -96.6574 4.8
      vertex -77.8054 -96.6574 6
    endloop
  endfacet
  facet normal -0.999749 0.0224105 0
    outer loop
      vertex -77.7923 -96.073 4.8
      vertex -77.8054 -96.6574 4.8
      vertex -77.7923 -96.073 6
    endloop
  endfacet
  facet normal -0.977614 -0.210405 0
    outer loop
      vertex -77.9153 -95.5015 6
      vertex -77.7923 -96.073 4.8
      vertex -77.7923 -96.073 6
    endloop
  endfacet
  facet normal -0.977614 -0.210405 0
    outer loop
      vertex -77.9153 -95.5015 4.8
      vertex -77.7923 -96.073 4.8
      vertex -77.9153 -95.5015 6
    endloop
  endfacet
  facet normal -0.902059 -0.431613 0
    outer loop
      vertex -78.1676 -94.9742 6
      vertex -77.9153 -95.5015 4.8
      vertex -77.9153 -95.5015 6
    endloop
  endfacet
  facet normal -0.902059 -0.431613 0
    outer loop
      vertex -78.1676 -94.9742 4.8
      vertex -77.9153 -95.5015 4.8
      vertex -78.1676 -94.9742 6
    endloop
  endfacet
  facet normal -0.777201 -0.629252 0
    outer loop
      vertex -78.5355 -94.5198 6
      vertex -78.1676 -94.9742 4.8
      vertex -78.1676 -94.9742 6
    endloop
  endfacet
  facet normal -0.777201 -0.629252 0
    outer loop
      vertex -78.5355 -94.5198 4.8
      vertex -78.1676 -94.9742 4.8
      vertex -78.5355 -94.5198 6
    endloop
  endfacet
  facet normal -0.609727 -0.792611 0
    outer loop
      vertex -78.9988 -94.1634 6
      vertex -78.5355 -94.5198 4.8
      vertex -78.5355 -94.5198 6
    endloop
  endfacet
  facet normal -0.609727 -0.792611 0
    outer loop
      vertex -78.9988 -94.1634 4.8
      vertex -78.5355 -94.5198 4.8
      vertex -78.9988 -94.1634 6
    endloop
  endfacet
  facet normal -0.408977 -0.912545 0
    outer loop
      vertex -79.5323 -93.9243 6
      vertex -78.9988 -94.1634 4.8
      vertex -78.9988 -94.1634 6
    endloop
  endfacet
  facet normal -0.408977 -0.912545 0
    outer loop
      vertex -79.5323 -93.9243 4.8
      vertex -78.9988 -94.1634 4.8
      vertex -79.5323 -93.9243 6
    endloop
  endfacet
  facet normal -0.185941 -0.982561 0
    outer loop
      vertex -80.1067 -93.8156 6
      vertex -79.5323 -93.9243 4.8
      vertex -79.5323 -93.9243 6
    endloop
  endfacet
  facet normal -0.185941 -0.982561 0
    outer loop
      vertex -80.1067 -93.8156 4.8
      vertex -79.5323 -93.9243 4.8
      vertex -80.1067 -93.8156 6
    endloop
  endfacet
  facet normal -0.069754 -0.997564 -0
    outer loop
      vertex -80.1067 -93.8156 6
      vertex -94.2477 -92.8268 4.8
      vertex -80.1067 -93.8156 4.8
    endloop
  endfacet
  facet normal -0.069754 -0.997564 -0
    outer loop
      vertex -94.2477 -92.8268 6
      vertex -94.2477 -92.8268 4.8
      vertex -80.1067 -93.8156 6
    endloop
  endfacet
  facet normal -0.990268 0.139173 0
    outer loop
      vertex -77.8054 -96.6574 4.8
      vertex -78.2007 -99.4701 6
      vertex -77.8054 -96.6574 6
    endloop
  endfacet
  facet normal -0.990268 0.139173 0
    outer loop
      vertex -78.2007 -99.4701 4.8
      vertex -78.2007 -99.4701 6
      vertex -77.8054 -96.6574 4.8
    endloop
  endfacet
  facet normal -0.998885 -0.0472076 0
    outer loop
      vertex -95.1236 -90.038 6
      vertex -95.096 -90.622 4.8
      vertex -95.096 -90.622 6
    endloop
  endfacet
  facet normal -0.998885 -0.0472076 0
    outer loop
      vertex -95.1236 -90.038 4.8
      vertex -95.096 -90.622 4.8
      vertex -95.1236 -90.038 6
    endloop
  endfacet
  facet normal -0.960537 -0.278154 0
    outer loop
      vertex -95.2862 -89.4765 6
      vertex -95.1236 -90.038 4.8
      vertex -95.1236 -90.038 6
    endloop
  endfacet
  facet normal -0.960537 -0.278154 0
    outer loop
      vertex -95.2862 -89.4765 4.8
      vertex -95.1236 -90.038 4.8
      vertex -95.2862 -89.4765 6
    endloop
  endfacet
  facet normal -0.869765 -0.493466 0
    outer loop
      vertex -95.5747 -88.968 6
      vertex -95.2862 -89.4765 4.8
      vertex -95.2862 -89.4765 6
    endloop
  endfacet
  facet normal -0.869765 -0.493466 0
    outer loop
      vertex -95.5747 -88.968 4.8
      vertex -95.2862 -89.4765 4.8
      vertex -95.5747 -88.968 6
    endloop
  endfacet
  facet normal -0.731311 -0.682044 0
    outer loop
      vertex -95.9734 -88.5405 6
      vertex -95.5747 -88.968 4.8
      vertex -95.5747 -88.968 6
    endloop
  endfacet
  facet normal -0.731311 -0.682044 0
    outer loop
      vertex -95.9734 -88.5405 4.8
      vertex -95.5747 -88.968 4.8
      vertex -95.9734 -88.5405 6
    endloop
  endfacet
  facet normal -0.553081 -0.833128 0
    outer loop
      vertex -96.4604 -88.2172 6
      vertex -95.9734 -88.5405 4.8
      vertex -95.9734 -88.5405 6
    endloop
  endfacet
  facet normal -0.553081 -0.833128 0
    outer loop
      vertex -96.4604 -88.2172 4.8
      vertex -95.9734 -88.5405 4.8
      vertex -96.4604 -88.2172 6
    endloop
  endfacet
  facet normal -0.34431 -0.938856 0
    outer loop
      vertex -97.0093 -88.0159 6
      vertex -96.4604 -88.2172 4.8
      vertex -96.4604 -88.2172 6
    endloop
  endfacet
  facet normal -0.34431 -0.938856 0
    outer loop
      vertex -97.0093 -88.0159 4.8
      vertex -96.4604 -88.2172 4.8
      vertex -97.0093 -88.0159 6
    endloop
  endfacet
  facet normal -0.116831 -0.993152 0
    outer loop
      vertex -97.5899 -87.9476 6
      vertex -97.0093 -88.0159 4.8
      vertex -97.0093 -88.0159 6
    endloop
  endfacet
  facet normal -0.116831 -0.993152 0
    outer loop
      vertex -97.5899 -87.9476 4.8
      vertex -97.0093 -88.0159 4.8
      vertex -97.5899 -87.9476 6
    endloop
  endfacet
  facet normal 0 -1 -0
    outer loop
      vertex -97.5899 -87.9476 6
      vertex -108.267 -87.9476 4.8
      vertex -97.5899 -87.9476 4.8
    endloop
  endfacet
  facet normal 0 -1 0
    outer loop
      vertex -108.267 -87.9476 6
      vertex -108.267 -87.9476 4.8
      vertex -97.5899 -87.9476 6
    endloop
  endfacet
  facet normal 0.128224 -0.991745 0
    outer loop
      vertex -108.902 -88.0297 6
      vertex -108.267 -87.9476 4.8
      vertex -108.267 -87.9476 6
    endloop
  endfacet
  facet normal 0.128224 -0.991745 0
    outer loop
      vertex -108.902 -88.0297 4.8
      vertex -108.267 -87.9476 4.8
      vertex -108.902 -88.0297 6
    endloop
  endfacet
  facet normal 0.375959 -0.926636 0
    outer loop
      vertex -109.496 -88.2707 6
      vertex -108.902 -88.0297 4.8
      vertex -108.902 -88.0297 6
    endloop
  endfacet
  facet normal 0.375959 -0.926636 0
    outer loop
      vertex -109.496 -88.2707 4.8
      vertex -108.902 -88.0297 4.8
      vertex -109.496 -88.2707 6
    endloop
  endfacet
  facet normal 0.599251 -0.800561 0
    outer loop
      vertex -110.009 -88.6547 6
      vertex -109.496 -88.2707 4.8
      vertex -109.496 -88.2707 6
    endloop
  endfacet
  facet normal 0.599251 -0.800561 0
    outer loop
      vertex -110.009 -88.6547 4.8
      vertex -109.496 -88.2707 4.8
      vertex -110.009 -88.6547 6
    endloop
  endfacet
  facet normal 0.782782 -0.622296 0
    outer loop
      vertex -110.408 -89.1566 6
      vertex -110.009 -88.6547 4.8
      vertex -110.009 -88.6547 6
    endloop
  endfacet
  facet normal 0.782782 -0.622296 0
    outer loop
      vertex -110.408 -89.1566 4.8
      vertex -110.009 -88.6547 4.8
      vertex -110.408 -89.1566 6
    endloop
  endfacet
  facet normal 0.915375 -0.402603 0
    outer loop
      vertex -110.666 -89.7432 6
      vertex -110.408 -89.1566 4.8
      vertex -110.408 -89.1566 6
    endloop
  endfacet
  facet normal 0.915375 -0.402603 0
    outer loop
      vertex -110.666 -89.7432 4.8
      vertex -110.408 -89.1566 4.8
      vertex -110.666 -89.7432 6
    endloop
  endfacet
  facet normal 0.98775 -0.156043 0
    outer loop
      vertex -110.766 -90.3762 6
      vertex -110.666 -89.7432 4.8
      vertex -110.666 -89.7432 6
    endloop
  endfacet
  facet normal 0.98775 -0.156043 0
    outer loop
      vertex -110.766 -90.3762 4.8
      vertex -110.666 -89.7432 4.8
      vertex -110.766 -90.3762 6
    endloop
  endfacet
  facet normal -0.997567 0.06972 0
    outer loop
      vertex -95.096 -90.622 4.8
      vertex -95.1755 -91.7595 6
      vertex -95.096 -90.622 6
    endloop
  endfacet
  facet normal -0.997567 0.06972 0
    outer loop
      vertex -95.1755 -91.7595 4.8
      vertex -95.1755 -91.7595 6
      vertex -95.096 -90.622 4.8
    endloop
  endfacet
  facet normal -0.486261 0.873814 0
    outer loop
      vertex -163.848 -101.012 6
      vertex -166.61 -102.549 4.8
      vertex -166.61 -102.549 6
    endloop
  endfacet
  facet normal -0.486261 0.873814 0
    outer loop
      vertex -163.848 -101.012 4.8
      vertex -166.61 -102.549 4.8
      vertex -163.848 -101.012 6
    endloop
  endfacet
  facet normal -0.458363 0.888765 0
    outer loop
      vertex -161.038 -99.5628 6
      vertex -163.848 -101.012 4.8
      vertex -163.848 -101.012 6
    endloop
  endfacet
  facet normal -0.458363 0.888765 0
    outer loop
      vertex -161.038 -99.5628 4.8
      vertex -163.848 -101.012 4.8
      vertex -161.038 -99.5628 6
    endloop
  endfacet
  facet normal -0.430173 0.902746 0
    outer loop
      vertex -158.185 -98.2033 6
      vertex -161.038 -99.5628 4.8
      vertex -161.038 -99.5628 6
    endloop
  endfacet
  facet normal -0.430173 0.902746 0
    outer loop
      vertex -158.185 -98.2033 4.8
      vertex -161.038 -99.5628 4.8
      vertex -158.185 -98.2033 6
    endloop
  endfacet
  facet normal -0.499984 0.866035 0
    outer loop
      vertex -166.61 -102.549 4.8
      vertex -178.941 -109.668 6
      vertex -166.61 -102.549 6
    endloop
  endfacet
  facet normal -0.499984 0.866035 0
    outer loop
      vertex -178.941 -109.668 4.8
      vertex -178.941 -109.668 6
      vertex -166.61 -102.549 4.8
    endloop
  endfacet
  facet normal -0.415734 0.909486 0
    outer loop
      vertex -158.185 -98.2033 6
      vertex -149.934 -94.4317 4.8
      vertex -158.185 -98.2033 4.8
    endloop
  endfacet
  facet normal -0.415734 0.909486 0
    outer loop
      vertex -149.934 -94.4317 6
      vertex -149.934 -94.4317 4.8
      vertex -158.185 -98.2033 6
    endloop
  endfacet
  facet normal -0.129174 0.991622 0
    outer loop
      vertex -132.493 -40.8141 6
      vertex -133.134 -40.8976 4.8
      vertex -133.134 -40.8976 6
    endloop
  endfacet
  facet normal -0.129174 0.991622 0
    outer loop
      vertex -132.493 -40.8141 4.8
      vertex -133.134 -40.8976 4.8
      vertex -132.493 -40.8141 6
    endloop
  endfacet
  facet normal -0.379115 0.92535 0
    outer loop
      vertex -131.895 -40.5691 6
      vertex -132.493 -40.8141 4.8
      vertex -132.493 -40.8141 6
    endloop
  endfacet
  facet normal -0.379115 0.92535 0
    outer loop
      vertex -131.895 -40.5691 4.8
      vertex -132.493 -40.8141 4.8
      vertex -131.895 -40.5691 6
    endloop
  endfacet
  facet normal -0.60361 0.79728 0
    outer loop
      vertex -131.38 -40.1792 6
      vertex -131.895 -40.5691 4.8
      vertex -131.895 -40.5691 6
    endloop
  endfacet
  facet normal -0.60361 0.79728 0
    outer loop
      vertex -131.38 -40.1792 4.8
      vertex -131.895 -40.5691 4.8
      vertex -131.38 -40.1792 6
    endloop
  endfacet
  facet normal -0.787766 0.615974 0
    outer loop
      vertex -130.982 -39.6702 6
      vertex -131.38 -40.1792 4.8
      vertex -131.38 -40.1792 6
    endloop
  endfacet
  facet normal -0.787766 0.615974 0
    outer loop
      vertex -130.982 -39.6702 4.8
      vertex -131.38 -40.1792 4.8
      vertex -130.982 -39.6702 6
    endloop
  endfacet
  facet normal -0.919489 0.393116 0
    outer loop
      vertex -130.728 -39.0761 6
      vertex -130.982 -39.6702 4.8
      vertex -130.982 -39.6702 6
    endloop
  endfacet
  facet normal -0.919489 0.393116 0
    outer loop
      vertex -130.728 -39.0761 4.8
      vertex -130.982 -39.6702 4.8
      vertex -130.728 -39.0761 6
    endloop
  endfacet
  facet normal 0 1 -0
    outer loop
      vertex -133.134 -40.8976 4.8
      vertex -147.765 -40.8976 6
      vertex -133.134 -40.8976 6
    endloop
  endfacet
  facet normal 0 1 0
    outer loop
      vertex -147.765 -40.8976 4.8
      vertex -147.765 -40.8976 6
      vertex -133.134 -40.8976 4.8
    endloop
  endfacet
  facet normal -0.128179 0.991751 0
    outer loop
      vertex -114.628 -38.2654 6
      vertex -115.264 -38.3476 4.8
      vertex -115.264 -38.3476 6
    endloop
  endfacet
  facet normal -0.128179 0.991751 0
    outer loop
      vertex -114.628 -38.2654 4.8
      vertex -115.264 -38.3476 4.8
      vertex -114.628 -38.2654 6
    endloop
  endfacet
  facet normal -0.376503 0.926415 0
    outer loop
      vertex -114.035 -38.0244 6
      vertex -114.628 -38.2654 4.8
      vertex -114.628 -38.2654 6
    endloop
  endfacet
  facet normal -0.376503 0.926415 0
    outer loop
      vertex -114.035 -38.0244 4.8
      vertex -114.628 -38.2654 4.8
      vertex -114.035 -38.0244 6
    endloop
  endfacet
  facet normal -0.599251 0.800561 0
    outer loop
      vertex -113.522 -37.6404 6
      vertex -114.035 -38.0244 4.8
      vertex -114.035 -38.0244 6
    endloop
  endfacet
  facet normal -0.599251 0.800561 0
    outer loop
      vertex -113.522 -37.6404 4.8
      vertex -114.035 -38.0244 4.8
      vertex -113.522 -37.6404 6
    endloop
  endfacet
  facet normal -0.782722 0.622372 0
    outer loop
      vertex -113.123 -37.1386 6
      vertex -113.522 -37.6404 4.8
      vertex -113.522 -37.6404 6
    endloop
  endfacet
  facet normal -0.782722 0.622372 0
    outer loop
      vertex -113.123 -37.1386 4.8
      vertex -113.522 -37.6404 4.8
      vertex -113.123 -37.1386 6
    endloop
  endfacet
  facet normal -0.9154 0.402545 0
    outer loop
      vertex -112.865 -36.5519 6
      vertex -113.123 -37.1386 4.8
      vertex -113.123 -37.1386 6
    endloop
  endfacet
  facet normal -0.9154 0.402545 0
    outer loop
      vertex -112.865 -36.5519 4.8
      vertex -113.123 -37.1386 4.8
      vertex -112.865 -36.5519 6
    endloop
  endfacet
  facet normal -0.987747 0.156067 0
    outer loop
      vertex -112.765 -35.919 6
      vertex -112.865 -36.5519 4.8
      vertex -112.865 -36.5519 6
    endloop
  endfacet
  facet normal -0.987747 0.156067 0
    outer loop
      vertex -112.765 -35.919 4.8
      vertex -112.865 -36.5519 4.8
      vertex -112.765 -35.919 6
    endloop
  endfacet
  facet normal 0 1 -0
    outer loop
      vertex -115.264 -38.3476 4.8
      vertex -129.765 -38.3476 6
      vertex -115.264 -38.3476 6
    endloop
  endfacet
  facet normal 0 1 0
    outer loop
      vertex -129.765 -38.3476 4.8
      vertex -129.765 -38.3476 6
      vertex -115.264 -38.3476 4.8
    endloop
  endfacet
  facet normal 0.99938 0.0352017 0
    outer loop
      vertex -71.8494 -46.1041 6
      vertex -71.8717 -45.471 4.8
      vertex -71.8717 -45.471 6
    endloop
  endfacet
  facet normal 0.99938 0.0352017 -0
    outer loop
      vertex -71.8494 -46.1041 4.8
      vertex -71.8717 -45.471 4.8
      vertex -71.8494 -46.1041 6
    endloop
  endfacet
  facet normal 0.958458 0.285233 0
    outer loop
      vertex -71.6687 -46.7113 6
      vertex -71.8494 -46.1041 4.8
      vertex -71.8494 -46.1041 6
    endloop
  endfacet
  facet normal 0.958458 0.285233 -0
    outer loop
      vertex -71.6687 -46.7113 4.8
      vertex -71.8494 -46.1041 4.8
      vertex -71.6687 -46.7113 6
    endloop
  endfacet
  facet normal 0.856013 0.516954 0
    outer loop
      vertex -71.3412 -47.2536 6
      vertex -71.6687 -46.7113 4.8
      vertex -71.6687 -46.7113 6
    endloop
  endfacet
  facet normal 0.856013 0.516954 -0
    outer loop
      vertex -71.3412 -47.2536 4.8
      vertex -71.6687 -46.7113 4.8
      vertex -71.3412 -47.2536 6
    endloop
  endfacet
  facet normal 0.698531 0.71558 0
    outer loop
      vertex -70.8879 -47.6961 6
      vertex -71.3412 -47.2536 4.8
      vertex -71.3412 -47.2536 6
    endloop
  endfacet
  facet normal 0.698531 0.71558 -0
    outer loop
      vertex -70.8879 -47.6961 4.8
      vertex -71.3412 -47.2536 4.8
      vertex -70.8879 -47.6961 6
    endloop
  endfacet
  facet normal 0.496275 0.868165 0
    outer loop
      vertex -70.3379 -48.0105 6
      vertex -70.8879 -47.6961 4.8
      vertex -70.8879 -47.6961 6
    endloop
  endfacet
  facet normal 0.496275 0.868165 -0
    outer loop
      vertex -70.3379 -48.0105 4.8
      vertex -70.8879 -47.6961 4.8
      vertex -70.3379 -48.0105 6
    endloop
  endfacet
  facet normal 0.262169 0.965022 0
    outer loop
      vertex -69.7265 -48.1766 6
      vertex -70.3379 -48.0105 4.8
      vertex -70.3379 -48.0105 6
    endloop
  endfacet
  facet normal 0.262169 0.965022 -0
    outer loop
      vertex -69.7265 -48.1766 4.8
      vertex -70.3379 -48.0105 4.8
      vertex -69.7265 -48.1766 6
    endloop
  endfacet
  facet normal 0.137702 0.990474 0
    outer loop
      vertex -69.7265 -48.1766 6
      vertex -52.1486 -50.6204 4.8
      vertex -69.7265 -48.1766 4.8
    endloop
  endfacet
  facet normal 0.137702 0.990474 0
    outer loop
      vertex -52.1486 -50.6204 6
      vertex -52.1486 -50.6204 4.8
      vertex -69.7265 -48.1766 6
    endloop
  endfacet
  facet normal 0.226818 0.973937 0
    outer loop
      vertex -91.1496 -39.8164 4.8
      vertex -90.5506 -39.9559 6
      vertex -90.5506 -39.9559 4.8
    endloop
  endfacet
  facet normal 0.226818 0.973937 0
    outer loop
      vertex -91.1496 -39.8164 6
      vertex -90.5506 -39.9559 6
      vertex -91.1496 -39.8164 4.8
    endloop
  endfacet
  facet normal 0.457848 0.889031 0
    outer loop
      vertex -91.6964 -39.5348 4.8
      vertex -91.1496 -39.8164 6
      vertex -91.1496 -39.8164 4.8
    endloop
  endfacet
  facet normal 0.457848 0.889031 0
    outer loop
      vertex -91.6964 -39.5348 6
      vertex -91.1496 -39.8164 6
      vertex -91.6964 -39.5348 4.8
    endloop
  endfacet
  facet normal 0.660895 0.750478 0
    outer loop
      vertex -92.158 -39.1283 4.8
      vertex -91.6964 -39.5348 6
      vertex -91.6964 -39.5348 4.8
    endloop
  endfacet
  facet normal 0.660895 0.750478 0
    outer loop
      vertex -92.158 -39.1283 6
      vertex -91.6964 -39.5348 6
      vertex -92.158 -39.1283 4.8
    endloop
  endfacet
  facet normal 0.824189 0.566315 0
    outer loop
      vertex -92.5063 -38.6214 4.8
      vertex -92.158 -39.1283 6
      vertex -92.158 -39.1283 4.8
    endloop
  endfacet
  facet normal 0.824189 0.566315 0
    outer loop
      vertex -92.5063 -38.6214 6
      vertex -92.158 -39.1283 6
      vertex -92.5063 -38.6214 4.8
    endloop
  endfacet
  facet normal 0.937513 0.34795 0
    outer loop
      vertex -92.7203 -38.0448 4.8
      vertex -92.5063 -38.6214 6
      vertex -92.5063 -38.6214 4.8
    endloop
  endfacet
  facet normal 0.937513 0.34795 0
    outer loop
      vertex -92.7203 -38.0448 6
      vertex -92.5063 -38.6214 6
      vertex -92.7203 -38.0448 4.8
    endloop
  endfacet
  facet normal 0.994104 0.108433 0
    outer loop
      vertex -92.787 -37.4333 4.8
      vertex -92.7203 -38.0448 6
      vertex -92.7203 -38.0448 4.8
    endloop
  endfacet
  facet normal 0.994104 0.108433 0
    outer loop
      vertex -92.787 -37.4333 6
      vertex -92.7203 -38.0448 6
      vertex -92.787 -37.4333 4.8
    endloop
  endfacet
  facet normal -0.516915 0.856037 0
    outer loop
      vertex -149.544 -94.1962 6
      vertex -149.934 -94.4317 4.8
      vertex -149.934 -94.4317 6
    endloop
  endfacet
  facet normal -0.516915 0.856037 0
    outer loop
      vertex -149.544 -94.1962 4.8
      vertex -149.934 -94.4317 4.8
      vertex -149.544 -94.1962 6
    endloop
  endfacet
  facet normal -0.696834 0.717232 0
    outer loop
      vertex -149.217 -93.8785 6
      vertex -149.544 -94.1962 4.8
      vertex -149.544 -94.1962 6
    endloop
  endfacet
  facet normal -0.696834 0.717232 0
    outer loop
      vertex -149.217 -93.8785 4.8
      vertex -149.544 -94.1962 4.8
      vertex -149.217 -93.8785 6
    endloop
  endfacet
  facet normal -0.840779 0.541378 0
    outer loop
      vertex -148.97 -93.4949 6
      vertex -149.217 -93.8785 4.8
      vertex -149.217 -93.8785 6
    endloop
  endfacet
  facet normal -0.840779 0.541378 0
    outer loop
      vertex -148.97 -93.4949 4.8
      vertex -149.217 -93.8785 4.8
      vertex -148.97 -93.4949 6
    endloop
  endfacet
  facet normal -0.941965 0.335711 0
    outer loop
      vertex -148.817 -93.0656 6
      vertex -148.97 -93.4949 4.8
      vertex -148.97 -93.4949 6
    endloop
  endfacet
  facet normal -0.941965 0.335711 0
    outer loop
      vertex -148.817 -93.0656 4.8
      vertex -148.97 -93.4949 4.8
      vertex -148.817 -93.0656 6
    endloop
  endfacet
  facet normal -0.99347 0.114091 0
    outer loop
      vertex -148.765 -92.6128 6
      vertex -148.817 -93.0656 4.8
      vertex -148.817 -93.0656 6
    endloop
  endfacet
  facet normal -0.99347 0.114091 0
    outer loop
      vertex -148.765 -92.6128 4.8
      vertex -148.817 -93.0656 4.8
      vertex -148.765 -92.6128 6
    endloop
  endfacet
  facet normal -1 0 0
    outer loop
      vertex -148.765 -92.6128 6
      vertex -148.765 -41.8976 4.8
      vertex -148.765 -92.6128 4.8
    endloop
  endfacet
  facet normal -1 -0 -0
    outer loop
      vertex -148.765 -41.8976 6
      vertex -148.765 -41.8976 4.8
      vertex -148.765 -92.6128 6
    endloop
  endfacet
  facet normal 0 1 0
    outer loop
      vertex -126.665 -54.7476 6
      vertex -114.865 -54.7476 4.8
      vertex -126.665 -54.7476 4.8
    endloop
  endfacet
  facet normal 0 1 0
    outer loop
      vertex -114.865 -54.7476 6
      vertex -114.865 -54.7476 4.8
      vertex -126.665 -54.7476 6
    endloop
  endfacet
  facet normal 0.99148 0.130256 0
    outer loop
      vertex -127.631 -54.0064 6
      vertex -127.665 -53.7476 4.8
      vertex -127.665 -53.7476 6
    endloop
  endfacet
  facet normal 0.99148 0.130256 -0
    outer loop
      vertex -127.631 -54.0064 4.8
      vertex -127.665 -53.7476 4.8
      vertex -127.631 -54.0064 6
    endloop
  endfacet
  facet normal 0.923755 0.382983 0
    outer loop
      vertex -127.531 -54.2476 6
      vertex -127.631 -54.0064 4.8
      vertex -127.631 -54.0064 6
    endloop
  endfacet
  facet normal 0.923755 0.382983 -0
    outer loop
      vertex -127.531 -54.2476 4.8
      vertex -127.631 -54.0064 4.8
      vertex -127.531 -54.2476 6
    endloop
  endfacet
  facet normal 0.793193 0.60897 0
    outer loop
      vertex -127.372 -54.4547 6
      vertex -127.531 -54.2476 4.8
      vertex -127.531 -54.2476 6
    endloop
  endfacet
  facet normal 0.793193 0.60897 -0
    outer loop
      vertex -127.372 -54.4547 4.8
      vertex -127.531 -54.2476 4.8
      vertex -127.372 -54.4547 6
    endloop
  endfacet
  facet normal 0.608914 0.793236 0
    outer loop
      vertex -127.165 -54.6136 6
      vertex -127.372 -54.4547 4.8
      vertex -127.372 -54.4547 6
    endloop
  endfacet
  facet normal 0.608914 0.793236 -0
    outer loop
      vertex -127.165 -54.6136 4.8
      vertex -127.372 -54.4547 4.8
      vertex -127.165 -54.6136 6
    endloop
  endfacet
  facet normal 0.382927 0.923778 0
    outer loop
      vertex -126.924 -54.7135 6
      vertex -127.165 -54.6136 4.8
      vertex -127.165 -54.6136 6
    endloop
  endfacet
  facet normal 0.382927 0.923778 -0
    outer loop
      vertex -126.924 -54.7135 4.8
      vertex -127.165 -54.6136 4.8
      vertex -126.924 -54.7135 6
    endloop
  endfacet
  facet normal 0.130534 0.991444 0
    outer loop
      vertex -126.665 -54.7476 6
      vertex -126.924 -54.7135 4.8
      vertex -126.924 -54.7135 6
    endloop
  endfacet
  facet normal 0.130534 0.991444 -0
    outer loop
      vertex -126.665 -54.7476 4.8
      vertex -126.924 -54.7135 4.8
      vertex -126.665 -54.7476 6
    endloop
  endfacet
  facet normal 1 0 0
    outer loop
      vertex -127.665 -41.9476 6
      vertex -127.665 -53.7476 4.8
      vertex -127.665 -41.9476 4.8
    endloop
  endfacet
  facet normal 1 -0 0
    outer loop
      vertex -127.665 -53.7476 6
      vertex -127.665 -53.7476 4.8
      vertex -127.665 -41.9476 6
    endloop
  endfacet
  facet normal 0.130534 -0.991444 0
    outer loop
      vertex -126.924 -40.9817 6
      vertex -126.665 -40.9476 4.8
      vertex -126.665 -40.9476 6
    endloop
  endfacet
  facet normal 0.130534 -0.991444 0
    outer loop
      vertex -126.924 -40.9817 4.8
      vertex -126.665 -40.9476 4.8
      vertex -126.924 -40.9817 6
    endloop
  endfacet
  facet normal 0.382927 -0.923778 0
    outer loop
      vertex -127.165 -41.0816 6
      vertex -126.924 -40.9817 4.8
      vertex -126.924 -40.9817 6
    endloop
  endfacet
  facet normal 0.382927 -0.923778 0
    outer loop
      vertex -127.165 -41.0816 4.8
      vertex -126.924 -40.9817 4.8
      vertex -127.165 -41.0816 6
    endloop
  endfacet
  facet normal 0.608914 -0.793236 0
    outer loop
      vertex -127.372 -41.2405 6
      vertex -127.165 -41.0816 4.8
      vertex -127.165 -41.0816 6
    endloop
  endfacet
  facet normal 0.608914 -0.793236 0
    outer loop
      vertex -127.372 -41.2405 4.8
      vertex -127.165 -41.0816 4.8
      vertex -127.372 -41.2405 6
    endloop
  endfacet
  facet normal 0.793193 -0.60897 0
    outer loop
      vertex -127.531 -41.4476 6
      vertex -127.372 -41.2405 4.8
      vertex -127.372 -41.2405 6
    endloop
  endfacet
  facet normal 0.793193 -0.60897 0
    outer loop
      vertex -127.531 -41.4476 4.8
      vertex -127.372 -41.2405 4.8
      vertex -127.531 -41.4476 6
    endloop
  endfacet
  facet normal 0.923755 -0.382983 0
    outer loop
      vertex -127.631 -41.6888 6
      vertex -127.531 -41.4476 4.8
      vertex -127.531 -41.4476 6
    endloop
  endfacet
  facet normal 0.923755 -0.382983 0
    outer loop
      vertex -127.631 -41.6888 4.8
      vertex -127.531 -41.4476 4.8
      vertex -127.631 -41.6888 6
    endloop
  endfacet
  facet normal 0.99148 -0.130256 0
    outer loop
      vertex -127.665 -41.9476 6
      vertex -127.631 -41.6888 4.8
      vertex -127.631 -41.6888 6
    endloop
  endfacet
  facet normal 0.99148 -0.130256 0
    outer loop
      vertex -127.665 -41.9476 4.8
      vertex -127.631 -41.6888 4.8
      vertex -127.665 -41.9476 6
    endloop
  endfacet
  facet normal 0 -1 -0
    outer loop
      vertex -114.865 -40.9476 6
      vertex -126.665 -40.9476 4.8
      vertex -114.865 -40.9476 4.8
    endloop
  endfacet
  facet normal 0 -1 0
    outer loop
      vertex -126.665 -40.9476 6
      vertex -126.665 -40.9476 4.8
      vertex -114.865 -40.9476 6
    endloop
  endfacet
  facet normal -0.99148 -0.130256 0
    outer loop
      vertex -113.899 -41.6888 6
      vertex -113.865 -41.9476 4.8
      vertex -113.865 -41.9476 6
    endloop
  endfacet
  facet normal -0.99148 -0.130256 0
    outer loop
      vertex -113.899 -41.6888 4.8
      vertex -113.865 -41.9476 4.8
      vertex -113.899 -41.6888 6
    endloop
  endfacet
  facet normal -0.923755 -0.382983 0
    outer loop
      vertex -113.999 -41.4476 6
      vertex -113.899 -41.6888 4.8
      vertex -113.899 -41.6888 6
    endloop
  endfacet
  facet normal -0.923755 -0.382983 0
    outer loop
      vertex -113.999 -41.4476 4.8
      vertex -113.899 -41.6888 4.8
      vertex -113.999 -41.4476 6
    endloop
  endfacet
  facet normal -0.793193 -0.60897 0
    outer loop
      vertex -114.158 -41.2405 6
      vertex -113.999 -41.4476 4.8
      vertex -113.999 -41.4476 6
    endloop
  endfacet
  facet normal -0.793193 -0.60897 0
    outer loop
      vertex -114.158 -41.2405 4.8
      vertex -113.999 -41.4476 4.8
      vertex -114.158 -41.2405 6
    endloop
  endfacet
  facet normal -0.608914 -0.793236 0
    outer loop
      vertex -114.365 -41.0816 6
      vertex -114.158 -41.2405 4.8
      vertex -114.158 -41.2405 6
    endloop
  endfacet
  facet normal -0.608914 -0.793236 0
    outer loop
      vertex -114.365 -41.0816 4.8
      vertex -114.158 -41.2405 4.8
      vertex -114.365 -41.0816 6
    endloop
  endfacet
  facet normal -0.381576 -0.924338 0
    outer loop
      vertex -114.607 -40.9817 6
      vertex -114.365 -41.0816 4.8
      vertex -114.365 -41.0816 6
    endloop
  endfacet
  facet normal -0.381576 -0.924338 0
    outer loop
      vertex -114.607 -40.9817 4.8
      vertex -114.365 -41.0816 4.8
      vertex -114.607 -40.9817 6
    endloop
  endfacet
  facet normal -0.131031 -0.991378 0
    outer loop
      vertex -114.865 -40.9476 6
      vertex -114.607 -40.9817 4.8
      vertex -114.607 -40.9817 6
    endloop
  endfacet
  facet normal -0.131031 -0.991378 0
    outer loop
      vertex -114.865 -40.9476 4.8
      vertex -114.607 -40.9817 4.8
      vertex -114.865 -40.9476 6
    endloop
  endfacet
  facet normal -1 0 0
    outer loop
      vertex -113.865 -53.7476 6
      vertex -113.865 -41.9476 4.8
      vertex -113.865 -53.7476 4.8
    endloop
  endfacet
  facet normal -1 -0 -0
    outer loop
      vertex -113.865 -41.9476 6
      vertex -113.865 -41.9476 4.8
      vertex -113.865 -53.7476 6
    endloop
  endfacet
  facet normal -0.131031 0.991378 0
    outer loop
      vertex -114.607 -54.7135 6
      vertex -114.865 -54.7476 4.8
      vertex -114.865 -54.7476 6
    endloop
  endfacet
  facet normal -0.131031 0.991378 0
    outer loop
      vertex -114.607 -54.7135 4.8
      vertex -114.865 -54.7476 4.8
      vertex -114.607 -54.7135 6
    endloop
  endfacet
  facet normal -0.381576 0.924338 0
    outer loop
      vertex -114.365 -54.6136 6
      vertex -114.607 -54.7135 4.8
      vertex -114.607 -54.7135 6
    endloop
  endfacet
  facet normal -0.381576 0.924338 0
    outer loop
      vertex -114.365 -54.6136 4.8
      vertex -114.607 -54.7135 4.8
      vertex -114.365 -54.6136 6
    endloop
  endfacet
  facet normal -0.608914 0.793236 0
    outer loop
      vertex -114.158 -54.4547 6
      vertex -114.365 -54.6136 4.8
      vertex -114.365 -54.6136 6
    endloop
  endfacet
  facet normal -0.608914 0.793236 0
    outer loop
      vertex -114.158 -54.4547 4.8
      vertex -114.365 -54.6136 4.8
      vertex -114.158 -54.4547 6
    endloop
  endfacet
  facet normal -0.793193 0.60897 0
    outer loop
      vertex -113.999 -54.2476 6
      vertex -114.158 -54.4547 4.8
      vertex -114.158 -54.4547 6
    endloop
  endfacet
  facet normal -0.793193 0.60897 0
    outer loop
      vertex -113.999 -54.2476 4.8
      vertex -114.158 -54.4547 4.8
      vertex -113.999 -54.2476 6
    endloop
  endfacet
  facet normal -0.923755 0.382983 0
    outer loop
      vertex -113.899 -54.0064 6
      vertex -113.999 -54.2476 4.8
      vertex -113.999 -54.2476 6
    endloop
  endfacet
  facet normal -0.923755 0.382983 0
    outer loop
      vertex -113.899 -54.0064 4.8
      vertex -113.999 -54.2476 4.8
      vertex -113.899 -54.0064 6
    endloop
  endfacet
  facet normal -0.99148 0.130256 0
    outer loop
      vertex -113.865 -53.7476 6
      vertex -113.899 -54.0064 4.8
      vertex -113.899 -54.0064 6
    endloop
  endfacet
  facet normal -0.99148 0.130256 0
    outer loop
      vertex -113.865 -53.7476 4.8
      vertex -113.899 -54.0064 4.8
      vertex -113.865 -53.7476 6
    endloop
  endfacet
  facet normal 0.0697546 0.997564 0
    outer loop
      vertex -88.6021 -56.5322 6
      vertex -76.8309 -57.3553 4.8
      vertex -88.6021 -56.5322 4.8
    endloop
  endfacet
  facet normal 0.0697546 0.997564 0
    outer loop
      vertex -76.8309 -57.3553 6
      vertex -76.8309 -57.3553 4.8
      vertex -88.6021 -56.5322 6
    endloop
  endfacet
  facet normal 0.998119 0.0613048 0
    outer loop
      vertex -89.514 -55.7254 6
      vertex -89.53 -55.4649 4.8
      vertex -89.53 -55.4649 6
    endloop
  endfacet
  facet normal 0.998119 0.0613048 -0
    outer loop
      vertex -89.514 -55.7254 4.8
      vertex -89.53 -55.4649 4.8
      vertex -89.514 -55.7254 6
    endloop
  endfacet
  facet normal 0.948376 0.317147 0
    outer loop
      vertex -89.4312 -55.973 6
      vertex -89.514 -55.7254 4.8
      vertex -89.514 -55.7254 6
    endloop
  endfacet
  facet normal 0.948376 0.317147 -0
    outer loop
      vertex -89.4312 -55.973 4.8
      vertex -89.514 -55.7254 4.8
      vertex -89.4312 -55.973 6
    endloop
  endfacet
  facet normal 0.833873 0.551957 0
    outer loop
      vertex -89.2871 -56.1907 6
      vertex -89.4312 -55.973 4.8
      vertex -89.4312 -55.973 6
    endloop
  endfacet
  facet normal 0.833873 0.551957 -0
    outer loop
      vertex -89.2871 -56.1907 4.8
      vertex -89.4312 -55.973 4.8
      vertex -89.2871 -56.1907 6
    endloop
  endfacet
  facet normal 0.662483 0.749077 0
    outer loop
      vertex -89.0916 -56.3636 6
      vertex -89.2871 -56.1907 4.8
      vertex -89.2871 -56.1907 6
    endloop
  endfacet
  facet normal 0.662483 0.749077 -0
    outer loop
      vertex -89.0916 -56.3636 4.8
      vertex -89.2871 -56.1907 4.8
      vertex -89.0916 -56.3636 6
    endloop
  endfacet
  facet normal 0.446294 0.894886 0
    outer loop
      vertex -88.858 -56.4801 6
      vertex -89.0916 -56.3636 4.8
      vertex -89.0916 -56.3636 6
    endloop
  endfacet
  facet normal 0.446294 0.894886 -0
    outer loop
      vertex -88.858 -56.4801 4.8
      vertex -89.0916 -56.3636 4.8
      vertex -88.858 -56.4801 6
    endloop
  endfacet
  facet normal 0.199502 0.979897 0
    outer loop
      vertex -88.6021 -56.5322 6
      vertex -88.858 -56.4801 4.8
      vertex -88.858 -56.4801 6
    endloop
  endfacet
  facet normal 0.199502 0.979897 -0
    outer loop
      vertex -88.6021 -56.5322 4.8
      vertex -88.858 -56.4801 4.8
      vertex -88.6021 -56.5322 6
    endloop
  endfacet
  facet normal 0.997564 -0.0697624 0
    outer loop
      vertex -88.7068 -43.6936 6
      vertex -89.53 -55.4649 4.8
      vertex -88.7068 -43.6936 4.8
    endloop
  endfacet
  facet normal 0.997564 -0.0697624 0
    outer loop
      vertex -89.53 -55.4649 6
      vertex -89.53 -55.4649 4.8
      vertex -88.7068 -43.6936 6
    endloop
  endfacet
  facet normal 0.0608998 -0.998144 0
    outer loop
      vertex -87.9001 -42.7817 6
      vertex -87.6395 -42.7658 4.8
      vertex -87.6395 -42.7658 6
    endloop
  endfacet
  facet normal 0.0608998 -0.998144 0
    outer loop
      vertex -87.9001 -42.7817 4.8
      vertex -87.6395 -42.7658 4.8
      vertex -87.9001 -42.7817 6
    endloop
  endfacet
  facet normal 0.317607 -0.948223 0
    outer loop
      vertex -88.1476 -42.8646 6
      vertex -87.9001 -42.7817 4.8
      vertex -87.9001 -42.7817 6
    endloop
  endfacet
  facet normal 0.317607 -0.948223 0
    outer loop
      vertex -88.1476 -42.8646 4.8
      vertex -87.9001 -42.7817 4.8
      vertex -88.1476 -42.8646 6
    endloop
  endfacet
  facet normal 0.551691 -0.834049 0
    outer loop
      vertex -88.3653 -43.0086 6
      vertex -88.1476 -42.8646 4.8
      vertex -88.1476 -42.8646 6
    endloop
  endfacet
  facet normal 0.551691 -0.834049 0
    outer loop
      vertex -88.3653 -43.0086 4.8
      vertex -88.1476 -42.8646 4.8
      vertex -88.3653 -43.0086 6
    endloop
  endfacet
  facet normal 0.749055 -0.662508 0
    outer loop
      vertex -88.5383 -43.2042 6
      vertex -88.3653 -43.0086 4.8
      vertex -88.3653 -43.0086 6
    endloop
  endfacet
  facet normal 0.749055 -0.662508 0
    outer loop
      vertex -88.5383 -43.2042 4.8
      vertex -88.3653 -43.0086 4.8
      vertex -88.5383 -43.2042 6
    endloop
  endfacet
  facet normal 0.894886 -0.446294 0
    outer loop
      vertex -88.6548 -43.4378 6
      vertex -88.5383 -43.2042 4.8
      vertex -88.5383 -43.2042 6
    endloop
  endfacet
  facet normal 0.894886 -0.446294 0
    outer loop
      vertex -88.6548 -43.4378 4.8
      vertex -88.5383 -43.2042 4.8
      vertex -88.6548 -43.4378 6
    endloop
  endfacet
  facet normal 0.979957 -0.199209 0
    outer loop
      vertex -88.7068 -43.6936 6
      vertex -88.6548 -43.4378 4.8
      vertex -88.6548 -43.4378 6
    endloop
  endfacet
  facet normal 0.979957 -0.199209 0
    outer loop
      vertex -88.7068 -43.6936 4.8
      vertex -88.6548 -43.4378 4.8
      vertex -88.7068 -43.6936 6
    endloop
  endfacet
  facet normal -0.0697546 -0.997564 -0
    outer loop
      vertex -75.8683 -43.5889 6
      vertex -87.6395 -42.7658 4.8
      vertex -75.8683 -43.5889 4.8
    endloop
  endfacet
  facet normal -0.0697546 -0.997564 -0
    outer loop
      vertex -87.6395 -42.7658 6
      vertex -87.6395 -42.7658 4.8
      vertex -75.8683 -43.5889 6
    endloop
  endfacet
  facet normal -0.998119 -0.0613048 0
    outer loop
      vertex -74.9564 -44.3957 6
      vertex -74.9404 -44.6562 4.8
      vertex -74.9404 -44.6562 6
    endloop
  endfacet
  facet normal -0.998119 -0.0613048 0
    outer loop
      vertex -74.9564 -44.3957 4.8
      vertex -74.9404 -44.6562 4.8
      vertex -74.9564 -44.3957 6
    endloop
  endfacet
  facet normal -0.948376 -0.317147 0
    outer loop
      vertex -75.0392 -44.1481 6
      vertex -74.9564 -44.3957 4.8
      vertex -74.9564 -44.3957 6
    endloop
  endfacet
  facet normal -0.948376 -0.317147 0
    outer loop
      vertex -75.0392 -44.1481 4.8
      vertex -74.9564 -44.3957 4.8
      vertex -75.0392 -44.1481 6
    endloop
  endfacet
  facet normal -0.833873 -0.551957 0
    outer loop
      vertex -75.1833 -43.9304 6
      vertex -75.0392 -44.1481 4.8
      vertex -75.0392 -44.1481 6
    endloop
  endfacet
  facet normal -0.833873 -0.551957 0
    outer loop
      vertex -75.1833 -43.9304 4.8
      vertex -75.0392 -44.1481 4.8
      vertex -75.1833 -43.9304 6
    endloop
  endfacet
  facet normal -0.662698 -0.748887 0
    outer loop
      vertex -75.3788 -43.7574 6
      vertex -75.1833 -43.9304 4.8
      vertex -75.1833 -43.9304 6
    endloop
  endfacet
  facet normal -0.662698 -0.748887 0
    outer loop
      vertex -75.3788 -43.7574 4.8
      vertex -75.1833 -43.9304 4.8
      vertex -75.3788 -43.7574 6
    endloop
  endfacet
  facet normal -0.445987 -0.895039 0
    outer loop
      vertex -75.6124 -43.641 6
      vertex -75.3788 -43.7574 4.8
      vertex -75.3788 -43.7574 6
    endloop
  endfacet
  facet normal -0.445987 -0.895039 0
    outer loop
      vertex -75.6124 -43.641 4.8
      vertex -75.3788 -43.7574 4.8
      vertex -75.6124 -43.641 6
    endloop
  endfacet
  facet normal -0.199502 -0.979897 0
    outer loop
      vertex -75.8683 -43.5889 6
      vertex -75.6124 -43.641 4.8
      vertex -75.6124 -43.641 6
    endloop
  endfacet
  facet normal -0.199502 -0.979897 0
    outer loop
      vertex -75.8683 -43.5889 4.8
      vertex -75.6124 -43.641 4.8
      vertex -75.8683 -43.5889 6
    endloop
  endfacet
  facet normal -0.997564 0.0697624 0
    outer loop
      vertex -75.7636 -56.4275 6
      vertex -74.9404 -44.6562 4.8
      vertex -75.7636 -56.4275 4.8
    endloop
  endfacet
  facet normal -0.997564 0.0697624 0
    outer loop
      vertex -74.9404 -44.6562 6
      vertex -74.9404 -44.6562 4.8
      vertex -75.7636 -56.4275 6
    endloop
  endfacet
  facet normal -0.0608998 0.998144 0
    outer loop
      vertex -76.5703 -57.3394 6
      vertex -76.8309 -57.3553 4.8
      vertex -76.8309 -57.3553 6
    endloop
  endfacet
  facet normal -0.0608998 0.998144 0
    outer loop
      vertex -76.5703 -57.3394 4.8
      vertex -76.8309 -57.3553 4.8
      vertex -76.5703 -57.3394 6
    endloop
  endfacet
  facet normal -0.317607 0.948223 0
    outer loop
      vertex -76.3228 -57.2565 6
      vertex -76.5703 -57.3394 4.8
      vertex -76.5703 -57.3394 6
    endloop
  endfacet
  facet normal -0.317607 0.948223 0
    outer loop
      vertex -76.3228 -57.2565 4.8
      vertex -76.5703 -57.3394 4.8
      vertex -76.3228 -57.2565 6
    endloop
  endfacet
  facet normal -0.551957 0.833873 0
    outer loop
      vertex -76.1051 -57.1124 6
      vertex -76.3228 -57.2565 4.8
      vertex -76.3228 -57.2565 6
    endloop
  endfacet
  facet normal -0.551957 0.833873 0
    outer loop
      vertex -76.1051 -57.1124 4.8
      vertex -76.3228 -57.2565 4.8
      vertex -76.1051 -57.1124 6
    endloop
  endfacet
  facet normal -0.748887 0.662698 0
    outer loop
      vertex -75.9321 -56.9169 6
      vertex -76.1051 -57.1124 4.8
      vertex -76.1051 -57.1124 6
    endloop
  endfacet
  facet normal -0.748887 0.662698 0
    outer loop
      vertex -75.9321 -56.9169 4.8
      vertex -76.1051 -57.1124 4.8
      vertex -75.9321 -56.9169 6
    endloop
  endfacet
  facet normal -0.894886 0.446294 0
    outer loop
      vertex -75.8156 -56.6833 6
      vertex -75.9321 -56.9169 4.8
      vertex -75.9321 -56.9169 6
    endloop
  endfacet
  facet normal -0.894886 0.446294 0
    outer loop
      vertex -75.8156 -56.6833 4.8
      vertex -75.9321 -56.9169 4.8
      vertex -75.8156 -56.6833 6
    endloop
  endfacet
  facet normal -0.979957 0.199209 0
    outer loop
      vertex -75.7636 -56.4275 6
      vertex -75.8156 -56.6833 4.8
      vertex -75.8156 -56.6833 6
    endloop
  endfacet
  facet normal -0.979957 0.199209 0
    outer loop
      vertex -75.7636 -56.4275 4.8
      vertex -75.8156 -56.6833 4.8
      vertex -75.7636 -56.4275 6
    endloop
  endfacet
  facet normal 0 1 0
    outer loop
      vertex -108.665 -68.3476 6
      vertex -96.8654 -68.3476 4.8
      vertex -108.665 -68.3476 4.8
    endloop
  endfacet
  facet normal 0 1 0
    outer loop
      vertex -96.8654 -68.3476 6
      vertex -96.8654 -68.3476 4.8
      vertex -108.665 -68.3476 6
    endloop
  endfacet
  facet normal 0.99148 0.130256 0
    outer loop
      vertex -109.631 -67.6064 6
      vertex -109.665 -67.3476 4.8
      vertex -109.665 -67.3476 6
    endloop
  endfacet
  facet normal 0.99148 0.130256 -0
    outer loop
      vertex -109.631 -67.6064 4.8
      vertex -109.665 -67.3476 4.8
      vertex -109.631 -67.6064 6
    endloop
  endfacet
  facet normal 0.923755 0.382983 0
    outer loop
      vertex -109.531 -67.8476 6
      vertex -109.631 -67.6064 4.8
      vertex -109.631 -67.6064 6
    endloop
  endfacet
  facet normal 0.923755 0.382983 -0
    outer loop
      vertex -109.531 -67.8476 4.8
      vertex -109.631 -67.6064 4.8
      vertex -109.531 -67.8476 6
    endloop
  endfacet
  facet normal 0.793193 0.60897 0
    outer loop
      vertex -109.372 -68.0547 6
      vertex -109.531 -67.8476 4.8
      vertex -109.531 -67.8476 6
    endloop
  endfacet
  facet normal 0.793193 0.60897 -0
    outer loop
      vertex -109.372 -68.0547 4.8
      vertex -109.531 -67.8476 4.8
      vertex -109.372 -68.0547 6
    endloop
  endfacet
  facet normal 0.608914 0.793236 0
    outer loop
      vertex -109.165 -68.2136 6
      vertex -109.372 -68.0547 4.8
      vertex -109.372 -68.0547 6
    endloop
  endfacet
  facet normal 0.608914 0.793236 -0
    outer loop
      vertex -109.165 -68.2136 4.8
      vertex -109.372 -68.0547 4.8
      vertex -109.165 -68.2136 6
    endloop
  endfacet
  facet normal 0.382927 0.923778 0
    outer loop
      vertex -108.924 -68.3135 6
      vertex -109.165 -68.2136 4.8
      vertex -109.165 -68.2136 6
    endloop
  endfacet
  facet normal 0.382927 0.923778 -0
    outer loop
      vertex -108.924 -68.3135 4.8
      vertex -109.165 -68.2136 4.8
      vertex -108.924 -68.3135 6
    endloop
  endfacet
  facet normal 0.130534 0.991444 0
    outer loop
      vertex -108.665 -68.3476 6
      vertex -108.924 -68.3135 4.8
      vertex -108.924 -68.3135 6
    endloop
  endfacet
  facet normal 0.130534 0.991444 -0
    outer loop
      vertex -108.665 -68.3476 4.8
      vertex -108.924 -68.3135 4.8
      vertex -108.665 -68.3476 6
    endloop
  endfacet
  facet normal 1 0 0
    outer loop
      vertex -109.665 -55.5476 6
      vertex -109.665 -67.3476 4.8
      vertex -109.665 -55.5476 4.8
    endloop
  endfacet
  facet normal 1 -0 0
    outer loop
      vertex -109.665 -67.3476 6
      vertex -109.665 -67.3476 4.8
      vertex -109.665 -55.5476 6
    endloop
  endfacet
  facet normal 0.130534 -0.991444 0
    outer loop
      vertex -108.924 -54.5817 6
      vertex -108.665 -54.5476 4.8
      vertex -108.665 -54.5476 6
    endloop
  endfacet
  facet normal 0.130534 -0.991444 0
    outer loop
      vertex -108.924 -54.5817 4.8
      vertex -108.665 -54.5476 4.8
      vertex -108.924 -54.5817 6
    endloop
  endfacet
  facet normal 0.382927 -0.923778 0
    outer loop
      vertex -109.165 -54.6816 6
      vertex -108.924 -54.5817 4.8
      vertex -108.924 -54.5817 6
    endloop
  endfacet
  facet normal 0.382927 -0.923778 0
    outer loop
      vertex -109.165 -54.6816 4.8
      vertex -108.924 -54.5817 4.8
      vertex -109.165 -54.6816 6
    endloop
  endfacet
  facet normal 0.608914 -0.793236 0
    outer loop
      vertex -109.372 -54.8405 6
      vertex -109.165 -54.6816 4.8
      vertex -109.165 -54.6816 6
    endloop
  endfacet
  facet normal 0.608914 -0.793236 0
    outer loop
      vertex -109.372 -54.8405 4.8
      vertex -109.165 -54.6816 4.8
      vertex -109.372 -54.8405 6
    endloop
  endfacet
  facet normal 0.793193 -0.60897 0
    outer loop
      vertex -109.531 -55.0476 6
      vertex -109.372 -54.8405 4.8
      vertex -109.372 -54.8405 6
    endloop
  endfacet
  facet normal 0.793193 -0.60897 0
    outer loop
      vertex -109.531 -55.0476 4.8
      vertex -109.372 -54.8405 4.8
      vertex -109.531 -55.0476 6
    endloop
  endfacet
  facet normal 0.923755 -0.382983 0
    outer loop
      vertex -109.631 -55.2888 6
      vertex -109.531 -55.0476 4.8
      vertex -109.531 -55.0476 6
    endloop
  endfacet
  facet normal 0.923755 -0.382983 0
    outer loop
      vertex -109.631 -55.2888 4.8
      vertex -109.531 -55.0476 4.8
      vertex -109.631 -55.2888 6
    endloop
  endfacet
  facet normal 0.99148 -0.130256 0
    outer loop
      vertex -109.665 -55.5476 6
      vertex -109.631 -55.2888 4.8
      vertex -109.631 -55.2888 6
    endloop
  endfacet
  facet normal 0.99148 -0.130256 0
    outer loop
      vertex -109.665 -55.5476 4.8
      vertex -109.631 -55.2888 4.8
      vertex -109.665 -55.5476 6
    endloop
  endfacet
  facet normal 0 -1 -0
    outer loop
      vertex -96.8654 -54.5476 6
      vertex -108.665 -54.5476 4.8
      vertex -96.8654 -54.5476 4.8
    endloop
  endfacet
  facet normal 0 -1 0
    outer loop
      vertex -108.665 -54.5476 6
      vertex -108.665 -54.5476 4.8
      vertex -96.8654 -54.5476 6
    endloop
  endfacet
  facet normal -0.991431 -0.130633 0
    outer loop
      vertex -95.8995 -55.2888 6
      vertex -95.8654 -55.5476 4.8
      vertex -95.8654 -55.5476 6
    endloop
  endfacet
  facet normal -0.991431 -0.130633 0
    outer loop
      vertex -95.8995 -55.2888 4.8
      vertex -95.8654 -55.5476 4.8
      vertex -95.8995 -55.2888 6
    endloop
  endfacet
  facet normal -0.923891 -0.382656 0
    outer loop
      vertex -95.9994 -55.0476 6
      vertex -95.8995 -55.2888 4.8
      vertex -95.8995 -55.2888 6
    endloop
  endfacet
  facet normal -0.923891 -0.382656 0
    outer loop
      vertex -95.9994 -55.0476 4.8
      vertex -95.8995 -55.2888 4.8
      vertex -95.9994 -55.0476 6
    endloop
  endfacet
  facet normal -0.793378 -0.608729 0
    outer loop
      vertex -96.1583 -54.8405 6
      vertex -95.9994 -55.0476 4.8
      vertex -95.9994 -55.0476 6
    endloop
  endfacet
  facet normal -0.793378 -0.608729 0
    outer loop
      vertex -96.1583 -54.8405 4.8
      vertex -95.9994 -55.0476 4.8
      vertex -96.1583 -54.8405 6
    endloop
  endfacet
  facet normal -0.608729 -0.793378 0
    outer loop
      vertex -96.3654 -54.6816 6
      vertex -96.1583 -54.8405 4.8
      vertex -96.1583 -54.8405 6
    endloop
  endfacet
  facet normal -0.608729 -0.793378 0
    outer loop
      vertex -96.3654 -54.6816 4.8
      vertex -96.1583 -54.8405 4.8
      vertex -96.3654 -54.6816 6
    endloop
  endfacet
  facet normal -0.382656 -0.923891 0
    outer loop
      vertex -96.6066 -54.5817 6
      vertex -96.3654 -54.6816 4.8
      vertex -96.3654 -54.6816 6
    endloop
  endfacet
  facet normal -0.382656 -0.923891 0
    outer loop
      vertex -96.6066 -54.5817 4.8
      vertex -96.3654 -54.6816 4.8
      vertex -96.6066 -54.5817 6
    endloop
  endfacet
  facet normal -0.130633 -0.991431 0
    outer loop
      vertex -96.8654 -54.5476 6
      vertex -96.6066 -54.5817 4.8
      vertex -96.6066 -54.5817 6
    endloop
  endfacet
  facet normal -0.130633 -0.991431 0
    outer loop
      vertex -96.8654 -54.5476 4.8
      vertex -96.6066 -54.5817 4.8
      vertex -96.8654 -54.5476 6
    endloop
  endfacet
  facet normal -1 0 0
    outer loop
      vertex -95.8654 -67.3476 6
      vertex -95.8654 -55.5476 4.8
      vertex -95.8654 -67.3476 4.8
    endloop
  endfacet
  facet normal -1 -0 -0
    outer loop
      vertex -95.8654 -55.5476 6
      vertex -95.8654 -55.5476 4.8
      vertex -95.8654 -67.3476 6
    endloop
  endfacet
  facet normal -0.130633 0.991431 0
    outer loop
      vertex -96.6066 -68.3135 6
      vertex -96.8654 -68.3476 4.8
      vertex -96.8654 -68.3476 6
    endloop
  endfacet
  facet normal -0.130633 0.991431 0
    outer loop
      vertex -96.6066 -68.3135 4.8
      vertex -96.8654 -68.3476 4.8
      vertex -96.6066 -68.3135 6
    endloop
  endfacet
  facet normal -0.382656 0.923891 0
    outer loop
      vertex -96.3654 -68.2136 6
      vertex -96.6066 -68.3135 4.8
      vertex -96.6066 -68.3135 6
    endloop
  endfacet
  facet normal -0.382656 0.923891 0
    outer loop
      vertex -96.3654 -68.2136 4.8
      vertex -96.6066 -68.3135 4.8
      vertex -96.3654 -68.2136 6
    endloop
  endfacet
  facet normal -0.608729 0.793378 0
    outer loop
      vertex -96.1583 -68.0547 6
      vertex -96.3654 -68.2136 4.8
      vertex -96.3654 -68.2136 6
    endloop
  endfacet
  facet normal -0.608729 0.793378 0
    outer loop
      vertex -96.1583 -68.0547 4.8
      vertex -96.3654 -68.2136 4.8
      vertex -96.1583 -68.0547 6
    endloop
  endfacet
  facet normal -0.793378 0.608729 0
    outer loop
      vertex -95.9994 -67.8476 6
      vertex -96.1583 -68.0547 4.8
      vertex -96.1583 -68.0547 6
    endloop
  endfacet
  facet normal -0.793378 0.608729 0
    outer loop
      vertex -95.9994 -67.8476 4.8
      vertex -96.1583 -68.0547 4.8
      vertex -95.9994 -67.8476 6
    endloop
  endfacet
  facet normal -0.923891 0.382656 0
    outer loop
      vertex -95.8995 -67.6064 6
      vertex -95.9994 -67.8476 4.8
      vertex -95.9994 -67.8476 6
    endloop
  endfacet
  facet normal -0.923891 0.382656 0
    outer loop
      vertex -95.8995 -67.6064 4.8
      vertex -95.9994 -67.8476 4.8
      vertex -95.8995 -67.6064 6
    endloop
  endfacet
  facet normal -0.991431 0.130633 0
    outer loop
      vertex -95.8654 -67.3476 6
      vertex -95.8995 -67.6064 4.8
      vertex -95.8995 -67.6064 6
    endloop
  endfacet
  facet normal -0.991431 0.130633 0
    outer loop
      vertex -95.8654 -67.3476 4.8
      vertex -95.8995 -67.6064 4.8
      vertex -95.8654 -67.3476 6
    endloop
  endfacet
  facet normal 0.0697546 0.997564 0
    outer loop
      vertex -89.788 -73.4908 6
      vertex -78.0168 -74.3139 4.8
      vertex -89.788 -73.4908 4.8
    endloop
  endfacet
  facet normal 0.0697546 0.997564 0
    outer loop
      vertex -78.0168 -74.3139 6
      vertex -78.0168 -74.3139 4.8
      vertex -89.788 -73.4908 6
    endloop
  endfacet
  facet normal 0.998144 0.0608998 0
    outer loop
      vertex -90.6999 -72.684 6
      vertex -90.7158 -72.4234 4.8
      vertex -90.7158 -72.4234 6
    endloop
  endfacet
  facet normal 0.998144 0.0608998 -0
    outer loop
      vertex -90.6999 -72.684 4.8
      vertex -90.7158 -72.4234 4.8
      vertex -90.6999 -72.684 6
    endloop
  endfacet
  facet normal 0.948376 0.317147 0
    outer loop
      vertex -90.6171 -72.9316 6
      vertex -90.6999 -72.684 4.8
      vertex -90.6999 -72.684 6
    endloop
  endfacet
  facet normal 0.948376 0.317147 -0
    outer loop
      vertex -90.6171 -72.9316 4.8
      vertex -90.6999 -72.684 4.8
      vertex -90.6171 -72.9316 6
    endloop
  endfacet
  facet normal 0.833873 0.551957 0
    outer loop
      vertex -90.473 -73.1493 6
      vertex -90.6171 -72.9316 4.8
      vertex -90.6171 -72.9316 6
    endloop
  endfacet
  facet normal 0.833873 0.551957 -0
    outer loop
      vertex -90.473 -73.1493 4.8
      vertex -90.6171 -72.9316 4.8
      vertex -90.473 -73.1493 6
    endloop
  endfacet
  facet normal 0.662293 0.749245 0
    outer loop
      vertex -90.2774 -73.3222 6
      vertex -90.473 -73.1493 4.8
      vertex -90.473 -73.1493 6
    endloop
  endfacet
  facet normal 0.662293 0.749245 -0
    outer loop
      vertex -90.2774 -73.3222 4.8
      vertex -90.473 -73.1493 4.8
      vertex -90.2774 -73.3222 6
    endloop
  endfacet
  facet normal 0.446294 0.894886 0
    outer loop
      vertex -90.0438 -73.4387 6
      vertex -90.2774 -73.3222 4.8
      vertex -90.2774 -73.3222 6
    endloop
  endfacet
  facet normal 0.446294 0.894886 -0
    outer loop
      vertex -90.0438 -73.4387 4.8
      vertex -90.2774 -73.3222 4.8
      vertex -90.0438 -73.4387 6
    endloop
  endfacet
  facet normal 0.199577 0.979882 0
    outer loop
      vertex -89.788 -73.4908 6
      vertex -90.0438 -73.4387 4.8
      vertex -90.0438 -73.4387 6
    endloop
  endfacet
  facet normal 0.199577 0.979882 -0
    outer loop
      vertex -89.788 -73.4908 4.8
      vertex -90.0438 -73.4387 4.8
      vertex -89.788 -73.4908 6
    endloop
  endfacet
  facet normal 0.997564 -0.0697546 0
    outer loop
      vertex -89.8927 -60.6522 6
      vertex -90.7158 -72.4234 4.8
      vertex -89.8927 -60.6522 4.8
    endloop
  endfacet
  facet normal 0.997564 -0.0697546 0
    outer loop
      vertex -90.7158 -72.4234 6
      vertex -90.7158 -72.4234 4.8
      vertex -89.8927 -60.6522 6
    endloop
  endfacet
  facet normal 0.0609231 -0.998142 0
    outer loop
      vertex -89.0859 -59.7403 6
      vertex -88.8254 -59.7244 4.8
      vertex -88.8254 -59.7244 6
    endloop
  endfacet
  facet normal 0.0609231 -0.998142 0
    outer loop
      vertex -89.0859 -59.7403 4.8
      vertex -88.8254 -59.7244 4.8
      vertex -89.0859 -59.7403 6
    endloop
  endfacet
  facet normal 0.317147 -0.948376 0
    outer loop
      vertex -89.3335 -59.8231 6
      vertex -89.0859 -59.7403 4.8
      vertex -89.0859 -59.7403 6
    endloop
  endfacet
  facet normal 0.317147 -0.948376 0
    outer loop
      vertex -89.3335 -59.8231 4.8
      vertex -89.0859 -59.7403 4.8
      vertex -89.3335 -59.8231 6
    endloop
  endfacet
  facet normal 0.551957 -0.833873 0
    outer loop
      vertex -89.5512 -59.9672 6
      vertex -89.3335 -59.8231 4.8
      vertex -89.3335 -59.8231 6
    endloop
  endfacet
  facet normal 0.551957 -0.833873 0
    outer loop
      vertex -89.5512 -59.9672 4.8
      vertex -89.3335 -59.8231 4.8
      vertex -89.5512 -59.9672 6
    endloop
  endfacet
  facet normal 0.748887 -0.662698 0
    outer loop
      vertex -89.7242 -60.1627 6
      vertex -89.5512 -59.9672 4.8
      vertex -89.5512 -59.9672 6
    endloop
  endfacet
  facet normal 0.748887 -0.662698 0
    outer loop
      vertex -89.7242 -60.1627 4.8
      vertex -89.5512 -59.9672 4.8
      vertex -89.7242 -60.1627 6
    endloop
  endfacet
  facet normal 0.895116 -0.445834 0
    outer loop
      vertex -89.8406 -60.3964 6
      vertex -89.7242 -60.1627 4.8
      vertex -89.7242 -60.1627 6
    endloop
  endfacet
  facet normal 0.895116 -0.445834 0
    outer loop
      vertex -89.8406 -60.3964 4.8
      vertex -89.7242 -60.1627 4.8
      vertex -89.8406 -60.3964 6
    endloop
  endfacet
  facet normal 0.979882 -0.199577 0
    outer loop
      vertex -89.8927 -60.6522 6
      vertex -89.8406 -60.3964 4.8
      vertex -89.8406 -60.3964 6
    endloop
  endfacet
  facet normal 0.979882 -0.199577 0
    outer loop
      vertex -89.8927 -60.6522 4.8
      vertex -89.8406 -60.3964 4.8
      vertex -89.8927 -60.6522 6
    endloop
  endfacet
  facet normal -0.069754 -0.997564 -0
    outer loop
      vertex -77.0541 -60.5475 6
      vertex -88.8254 -59.7244 4.8
      vertex -77.0541 -60.5475 4.8
    endloop
  endfacet
  facet normal -0.069754 -0.997564 -0
    outer loop
      vertex -88.8254 -59.7244 6
      vertex -88.8254 -59.7244 4.8
      vertex -77.0541 -60.5475 6
    endloop
  endfacet
  facet normal -0.998142 -0.0609231 0
    outer loop
      vertex -76.1422 -61.3543 6
      vertex -76.1263 -61.6148 4.8
      vertex -76.1263 -61.6148 6
    endloop
  endfacet
  facet normal -0.998142 -0.0609231 0
    outer loop
      vertex -76.1422 -61.3543 4.8
      vertex -76.1263 -61.6148 4.8
      vertex -76.1422 -61.3543 6
    endloop
  endfacet
  facet normal -0.948261 -0.317491 0
    outer loop
      vertex -76.2251 -61.1067 6
      vertex -76.1422 -61.3543 4.8
      vertex -76.1422 -61.3543 6
    endloop
  endfacet
  facet normal -0.948261 -0.317491 0
    outer loop
      vertex -76.2251 -61.1067 4.8
      vertex -76.1422 -61.3543 4.8
      vertex -76.2251 -61.1067 6
    endloop
  endfacet
  facet normal -0.833873 -0.551957 0
    outer loop
      vertex -76.3692 -60.889 6
      vertex -76.2251 -61.1067 4.8
      vertex -76.2251 -61.1067 6
    endloop
  endfacet
  facet normal -0.833873 -0.551957 0
    outer loop
      vertex -76.3692 -60.889 4.8
      vertex -76.2251 -61.1067 4.8
      vertex -76.3692 -60.889 6
    endloop
  endfacet
  facet normal -0.662698 -0.748887 0
    outer loop
      vertex -76.5647 -60.716 6
      vertex -76.3692 -60.889 4.8
      vertex -76.3692 -60.889 6
    endloop
  endfacet
  facet normal -0.662698 -0.748887 0
    outer loop
      vertex -76.5647 -60.716 4.8
      vertex -76.3692 -60.889 4.8
      vertex -76.5647 -60.716 6
    endloop
  endfacet
  facet normal -0.446294 -0.894886 0
    outer loop
      vertex -76.7983 -60.5995 6
      vertex -76.5647 -60.716 4.8
      vertex -76.5647 -60.716 6
    endloop
  endfacet
  facet normal -0.446294 -0.894886 0
    outer loop
      vertex -76.7983 -60.5995 4.8
      vertex -76.5647 -60.716 4.8
      vertex -76.7983 -60.5995 6
    endloop
  endfacet
  facet normal -0.199209 -0.979957 0
    outer loop
      vertex -77.0541 -60.5475 6
      vertex -76.7983 -60.5995 4.8
      vertex -76.7983 -60.5995 6
    endloop
  endfacet
  facet normal -0.199209 -0.979957 0
    outer loop
      vertex -77.0541 -60.5475 4.8
      vertex -76.7983 -60.5995 4.8
      vertex -77.0541 -60.5475 6
    endloop
  endfacet
  facet normal -0.997564 0.069754 0
    outer loop
      vertex -76.9494 -73.3861 6
      vertex -76.1263 -61.6148 4.8
      vertex -76.9494 -73.3861 4.8
    endloop
  endfacet
  facet normal -0.997564 0.069754 0
    outer loop
      vertex -76.1263 -61.6148 6
      vertex -76.1263 -61.6148 4.8
      vertex -76.9494 -73.3861 6
    endloop
  endfacet
  facet normal -0.0608998 0.998144 0
    outer loop
      vertex -77.7562 -74.298 6
      vertex -78.0168 -74.3139 4.8
      vertex -78.0168 -74.3139 6
    endloop
  endfacet
  facet normal -0.0608998 0.998144 0
    outer loop
      vertex -77.7562 -74.298 4.8
      vertex -78.0168 -74.3139 4.8
      vertex -77.7562 -74.298 6
    endloop
  endfacet
  facet normal -0.317491 0.948261 0
    outer loop
      vertex -77.5086 -74.2151 6
      vertex -77.7562 -74.298 4.8
      vertex -77.7562 -74.298 6
    endloop
  endfacet
  facet normal -0.317491 0.948261 0
    outer loop
      vertex -77.5086 -74.2151 4.8
      vertex -77.7562 -74.298 4.8
      vertex -77.5086 -74.2151 6
    endloop
  endfacet
  facet normal -0.551957 0.833873 0
    outer loop
      vertex -77.2909 -74.071 6
      vertex -77.5086 -74.2151 4.8
      vertex -77.5086 -74.2151 6
    endloop
  endfacet
  facet normal -0.551957 0.833873 0
    outer loop
      vertex -77.2909 -74.071 4.8
      vertex -77.5086 -74.2151 4.8
      vertex -77.2909 -74.071 6
    endloop
  endfacet
  facet normal -0.749077 0.662483 0
    outer loop
      vertex -77.118 -73.8755 6
      vertex -77.2909 -74.071 4.8
      vertex -77.2909 -74.071 6
    endloop
  endfacet
  facet normal -0.749077 0.662483 0
    outer loop
      vertex -77.118 -73.8755 4.8
      vertex -77.2909 -74.071 4.8
      vertex -77.118 -73.8755 6
    endloop
  endfacet
  facet normal -0.894886 0.446294 0
    outer loop
      vertex -77.0015 -73.6419 6
      vertex -77.118 -73.8755 4.8
      vertex -77.118 -73.8755 6
    endloop
  endfacet
  facet normal -0.894886 0.446294 0
    outer loop
      vertex -77.0015 -73.6419 4.8
      vertex -77.118 -73.8755 4.8
      vertex -77.0015 -73.6419 6
    endloop
  endfacet
  facet normal -0.979882 0.199577 0
    outer loop
      vertex -76.9494 -73.3861 6
      vertex -77.0015 -73.6419 4.8
      vertex -77.0015 -73.6419 6
    endloop
  endfacet
  facet normal -0.979882 0.199577 0
    outer loop
      vertex -76.9494 -73.3861 4.8
      vertex -77.0015 -73.6419 4.8
      vertex -76.9494 -73.3861 6
    endloop
  endfacet
  facet normal 0 1 0
    outer loop
      vertex -144.665 -74.2976 6
      vertex -132.865 -74.2976 4.8
      vertex -144.665 -74.2976 4.8
    endloop
  endfacet
  facet normal 0 1 0
    outer loop
      vertex -132.865 -74.2976 6
      vertex -132.865 -74.2976 4.8
      vertex -144.665 -74.2976 6
    endloop
  endfacet
  facet normal 0.99148 0.130256 0
    outer loop
      vertex -145.631 -73.5564 6
      vertex -145.665 -73.2976 4.8
      vertex -145.665 -73.2976 6
    endloop
  endfacet
  facet normal 0.99148 0.130256 -0
    outer loop
      vertex -145.631 -73.5564 4.8
      vertex -145.665 -73.2976 4.8
      vertex -145.631 -73.5564 6
    endloop
  endfacet
  facet normal 0.923755 0.382983 0
    outer loop
      vertex -145.531 -73.7976 6
      vertex -145.631 -73.5564 4.8
      vertex -145.631 -73.5564 6
    endloop
  endfacet
  facet normal 0.923755 0.382983 -0
    outer loop
      vertex -145.531 -73.7976 4.8
      vertex -145.631 -73.5564 4.8
      vertex -145.531 -73.7976 6
    endloop
  endfacet
  facet normal 0.793193 0.60897 0
    outer loop
      vertex -145.372 -74.0047 6
      vertex -145.531 -73.7976 4.8
      vertex -145.531 -73.7976 6
    endloop
  endfacet
  facet normal 0.793193 0.60897 -0
    outer loop
      vertex -145.372 -74.0047 4.8
      vertex -145.531 -73.7976 4.8
      vertex -145.372 -74.0047 6
    endloop
  endfacet
  facet normal 0.608914 0.793236 0
    outer loop
      vertex -145.165 -74.1636 6
      vertex -145.372 -74.0047 4.8
      vertex -145.372 -74.0047 6
    endloop
  endfacet
  facet normal 0.608914 0.793236 -0
    outer loop
      vertex -145.165 -74.1636 4.8
      vertex -145.372 -74.0047 4.8
      vertex -145.165 -74.1636 6
    endloop
  endfacet
  facet normal 0.382927 0.923778 0
    outer loop
      vertex -144.924 -74.2635 6
      vertex -145.165 -74.1636 4.8
      vertex -145.165 -74.1636 6
    endloop
  endfacet
  facet normal 0.382927 0.923778 -0
    outer loop
      vertex -144.924 -74.2635 4.8
      vertex -145.165 -74.1636 4.8
      vertex -144.924 -74.2635 6
    endloop
  endfacet
  facet normal 0.130534 0.991444 0
    outer loop
      vertex -144.665 -74.2976 6
      vertex -144.924 -74.2635 4.8
      vertex -144.924 -74.2635 6
    endloop
  endfacet
  facet normal 0.130534 0.991444 -0
    outer loop
      vertex -144.665 -74.2976 4.8
      vertex -144.924 -74.2635 4.8
      vertex -144.665 -74.2976 6
    endloop
  endfacet
  facet normal 1 0 0
    outer loop
      vertex -145.665 -61.4976 6
      vertex -145.665 -73.2976 4.8
      vertex -145.665 -61.4976 4.8
    endloop
  endfacet
  facet normal 1 -0 0
    outer loop
      vertex -145.665 -73.2976 6
      vertex -145.665 -73.2976 4.8
      vertex -145.665 -61.4976 6
    endloop
  endfacet
  facet normal 0.130534 -0.991444 0
    outer loop
      vertex -144.924 -60.5317 6
      vertex -144.665 -60.4976 4.8
      vertex -144.665 -60.4976 6
    endloop
  endfacet
  facet normal 0.130534 -0.991444 0
    outer loop
      vertex -144.924 -60.5317 4.8
      vertex -144.665 -60.4976 4.8
      vertex -144.924 -60.5317 6
    endloop
  endfacet
  facet normal 0.382927 -0.923778 0
    outer loop
      vertex -145.165 -60.6316 6
      vertex -144.924 -60.5317 4.8
      vertex -144.924 -60.5317 6
    endloop
  endfacet
  facet normal 0.382927 -0.923778 0
    outer loop
      vertex -145.165 -60.6316 4.8
      vertex -144.924 -60.5317 4.8
      vertex -145.165 -60.6316 6
    endloop
  endfacet
  facet normal 0.608914 -0.793236 0
    outer loop
      vertex -145.372 -60.7905 6
      vertex -145.165 -60.6316 4.8
      vertex -145.165 -60.6316 6
    endloop
  endfacet
  facet normal 0.608914 -0.793236 0
    outer loop
      vertex -145.372 -60.7905 4.8
      vertex -145.165 -60.6316 4.8
      vertex -145.372 -60.7905 6
    endloop
  endfacet
  facet normal 0.793193 -0.60897 0
    outer loop
      vertex -145.531 -60.9976 6
      vertex -145.372 -60.7905 4.8
      vertex -145.372 -60.7905 6
    endloop
  endfacet
  facet normal 0.793193 -0.60897 0
    outer loop
      vertex -145.531 -60.9976 4.8
      vertex -145.372 -60.7905 4.8
      vertex -145.531 -60.9976 6
    endloop
  endfacet
  facet normal 0.923755 -0.382983 0
    outer loop
      vertex -145.631 -61.2388 6
      vertex -145.531 -60.9976 4.8
      vertex -145.531 -60.9976 6
    endloop
  endfacet
  facet normal 0.923755 -0.382983 0
    outer loop
      vertex -145.631 -61.2388 4.8
      vertex -145.531 -60.9976 4.8
      vertex -145.631 -61.2388 6
    endloop
  endfacet
  facet normal 0.99148 -0.130256 0
    outer loop
      vertex -145.665 -61.4976 6
      vertex -145.631 -61.2388 4.8
      vertex -145.631 -61.2388 6
    endloop
  endfacet
  facet normal 0.99148 -0.130256 0
    outer loop
      vertex -145.665 -61.4976 4.8
      vertex -145.631 -61.2388 4.8
      vertex -145.665 -61.4976 6
    endloop
  endfacet
  facet normal 0 -1 -0
    outer loop
      vertex -132.865 -60.4976 6
      vertex -144.665 -60.4976 4.8
      vertex -132.865 -60.4976 4.8
    endloop
  endfacet
  facet normal 0 -1 0
    outer loop
      vertex -144.665 -60.4976 6
      vertex -144.665 -60.4976 4.8
      vertex -132.865 -60.4976 6
    endloop
  endfacet
  facet normal -0.99148 -0.130256 0
    outer loop
      vertex -131.899 -61.2388 6
      vertex -131.865 -61.4976 4.8
      vertex -131.865 -61.4976 6
    endloop
  endfacet
  facet normal -0.99148 -0.130256 0
    outer loop
      vertex -131.899 -61.2388 4.8
      vertex -131.865 -61.4976 4.8
      vertex -131.899 -61.2388 6
    endloop
  endfacet
  facet normal -0.923755 -0.382983 0
    outer loop
      vertex -131.999 -60.9976 6
      vertex -131.899 -61.2388 4.8
      vertex -131.899 -61.2388 6
    endloop
  endfacet
  facet normal -0.923755 -0.382983 0
    outer loop
      vertex -131.999 -60.9976 4.8
      vertex -131.899 -61.2388 4.8
      vertex -131.999 -60.9976 6
    endloop
  endfacet
  facet normal -0.793193 -0.60897 0
    outer loop
      vertex -132.158 -60.7905 6
      vertex -131.999 -60.9976 4.8
      vertex -131.999 -60.9976 6
    endloop
  endfacet
  facet normal -0.793193 -0.60897 0
    outer loop
      vertex -132.158 -60.7905 4.8
      vertex -131.999 -60.9976 4.8
      vertex -132.158 -60.7905 6
    endloop
  endfacet
  facet normal -0.608914 -0.793236 0
    outer loop
      vertex -132.365 -60.6316 6
      vertex -132.158 -60.7905 4.8
      vertex -132.158 -60.7905 6
    endloop
  endfacet
  facet normal -0.608914 -0.793236 0
    outer loop
      vertex -132.365 -60.6316 4.8
      vertex -132.158 -60.7905 4.8
      vertex -132.365 -60.6316 6
    endloop
  endfacet
  facet normal -0.381576 -0.924338 0
    outer loop
      vertex -132.607 -60.5317 6
      vertex -132.365 -60.6316 4.8
      vertex -132.365 -60.6316 6
    endloop
  endfacet
  facet normal -0.381576 -0.924338 0
    outer loop
      vertex -132.607 -60.5317 4.8
      vertex -132.365 -60.6316 4.8
      vertex -132.607 -60.5317 6
    endloop
  endfacet
  facet normal -0.131031 -0.991378 0
    outer loop
      vertex -132.865 -60.4976 6
      vertex -132.607 -60.5317 4.8
      vertex -132.607 -60.5317 6
    endloop
  endfacet
  facet normal -0.131031 -0.991378 0
    outer loop
      vertex -132.865 -60.4976 4.8
      vertex -132.607 -60.5317 4.8
      vertex -132.865 -60.4976 6
    endloop
  endfacet
  facet normal -1 0 0
    outer loop
      vertex -131.865 -73.2976 6
      vertex -131.865 -61.4976 4.8
      vertex -131.865 -73.2976 4.8
    endloop
  endfacet
  facet normal -1 -0 -0
    outer loop
      vertex -131.865 -61.4976 6
      vertex -131.865 -61.4976 4.8
      vertex -131.865 -73.2976 6
    endloop
  endfacet
  facet normal -0.131031 0.991378 0
    outer loop
      vertex -132.607 -74.2635 6
      vertex -132.865 -74.2976 4.8
      vertex -132.865 -74.2976 6
    endloop
  endfacet
  facet normal -0.131031 0.991378 0
    outer loop
      vertex -132.607 -74.2635 4.8
      vertex -132.865 -74.2976 4.8
      vertex -132.607 -74.2635 6
    endloop
  endfacet
  facet normal -0.381576 0.924338 0
    outer loop
      vertex -132.365 -74.1636 6
      vertex -132.607 -74.2635 4.8
      vertex -132.607 -74.2635 6
    endloop
  endfacet
  facet normal -0.381576 0.924338 0
    outer loop
      vertex -132.365 -74.1636 4.8
      vertex -132.607 -74.2635 4.8
      vertex -132.365 -74.1636 6
    endloop
  endfacet
  facet normal -0.608914 0.793236 0
    outer loop
      vertex -132.158 -74.0047 6
      vertex -132.365 -74.1636 4.8
      vertex -132.365 -74.1636 6
    endloop
  endfacet
  facet normal -0.608914 0.793236 0
    outer loop
      vertex -132.158 -74.0047 4.8
      vertex -132.365 -74.1636 4.8
      vertex -132.158 -74.0047 6
    endloop
  endfacet
  facet normal -0.793193 0.60897 0
    outer loop
      vertex -131.999 -73.7976 6
      vertex -132.158 -74.0047 4.8
      vertex -132.158 -74.0047 6
    endloop
  endfacet
  facet normal -0.793193 0.60897 0
    outer loop
      vertex -131.999 -73.7976 4.8
      vertex -132.158 -74.0047 4.8
      vertex -131.999 -73.7976 6
    endloop
  endfacet
  facet normal -0.923755 0.382983 0
    outer loop
      vertex -131.899 -73.5564 6
      vertex -131.999 -73.7976 4.8
      vertex -131.999 -73.7976 6
    endloop
  endfacet
  facet normal -0.923755 0.382983 0
    outer loop
      vertex -131.899 -73.5564 4.8
      vertex -131.999 -73.7976 4.8
      vertex -131.899 -73.5564 6
    endloop
  endfacet
  facet normal -0.99148 0.130256 0
    outer loop
      vertex -131.865 -73.2976 6
      vertex -131.899 -73.5564 4.8
      vertex -131.899 -73.5564 6
    endloop
  endfacet
  facet normal -0.99148 0.130256 0
    outer loop
      vertex -131.865 -73.2976 4.8
      vertex -131.899 -73.5564 4.8
      vertex -131.865 -73.2976 6
    endloop
  endfacet
  facet normal 0 1 0
    outer loop
      vertex -144.665 -57.2976 6
      vertex -132.865 -57.2976 4.8
      vertex -144.665 -57.2976 4.8
    endloop
  endfacet
  facet normal 0 1 0
    outer loop
      vertex -132.865 -57.2976 6
      vertex -132.865 -57.2976 4.8
      vertex -144.665 -57.2976 6
    endloop
  endfacet
  facet normal 0.99148 0.130256 0
    outer loop
      vertex -145.631 -56.5564 6
      vertex -145.665 -56.2976 4.8
      vertex -145.665 -56.2976 6
    endloop
  endfacet
  facet normal 0.99148 0.130256 -0
    outer loop
      vertex -145.631 -56.5564 4.8
      vertex -145.665 -56.2976 4.8
      vertex -145.631 -56.5564 6
    endloop
  endfacet
  facet normal 0.923755 0.382983 0
    outer loop
      vertex -145.531 -56.7976 6
      vertex -145.631 -56.5564 4.8
      vertex -145.631 -56.5564 6
    endloop
  endfacet
  facet normal 0.923755 0.382983 -0
    outer loop
      vertex -145.531 -56.7976 4.8
      vertex -145.631 -56.5564 4.8
      vertex -145.531 -56.7976 6
    endloop
  endfacet
  facet normal 0.793193 0.60897 0
    outer loop
      vertex -145.372 -57.0047 6
      vertex -145.531 -56.7976 4.8
      vertex -145.531 -56.7976 6
    endloop
  endfacet
  facet normal 0.793193 0.60897 -0
    outer loop
      vertex -145.372 -57.0047 4.8
      vertex -145.531 -56.7976 4.8
      vertex -145.372 -57.0047 6
    endloop
  endfacet
  facet normal 0.608914 0.793236 0
    outer loop
      vertex -145.165 -57.1636 6
      vertex -145.372 -57.0047 4.8
      vertex -145.372 -57.0047 6
    endloop
  endfacet
  facet normal 0.608914 0.793236 -0
    outer loop
      vertex -145.165 -57.1636 4.8
      vertex -145.372 -57.0047 4.8
      vertex -145.165 -57.1636 6
    endloop
  endfacet
  facet normal 0.382927 0.923778 0
    outer loop
      vertex -144.924 -57.2635 6
      vertex -145.165 -57.1636 4.8
      vertex -145.165 -57.1636 6
    endloop
  endfacet
  facet normal 0.382927 0.923778 -0
    outer loop
      vertex -144.924 -57.2635 4.8
      vertex -145.165 -57.1636 4.8
      vertex -144.924 -57.2635 6
    endloop
  endfacet
  facet normal 0.130534 0.991444 0
    outer loop
      vertex -144.665 -57.2976 6
      vertex -144.924 -57.2635 4.8
      vertex -144.924 -57.2635 6
    endloop
  endfacet
  facet normal 0.130534 0.991444 -0
    outer loop
      vertex -144.665 -57.2976 4.8
      vertex -144.924 -57.2635 4.8
      vertex -144.665 -57.2976 6
    endloop
  endfacet
  facet normal 1 0 0
    outer loop
      vertex -145.665 -44.4976 6
      vertex -145.665 -56.2976 4.8
      vertex -145.665 -44.4976 4.8
    endloop
  endfacet
  facet normal 1 -0 0
    outer loop
      vertex -145.665 -56.2976 6
      vertex -145.665 -56.2976 4.8
      vertex -145.665 -44.4976 6
    endloop
  endfacet
  facet normal 0.130534 -0.991444 0
    outer loop
      vertex -144.924 -43.5317 6
      vertex -144.665 -43.4976 4.8
      vertex -144.665 -43.4976 6
    endloop
  endfacet
  facet normal 0.130534 -0.991444 0
    outer loop
      vertex -144.924 -43.5317 4.8
      vertex -144.665 -43.4976 4.8
      vertex -144.924 -43.5317 6
    endloop
  endfacet
  facet normal 0.382927 -0.923778 0
    outer loop
      vertex -145.165 -43.6316 6
      vertex -144.924 -43.5317 4.8
      vertex -144.924 -43.5317 6
    endloop
  endfacet
  facet normal 0.382927 -0.923778 0
    outer loop
      vertex -145.165 -43.6316 4.8
      vertex -144.924 -43.5317 4.8
      vertex -145.165 -43.6316 6
    endloop
  endfacet
  facet normal 0.608914 -0.793236 0
    outer loop
      vertex -145.372 -43.7905 6
      vertex -145.165 -43.6316 4.8
      vertex -145.165 -43.6316 6
    endloop
  endfacet
  facet normal 0.608914 -0.793236 0
    outer loop
      vertex -145.372 -43.7905 4.8
      vertex -145.165 -43.6316 4.8
      vertex -145.372 -43.7905 6
    endloop
  endfacet
  facet normal 0.793193 -0.60897 0
    outer loop
      vertex -145.531 -43.9976 6
      vertex -145.372 -43.7905 4.8
      vertex -145.372 -43.7905 6
    endloop
  endfacet
  facet normal 0.793193 -0.60897 0
    outer loop
      vertex -145.531 -43.9976 4.8
      vertex -145.372 -43.7905 4.8
      vertex -145.531 -43.9976 6
    endloop
  endfacet
  facet normal 0.923755 -0.382983 0
    outer loop
      vertex -145.631 -44.2388 6
      vertex -145.531 -43.9976 4.8
      vertex -145.531 -43.9976 6
    endloop
  endfacet
  facet normal 0.923755 -0.382983 0
    outer loop
      vertex -145.631 -44.2388 4.8
      vertex -145.531 -43.9976 4.8
      vertex -145.631 -44.2388 6
    endloop
  endfacet
  facet normal 0.99148 -0.130256 0
    outer loop
      vertex -145.665 -44.4976 6
      vertex -145.631 -44.2388 4.8
      vertex -145.631 -44.2388 6
    endloop
  endfacet
  facet normal 0.99148 -0.130256 0
    outer loop
      vertex -145.665 -44.4976 4.8
      vertex -145.631 -44.2388 4.8
      vertex -145.665 -44.4976 6
    endloop
  endfacet
  facet normal 0 -1 -0
    outer loop
      vertex -132.865 -43.4976 6
      vertex -144.665 -43.4976 4.8
      vertex -132.865 -43.4976 4.8
    endloop
  endfacet
  facet normal 0 -1 0
    outer loop
      vertex -144.665 -43.4976 6
      vertex -144.665 -43.4976 4.8
      vertex -132.865 -43.4976 6
    endloop
  endfacet
  facet normal -0.99148 -0.130256 0
    outer loop
      vertex -131.899 -44.2388 6
      vertex -131.865 -44.4976 4.8
      vertex -131.865 -44.4976 6
    endloop
  endfacet
  facet normal -0.99148 -0.130256 0
    outer loop
      vertex -131.899 -44.2388 4.8
      vertex -131.865 -44.4976 4.8
      vertex -131.899 -44.2388 6
    endloop
  endfacet
  facet normal -0.923755 -0.382983 0
    outer loop
      vertex -131.999 -43.9976 6
      vertex -131.899 -44.2388 4.8
      vertex -131.899 -44.2388 6
    endloop
  endfacet
  facet normal -0.923755 -0.382983 0
    outer loop
      vertex -131.999 -43.9976 4.8
      vertex -131.899 -44.2388 4.8
      vertex -131.999 -43.9976 6
    endloop
  endfacet
  facet normal -0.793193 -0.60897 0
    outer loop
      vertex -132.158 -43.7905 6
      vertex -131.999 -43.9976 4.8
      vertex -131.999 -43.9976 6
    endloop
  endfacet
  facet normal -0.793193 -0.60897 0
    outer loop
      vertex -132.158 -43.7905 4.8
      vertex -131.999 -43.9976 4.8
      vertex -132.158 -43.7905 6
    endloop
  endfacet
  facet normal -0.608914 -0.793236 0
    outer loop
      vertex -132.365 -43.6316 6
      vertex -132.158 -43.7905 4.8
      vertex -132.158 -43.7905 6
    endloop
  endfacet
  facet normal -0.608914 -0.793236 0
    outer loop
      vertex -132.365 -43.6316 4.8
      vertex -132.158 -43.7905 4.8
      vertex -132.365 -43.6316 6
    endloop
  endfacet
  facet normal -0.381576 -0.924338 0
    outer loop
      vertex -132.607 -43.5317 6
      vertex -132.365 -43.6316 4.8
      vertex -132.365 -43.6316 6
    endloop
  endfacet
  facet normal -0.381576 -0.924338 0
    outer loop
      vertex -132.607 -43.5317 4.8
      vertex -132.365 -43.6316 4.8
      vertex -132.607 -43.5317 6
    endloop
  endfacet
  facet normal -0.131031 -0.991378 0
    outer loop
      vertex -132.865 -43.4976 6
      vertex -132.607 -43.5317 4.8
      vertex -132.607 -43.5317 6
    endloop
  endfacet
  facet normal -0.131031 -0.991378 0
    outer loop
      vertex -132.865 -43.4976 4.8
      vertex -132.607 -43.5317 4.8
      vertex -132.865 -43.4976 6
    endloop
  endfacet
  facet normal -1 0 0
    outer loop
      vertex -131.865 -56.2976 6
      vertex -131.865 -44.4976 4.8
      vertex -131.865 -56.2976 4.8
    endloop
  endfacet
  facet normal -1 -0 -0
    outer loop
      vertex -131.865 -44.4976 6
      vertex -131.865 -44.4976 4.8
      vertex -131.865 -56.2976 6
    endloop
  endfacet
  facet normal -0.131031 0.991378 0
    outer loop
      vertex -132.607 -57.2635 6
      vertex -132.865 -57.2976 4.8
      vertex -132.865 -57.2976 6
    endloop
  endfacet
  facet normal -0.131031 0.991378 0
    outer loop
      vertex -132.607 -57.2635 4.8
      vertex -132.865 -57.2976 4.8
      vertex -132.607 -57.2635 6
    endloop
  endfacet
  facet normal -0.381576 0.924338 0
    outer loop
      vertex -132.365 -57.1636 6
      vertex -132.607 -57.2635 4.8
      vertex -132.607 -57.2635 6
    endloop
  endfacet
  facet normal -0.381576 0.924338 0
    outer loop
      vertex -132.365 -57.1636 4.8
      vertex -132.607 -57.2635 4.8
      vertex -132.365 -57.1636 6
    endloop
  endfacet
  facet normal -0.608914 0.793236 0
    outer loop
      vertex -132.158 -57.0047 6
      vertex -132.365 -57.1636 4.8
      vertex -132.365 -57.1636 6
    endloop
  endfacet
  facet normal -0.608914 0.793236 0
    outer loop
      vertex -132.158 -57.0047 4.8
      vertex -132.365 -57.1636 4.8
      vertex -132.158 -57.0047 6
    endloop
  endfacet
  facet normal -0.793193 0.60897 0
    outer loop
      vertex -131.999 -56.7976 6
      vertex -132.158 -57.0047 4.8
      vertex -132.158 -57.0047 6
    endloop
  endfacet
  facet normal -0.793193 0.60897 0
    outer loop
      vertex -131.999 -56.7976 4.8
      vertex -132.158 -57.0047 4.8
      vertex -131.999 -56.7976 6
    endloop
  endfacet
  facet normal -0.923755 0.382983 0
    outer loop
      vertex -131.899 -56.5564 6
      vertex -131.999 -56.7976 4.8
      vertex -131.999 -56.7976 6
    endloop
  endfacet
  facet normal -0.923755 0.382983 0
    outer loop
      vertex -131.899 -56.5564 4.8
      vertex -131.999 -56.7976 4.8
      vertex -131.899 -56.5564 6
    endloop
  endfacet
  facet normal -0.99148 0.130256 0
    outer loop
      vertex -131.865 -56.2976 6
      vertex -131.899 -56.5564 4.8
      vertex -131.899 -56.5564 6
    endloop
  endfacet
  facet normal -0.99148 0.130256 0
    outer loop
      vertex -131.865 -56.2976 4.8
      vertex -131.899 -56.5564 4.8
      vertex -131.865 -56.2976 6
    endloop
  endfacet
  facet normal -0.991437 0.13059 0
    outer loop
      vertex -73.3514 -76.372 6
      vertex -73.3889 -76.6567 4.8
      vertex -73.3889 -76.6567 6
    endloop
  endfacet
  facet normal -0.991437 0.13059 0
    outer loop
      vertex -73.3514 -76.372 4.8
      vertex -73.3889 -76.6567 4.8
      vertex -73.3514 -76.372 6
    endloop
  endfacet
  facet normal -0.991437 -0.13059 0
    outer loop
      vertex -73.3889 -76.0873 6
      vertex -73.3514 -76.372 4.8
      vertex -73.3514 -76.372 6
    endloop
  endfacet
  facet normal -0.991437 -0.13059 0
    outer loop
      vertex -73.3889 -76.0873 4.8
      vertex -73.3514 -76.372 4.8
      vertex -73.3889 -76.0873 6
    endloop
  endfacet
  facet normal -0.923868 -0.382711 0
    outer loop
      vertex -73.4988 -75.822 6
      vertex -73.3889 -76.0873 4.8
      vertex -73.3889 -76.0873 6
    endloop
  endfacet
  facet normal -0.923868 -0.382711 0
    outer loop
      vertex -73.4988 -75.822 4.8
      vertex -73.3889 -76.0873 4.8
      vertex -73.4988 -75.822 6
    endloop
  endfacet
  facet normal -0.793477 -0.6086 0
    outer loop
      vertex -73.6736 -75.5941 6
      vertex -73.4988 -75.822 4.8
      vertex -73.4988 -75.822 6
    endloop
  endfacet
  facet normal -0.793477 -0.6086 0
    outer loop
      vertex -73.6736 -75.5941 4.8
      vertex -73.4988 -75.822 4.8
      vertex -73.6736 -75.5941 6
    endloop
  endfacet
  facet normal -0.608768 -0.793348 0
    outer loop
      vertex -73.9014 -75.4193 6
      vertex -73.6736 -75.5941 4.8
      vertex -73.6736 -75.5941 6
    endloop
  endfacet
  facet normal -0.608768 -0.793348 0
    outer loop
      vertex -73.9014 -75.4193 4.8
      vertex -73.6736 -75.5941 4.8
      vertex -73.9014 -75.4193 6
    endloop
  endfacet
  facet normal -0.382711 -0.923868 0
    outer loop
      vertex -74.1667 -75.3094 6
      vertex -73.9014 -75.4193 4.8
      vertex -73.9014 -75.4193 6
    endloop
  endfacet
  facet normal -0.382711 -0.923868 0
    outer loop
      vertex -74.1667 -75.3094 4.8
      vertex -73.9014 -75.4193 4.8
      vertex -74.1667 -75.3094 6
    endloop
  endfacet
  facet normal -0.130247 -0.991482 0
    outer loop
      vertex -74.4514 -75.272 6
      vertex -74.1667 -75.3094 4.8
      vertex -74.1667 -75.3094 6
    endloop
  endfacet
  facet normal -0.130247 -0.991482 0
    outer loop
      vertex -74.4514 -75.272 4.8
      vertex -74.1667 -75.3094 4.8
      vertex -74.4514 -75.272 6
    endloop
  endfacet
  facet normal 0.130247 -0.991482 0
    outer loop
      vertex -74.7361 -75.3094 6
      vertex -74.4514 -75.272 4.8
      vertex -74.4514 -75.272 6
    endloop
  endfacet
  facet normal 0.130247 -0.991482 0
    outer loop
      vertex -74.7361 -75.3094 4.8
      vertex -74.4514 -75.272 4.8
      vertex -74.7361 -75.3094 6
    endloop
  endfacet
  facet normal 0.382711 -0.923868 0
    outer loop
      vertex -75.0014 -75.4193 6
      vertex -74.7361 -75.3094 4.8
      vertex -74.7361 -75.3094 6
    endloop
  endfacet
  facet normal 0.382711 -0.923868 0
    outer loop
      vertex -75.0014 -75.4193 4.8
      vertex -74.7361 -75.3094 4.8
      vertex -75.0014 -75.4193 6
    endloop
  endfacet
  facet normal 0.608768 -0.793348 0
    outer loop
      vertex -75.2292 -75.5941 6
      vertex -75.0014 -75.4193 4.8
      vertex -75.0014 -75.4193 6
    endloop
  endfacet
  facet normal 0.608768 -0.793348 0
    outer loop
      vertex -75.2292 -75.5941 4.8
      vertex -75.0014 -75.4193 4.8
      vertex -75.2292 -75.5941 6
    endloop
  endfacet
  facet normal 0.793477 -0.6086 0
    outer loop
      vertex -75.404 -75.822 6
      vertex -75.2292 -75.5941 4.8
      vertex -75.2292 -75.5941 6
    endloop
  endfacet
  facet normal 0.793477 -0.6086 0
    outer loop
      vertex -75.404 -75.822 4.8
      vertex -75.2292 -75.5941 4.8
      vertex -75.404 -75.822 6
    endloop
  endfacet
  facet normal 0.923868 -0.382711 0
    outer loop
      vertex -75.5139 -76.0873 6
      vertex -75.404 -75.822 4.8
      vertex -75.404 -75.822 6
    endloop
  endfacet
  facet normal 0.923868 -0.382711 0
    outer loop
      vertex -75.5139 -76.0873 4.8
      vertex -75.404 -75.822 4.8
      vertex -75.5139 -76.0873 6
    endloop
  endfacet
  facet normal 0.991437 -0.13059 0
    outer loop
      vertex -75.5514 -76.372 6
      vertex -75.5139 -76.0873 4.8
      vertex -75.5139 -76.0873 6
    endloop
  endfacet
  facet normal 0.991437 -0.13059 0
    outer loop
      vertex -75.5514 -76.372 4.8
      vertex -75.5139 -76.0873 4.8
      vertex -75.5514 -76.372 6
    endloop
  endfacet
  facet normal 0.991437 0.13059 0
    outer loop
      vertex -75.5139 -76.6567 6
      vertex -75.5514 -76.372 4.8
      vertex -75.5514 -76.372 6
    endloop
  endfacet
  facet normal 0.991437 0.13059 -0
    outer loop
      vertex -75.5139 -76.6567 4.8
      vertex -75.5514 -76.372 4.8
      vertex -75.5139 -76.6567 6
    endloop
  endfacet
  facet normal 0.923868 0.382711 0
    outer loop
      vertex -75.404 -76.922 6
      vertex -75.5139 -76.6567 4.8
      vertex -75.5139 -76.6567 6
    endloop
  endfacet
  facet normal 0.923868 0.382711 -0
    outer loop
      vertex -75.404 -76.922 4.8
      vertex -75.5139 -76.6567 4.8
      vertex -75.404 -76.922 6
    endloop
  endfacet
  facet normal 0.793348 0.608768 0
    outer loop
      vertex -75.2292 -77.1498 6
      vertex -75.404 -76.922 4.8
      vertex -75.404 -76.922 6
    endloop
  endfacet
  facet normal 0.793348 0.608768 -0
    outer loop
      vertex -75.2292 -77.1498 4.8
      vertex -75.404 -76.922 4.8
      vertex -75.2292 -77.1498 6
    endloop
  endfacet
  facet normal 0.608768 0.793348 0
    outer loop
      vertex -75.0014 -77.3246 6
      vertex -75.2292 -77.1498 4.8
      vertex -75.2292 -77.1498 6
    endloop
  endfacet
  facet normal 0.608768 0.793348 -0
    outer loop
      vertex -75.0014 -77.3246 4.8
      vertex -75.2292 -77.1498 4.8
      vertex -75.0014 -77.3246 6
    endloop
  endfacet
  facet normal 0.382711 0.923868 0
    outer loop
      vertex -74.7361 -77.4345 6
      vertex -75.0014 -77.3246 4.8
      vertex -75.0014 -77.3246 6
    endloop
  endfacet
  facet normal 0.382711 0.923868 -0
    outer loop
      vertex -74.7361 -77.4345 4.8
      vertex -75.0014 -77.3246 4.8
      vertex -74.7361 -77.4345 6
    endloop
  endfacet
  facet normal 0.13059 0.991437 0
    outer loop
      vertex -74.4514 -77.472 6
      vertex -74.7361 -77.4345 4.8
      vertex -74.7361 -77.4345 6
    endloop
  endfacet
  facet normal 0.13059 0.991437 -0
    outer loop
      vertex -74.4514 -77.472 4.8
      vertex -74.7361 -77.4345 4.8
      vertex -74.4514 -77.472 6
    endloop
  endfacet
  facet normal -0.13059 0.991437 0
    outer loop
      vertex -74.1667 -77.4345 6
      vertex -74.4514 -77.472 4.8
      vertex -74.4514 -77.472 6
    endloop
  endfacet
  facet normal -0.13059 0.991437 0
    outer loop
      vertex -74.1667 -77.4345 4.8
      vertex -74.4514 -77.472 4.8
      vertex -74.1667 -77.4345 6
    endloop
  endfacet
  facet normal -0.382711 0.923868 0
    outer loop
      vertex -73.9014 -77.3246 6
      vertex -74.1667 -77.4345 4.8
      vertex -74.1667 -77.4345 6
    endloop
  endfacet
  facet normal -0.382711 0.923868 0
    outer loop
      vertex -73.9014 -77.3246 4.8
      vertex -74.1667 -77.4345 4.8
      vertex -73.9014 -77.3246 6
    endloop
  endfacet
  facet normal -0.608768 0.793348 0
    outer loop
      vertex -73.6736 -77.1498 6
      vertex -73.9014 -77.3246 4.8
      vertex -73.9014 -77.3246 6
    endloop
  endfacet
  facet normal -0.608768 0.793348 0
    outer loop
      vertex -73.6736 -77.1498 4.8
      vertex -73.9014 -77.3246 4.8
      vertex -73.6736 -77.1498 6
    endloop
  endfacet
  facet normal -0.793348 0.608768 0
    outer loop
      vertex -73.4988 -76.922 6
      vertex -73.6736 -77.1498 4.8
      vertex -73.6736 -77.1498 6
    endloop
  endfacet
  facet normal -0.793348 0.608768 0
    outer loop
      vertex -73.4988 -76.922 4.8
      vertex -73.6736 -77.1498 4.8
      vertex -73.4988 -76.922 6
    endloop
  endfacet
  facet normal -0.923868 0.382711 0
    outer loop
      vertex -73.3889 -76.6567 6
      vertex -73.4988 -76.922 4.8
      vertex -73.4988 -76.922 6
    endloop
  endfacet
  facet normal -0.923868 0.382711 0
    outer loop
      vertex -73.3889 -76.6567 4.8
      vertex -73.4988 -76.922 4.8
      vertex -73.3889 -76.6567 6
    endloop
  endfacet
  facet normal 0 1 0
    outer loop
      vertex -108.665 -85.3476 6
      vertex -96.8654 -85.3476 4.8
      vertex -108.665 -85.3476 4.8
    endloop
  endfacet
  facet normal 0 1 0
    outer loop
      vertex -96.8654 -85.3476 6
      vertex -96.8654 -85.3476 4.8
      vertex -108.665 -85.3476 6
    endloop
  endfacet
  facet normal 0.99148 0.130256 0
    outer loop
      vertex -109.631 -84.6064 6
      vertex -109.665 -84.3476 4.8
      vertex -109.665 -84.3476 6
    endloop
  endfacet
  facet normal 0.99148 0.130256 -0
    outer loop
      vertex -109.631 -84.6064 4.8
      vertex -109.665 -84.3476 4.8
      vertex -109.631 -84.6064 6
    endloop
  endfacet
  facet normal 0.923755 0.382983 0
    outer loop
      vertex -109.531 -84.8476 6
      vertex -109.631 -84.6064 4.8
      vertex -109.631 -84.6064 6
    endloop
  endfacet
  facet normal 0.923755 0.382983 -0
    outer loop
      vertex -109.531 -84.8476 4.8
      vertex -109.631 -84.6064 4.8
      vertex -109.531 -84.8476 6
    endloop
  endfacet
  facet normal 0.793193 0.60897 0
    outer loop
      vertex -109.372 -85.0547 6
      vertex -109.531 -84.8476 4.8
      vertex -109.531 -84.8476 6
    endloop
  endfacet
  facet normal 0.793193 0.60897 -0
    outer loop
      vertex -109.372 -85.0547 4.8
      vertex -109.531 -84.8476 4.8
      vertex -109.372 -85.0547 6
    endloop
  endfacet
  facet normal 0.608914 0.793236 0
    outer loop
      vertex -109.165 -85.2136 6
      vertex -109.372 -85.0547 4.8
      vertex -109.372 -85.0547 6
    endloop
  endfacet
  facet normal 0.608914 0.793236 -0
    outer loop
      vertex -109.165 -85.2136 4.8
      vertex -109.372 -85.0547 4.8
      vertex -109.165 -85.2136 6
    endloop
  endfacet
  facet normal 0.382927 0.923778 0
    outer loop
      vertex -108.924 -85.3135 6
      vertex -109.165 -85.2136 4.8
      vertex -109.165 -85.2136 6
    endloop
  endfacet
  facet normal 0.382927 0.923778 -0
    outer loop
      vertex -108.924 -85.3135 4.8
      vertex -109.165 -85.2136 4.8
      vertex -108.924 -85.3135 6
    endloop
  endfacet
  facet normal 0.130534 0.991444 0
    outer loop
      vertex -108.665 -85.3476 6
      vertex -108.924 -85.3135 4.8
      vertex -108.924 -85.3135 6
    endloop
  endfacet
  facet normal 0.130534 0.991444 -0
    outer loop
      vertex -108.665 -85.3476 4.8
      vertex -108.924 -85.3135 4.8
      vertex -108.665 -85.3476 6
    endloop
  endfacet
  facet normal 1 0 0
    outer loop
      vertex -109.665 -72.5476 6
      vertex -109.665 -84.3476 4.8
      vertex -109.665 -72.5476 4.8
    endloop
  endfacet
  facet normal 1 -0 0
    outer loop
      vertex -109.665 -84.3476 6
      vertex -109.665 -84.3476 4.8
      vertex -109.665 -72.5476 6
    endloop
  endfacet
  facet normal 0.130157 -0.991493 0
    outer loop
      vertex -108.924 -71.5816 6
      vertex -108.665 -71.5476 4.8
      vertex -108.665 -71.5476 6
    endloop
  endfacet
  facet normal 0.130157 -0.991493 0
    outer loop
      vertex -108.924 -71.5816 4.8
      vertex -108.665 -71.5476 4.8
      vertex -108.924 -71.5816 6
    endloop
  endfacet
  facet normal 0.382927 -0.923778 0
    outer loop
      vertex -109.165 -71.6815 6
      vertex -108.924 -71.5816 4.8
      vertex -108.924 -71.5816 6
    endloop
  endfacet
  facet normal 0.382927 -0.923778 0
    outer loop
      vertex -109.165 -71.6815 4.8
      vertex -108.924 -71.5816 4.8
      vertex -109.165 -71.6815 6
    endloop
  endfacet
  facet normal 0.609155 -0.793051 0
    outer loop
      vertex -109.372 -71.8405 6
      vertex -109.165 -71.6815 4.8
      vertex -109.165 -71.6815 6
    endloop
  endfacet
  facet normal 0.609155 -0.793051 0
    outer loop
      vertex -109.372 -71.8405 4.8
      vertex -109.165 -71.6815 4.8
      vertex -109.372 -71.8405 6
    endloop
  endfacet
  facet normal 0.793193 -0.60897 0
    outer loop
      vertex -109.531 -72.0476 6
      vertex -109.372 -71.8405 4.8
      vertex -109.372 -71.8405 6
    endloop
  endfacet
  facet normal 0.793193 -0.60897 0
    outer loop
      vertex -109.531 -72.0476 4.8
      vertex -109.372 -71.8405 4.8
      vertex -109.531 -72.0476 6
    endloop
  endfacet
  facet normal 0.923755 -0.382983 0
    outer loop
      vertex -109.631 -72.2888 6
      vertex -109.531 -72.0476 4.8
      vertex -109.531 -72.0476 6
    endloop
  endfacet
  facet normal 0.923755 -0.382983 0
    outer loop
      vertex -109.631 -72.2888 4.8
      vertex -109.531 -72.0476 4.8
      vertex -109.631 -72.2888 6
    endloop
  endfacet
  facet normal 0.99148 -0.130256 0
    outer loop
      vertex -109.665 -72.5476 6
      vertex -109.631 -72.2888 4.8
      vertex -109.631 -72.2888 6
    endloop
  endfacet
  facet normal 0.99148 -0.130256 0
    outer loop
      vertex -109.665 -72.5476 4.8
      vertex -109.631 -72.2888 4.8
      vertex -109.665 -72.5476 6
    endloop
  endfacet
  facet normal 0 -1 -0
    outer loop
      vertex -96.8654 -71.5476 6
      vertex -108.665 -71.5476 4.8
      vertex -96.8654 -71.5476 4.8
    endloop
  endfacet
  facet normal 0 -1 0
    outer loop
      vertex -108.665 -71.5476 6
      vertex -108.665 -71.5476 4.8
      vertex -96.8654 -71.5476 6
    endloop
  endfacet
  facet normal -0.991431 -0.130633 0
    outer loop
      vertex -95.8995 -72.2888 6
      vertex -95.8654 -72.5476 4.8
      vertex -95.8654 -72.5476 6
    endloop
  endfacet
  facet normal -0.991431 -0.130633 0
    outer loop
      vertex -95.8995 -72.2888 4.8
      vertex -95.8654 -72.5476 4.8
      vertex -95.8995 -72.2888 6
    endloop
  endfacet
  facet normal -0.923891 -0.382656 0
    outer loop
      vertex -95.9994 -72.0476 6
      vertex -95.8995 -72.2888 4.8
      vertex -95.8995 -72.2888 6
    endloop
  endfacet
  facet normal -0.923891 -0.382656 0
    outer loop
      vertex -95.9994 -72.0476 4.8
      vertex -95.8995 -72.2888 4.8
      vertex -95.9994 -72.0476 6
    endloop
  endfacet
  facet normal -0.793378 -0.608729 0
    outer loop
      vertex -96.1583 -71.8405 6
      vertex -95.9994 -72.0476 4.8
      vertex -95.9994 -72.0476 6
    endloop
  endfacet
  facet normal -0.793378 -0.608729 0
    outer loop
      vertex -96.1583 -71.8405 4.8
      vertex -95.9994 -72.0476 4.8
      vertex -96.1583 -71.8405 6
    endloop
  endfacet
  facet normal -0.60897 -0.793193 0
    outer loop
      vertex -96.3654 -71.6815 6
      vertex -96.1583 -71.8405 4.8
      vertex -96.1583 -71.8405 6
    endloop
  endfacet
  facet normal -0.60897 -0.793193 0
    outer loop
      vertex -96.3654 -71.6815 4.8
      vertex -96.1583 -71.8405 4.8
      vertex -96.3654 -71.6815 6
    endloop
  endfacet
  facet normal -0.382656 -0.923891 0
    outer loop
      vertex -96.6066 -71.5816 6
      vertex -96.3654 -71.6815 4.8
      vertex -96.3654 -71.6815 6
    endloop
  endfacet
  facet normal -0.382656 -0.923891 0
    outer loop
      vertex -96.6066 -71.5816 4.8
      vertex -96.3654 -71.6815 4.8
      vertex -96.6066 -71.5816 6
    endloop
  endfacet
  facet normal -0.130256 -0.99148 0
    outer loop
      vertex -96.8654 -71.5476 6
      vertex -96.6066 -71.5816 4.8
      vertex -96.6066 -71.5816 6
    endloop
  endfacet
  facet normal -0.130256 -0.99148 0
    outer loop
      vertex -96.8654 -71.5476 4.8
      vertex -96.6066 -71.5816 4.8
      vertex -96.8654 -71.5476 6
    endloop
  endfacet
  facet normal -1 0 0
    outer loop
      vertex -95.8654 -84.3476 6
      vertex -95.8654 -72.5476 4.8
      vertex -95.8654 -84.3476 4.8
    endloop
  endfacet
  facet normal -1 -0 -0
    outer loop
      vertex -95.8654 -72.5476 6
      vertex -95.8654 -72.5476 4.8
      vertex -95.8654 -84.3476 6
    endloop
  endfacet
  facet normal -0.130633 0.991431 0
    outer loop
      vertex -96.6066 -85.3135 6
      vertex -96.8654 -85.3476 4.8
      vertex -96.8654 -85.3476 6
    endloop
  endfacet
  facet normal -0.130633 0.991431 0
    outer loop
      vertex -96.6066 -85.3135 4.8
      vertex -96.8654 -85.3476 4.8
      vertex -96.6066 -85.3135 6
    endloop
  endfacet
  facet normal -0.382656 0.923891 0
    outer loop
      vertex -96.3654 -85.2136 6
      vertex -96.6066 -85.3135 4.8
      vertex -96.6066 -85.3135 6
    endloop
  endfacet
  facet normal -0.382656 0.923891 0
    outer loop
      vertex -96.3654 -85.2136 4.8
      vertex -96.6066 -85.3135 4.8
      vertex -96.3654 -85.2136 6
    endloop
  endfacet
  facet normal -0.608729 0.793378 0
    outer loop
      vertex -96.1583 -85.0547 6
      vertex -96.3654 -85.2136 4.8
      vertex -96.3654 -85.2136 6
    endloop
  endfacet
  facet normal -0.608729 0.793378 0
    outer loop
      vertex -96.1583 -85.0547 4.8
      vertex -96.3654 -85.2136 4.8
      vertex -96.1583 -85.0547 6
    endloop
  endfacet
  facet normal -0.793378 0.608729 0
    outer loop
      vertex -95.9994 -84.8476 6
      vertex -96.1583 -85.0547 4.8
      vertex -96.1583 -85.0547 6
    endloop
  endfacet
  facet normal -0.793378 0.608729 0
    outer loop
      vertex -95.9994 -84.8476 4.8
      vertex -96.1583 -85.0547 4.8
      vertex -95.9994 -84.8476 6
    endloop
  endfacet
  facet normal -0.923891 0.382656 0
    outer loop
      vertex -95.8995 -84.6064 6
      vertex -95.9994 -84.8476 4.8
      vertex -95.9994 -84.8476 6
    endloop
  endfacet
  facet normal -0.923891 0.382656 0
    outer loop
      vertex -95.8995 -84.6064 4.8
      vertex -95.9994 -84.8476 4.8
      vertex -95.8995 -84.6064 6
    endloop
  endfacet
  facet normal -0.991431 0.130633 0
    outer loop
      vertex -95.8654 -84.3476 6
      vertex -95.8995 -84.6064 4.8
      vertex -95.8995 -84.6064 6
    endloop
  endfacet
  facet normal -0.991431 0.130633 0
    outer loop
      vertex -95.8654 -84.3476 4.8
      vertex -95.8995 -84.6064 4.8
      vertex -95.8654 -84.3476 6
    endloop
  endfacet
  facet normal -0.991661 0.128878 0
    outer loop
      vertex -128.3 -56.35 6
      vertex -128.337 -56.6347 4.8
      vertex -128.337 -56.6347 6
    endloop
  endfacet
  facet normal -0.991661 0.128878 0
    outer loop
      vertex -128.3 -56.35 4.8
      vertex -128.337 -56.6347 4.8
      vertex -128.3 -56.35 6
    endloop
  endfacet
  facet normal -0.991661 -0.128878 0
    outer loop
      vertex -128.337 -56.0653 6
      vertex -128.3 -56.35 4.8
      vertex -128.3 -56.35 6
    endloop
  endfacet
  facet normal -0.991661 -0.128878 0
    outer loop
      vertex -128.337 -56.0653 4.8
      vertex -128.3 -56.35 4.8
      vertex -128.337 -56.0653 6
    endloop
  endfacet
  facet normal -0.923745 -0.383008 0
    outer loop
      vertex -128.447 -55.8 6
      vertex -128.337 -56.0653 4.8
      vertex -128.337 -56.0653 6
    endloop
  endfacet
  facet normal -0.923745 -0.383008 0
    outer loop
      vertex -128.447 -55.8 4.8
      vertex -128.337 -56.0653 4.8
      vertex -128.447 -55.8 6
    endloop
  endfacet
  facet normal -0.793012 -0.609206 0
    outer loop
      vertex -128.622 -55.5722 6
      vertex -128.447 -55.8 4.8
      vertex -128.447 -55.8 6
    endloop
  endfacet
  facet normal -0.793012 -0.609206 0
    outer loop
      vertex -128.622 -55.5722 4.8
      vertex -128.447 -55.8 4.8
      vertex -128.622 -55.5722 6
    endloop
  endfacet
  facet normal -0.608432 -0.793606 0
    outer loop
      vertex -128.85 -55.3974 6
      vertex -128.622 -55.5722 4.8
      vertex -128.622 -55.5722 6
    endloop
  endfacet
  facet normal -0.608432 -0.793606 0
    outer loop
      vertex -128.85 -55.3974 4.8
      vertex -128.622 -55.5722 4.8
      vertex -128.85 -55.3974 6
    endloop
  endfacet
  facet normal -0.38308 -0.923715 0
    outer loop
      vertex -129.115 -55.2875 6
      vertex -128.85 -55.3974 4.8
      vertex -128.85 -55.3974 6
    endloop
  endfacet
  facet normal -0.38308 -0.923715 0
    outer loop
      vertex -129.115 -55.2875 4.8
      vertex -128.85 -55.3974 4.8
      vertex -129.115 -55.2875 6
    endloop
  endfacet
  facet normal -0.130455 -0.991454 0
    outer loop
      vertex -129.4 -55.25 6
      vertex -129.115 -55.2875 4.8
      vertex -129.115 -55.2875 6
    endloop
  endfacet
  facet normal -0.130455 -0.991454 0
    outer loop
      vertex -129.4 -55.25 4.8
      vertex -129.115 -55.2875 4.8
      vertex -129.4 -55.25 6
    endloop
  endfacet
  facet normal 0.130455 -0.991454 0
    outer loop
      vertex -129.685 -55.2875 6
      vertex -129.4 -55.25 4.8
      vertex -129.4 -55.25 6
    endloop
  endfacet
  facet normal 0.130455 -0.991454 0
    outer loop
      vertex -129.685 -55.2875 4.8
      vertex -129.4 -55.25 4.8
      vertex -129.685 -55.2875 6
    endloop
  endfacet
  facet normal 0.38308 -0.923715 0
    outer loop
      vertex -129.95 -55.3974 6
      vertex -129.685 -55.2875 4.8
      vertex -129.685 -55.2875 6
    endloop
  endfacet
  facet normal 0.38308 -0.923715 0
    outer loop
      vertex -129.95 -55.3974 4.8
      vertex -129.685 -55.2875 4.8
      vertex -129.95 -55.3974 6
    endloop
  endfacet
  facet normal 0.608432 -0.793606 0
    outer loop
      vertex -130.178 -55.5722 6
      vertex -129.95 -55.3974 4.8
      vertex -129.95 -55.3974 6
    endloop
  endfacet
  facet normal 0.608432 -0.793606 0
    outer loop
      vertex -130.178 -55.5722 4.8
      vertex -129.95 -55.3974 4.8
      vertex -130.178 -55.5722 6
    endloop
  endfacet
  facet normal 0.793012 -0.609206 0
    outer loop
      vertex -130.353 -55.8 6
      vertex -130.178 -55.5722 4.8
      vertex -130.178 -55.5722 6
    endloop
  endfacet
  facet normal 0.793012 -0.609206 0
    outer loop
      vertex -130.353 -55.8 4.8
      vertex -130.178 -55.5722 4.8
      vertex -130.353 -55.8 6
    endloop
  endfacet
  facet normal 0.923745 -0.383008 0
    outer loop
      vertex -130.463 -56.0653 6
      vertex -130.353 -55.8 4.8
      vertex -130.353 -55.8 6
    endloop
  endfacet
  facet normal 0.923745 -0.383008 0
    outer loop
      vertex -130.463 -56.0653 4.8
      vertex -130.353 -55.8 4.8
      vertex -130.463 -56.0653 6
    endloop
  endfacet
  facet normal 0.991661 -0.128878 0
    outer loop
      vertex -130.5 -56.35 6
      vertex -130.463 -56.0653 4.8
      vertex -130.463 -56.0653 6
    endloop
  endfacet
  facet normal 0.991661 -0.128878 0
    outer loop
      vertex -130.5 -56.35 4.8
      vertex -130.463 -56.0653 4.8
      vertex -130.5 -56.35 6
    endloop
  endfacet
  facet normal 0.991661 0.128878 0
    outer loop
      vertex -130.463 -56.6347 6
      vertex -130.5 -56.35 4.8
      vertex -130.5 -56.35 6
    endloop
  endfacet
  facet normal 0.991661 0.128878 -0
    outer loop
      vertex -130.463 -56.6347 4.8
      vertex -130.5 -56.35 4.8
      vertex -130.463 -56.6347 6
    endloop
  endfacet
  facet normal 0.923745 0.383008 0
    outer loop
      vertex -130.353 -56.9 6
      vertex -130.463 -56.6347 4.8
      vertex -130.463 -56.6347 6
    endloop
  endfacet
  facet normal 0.923745 0.383008 -0
    outer loop
      vertex -130.353 -56.9 4.8
      vertex -130.463 -56.6347 4.8
      vertex -130.353 -56.9 6
    endloop
  endfacet
  facet normal 0.793012 0.609206 0
    outer loop
      vertex -130.178 -57.1278 6
      vertex -130.353 -56.9 4.8
      vertex -130.353 -56.9 6
    endloop
  endfacet
  facet normal 0.793012 0.609206 -0
    outer loop
      vertex -130.178 -57.1278 4.8
      vertex -130.353 -56.9 4.8
      vertex -130.178 -57.1278 6
    endloop
  endfacet
  facet normal 0.608432 0.793606 0
    outer loop
      vertex -129.95 -57.3026 6
      vertex -130.178 -57.1278 4.8
      vertex -130.178 -57.1278 6
    endloop
  endfacet
  facet normal 0.608432 0.793606 -0
    outer loop
      vertex -129.95 -57.3026 4.8
      vertex -130.178 -57.1278 4.8
      vertex -129.95 -57.3026 6
    endloop
  endfacet
  facet normal 0.38308 0.923715 0
    outer loop
      vertex -129.685 -57.4125 6
      vertex -129.95 -57.3026 4.8
      vertex -129.95 -57.3026 6
    endloop
  endfacet
  facet normal 0.38308 0.923715 -0
    outer loop
      vertex -129.685 -57.4125 4.8
      vertex -129.95 -57.3026 4.8
      vertex -129.685 -57.4125 6
    endloop
  endfacet
  facet normal 0.130455 0.991454 0
    outer loop
      vertex -129.4 -57.45 6
      vertex -129.685 -57.4125 4.8
      vertex -129.685 -57.4125 6
    endloop
  endfacet
  facet normal 0.130455 0.991454 -0
    outer loop
      vertex -129.4 -57.45 4.8
      vertex -129.685 -57.4125 4.8
      vertex -129.4 -57.45 6
    endloop
  endfacet
  facet normal -0.130455 0.991454 0
    outer loop
      vertex -129.115 -57.4125 6
      vertex -129.4 -57.45 4.8
      vertex -129.4 -57.45 6
    endloop
  endfacet
  facet normal -0.130455 0.991454 0
    outer loop
      vertex -129.115 -57.4125 4.8
      vertex -129.4 -57.45 4.8
      vertex -129.115 -57.4125 6
    endloop
  endfacet
  facet normal -0.38308 0.923715 0
    outer loop
      vertex -128.85 -57.3026 6
      vertex -129.115 -57.4125 4.8
      vertex -129.115 -57.4125 6
    endloop
  endfacet
  facet normal -0.38308 0.923715 0
    outer loop
      vertex -128.85 -57.3026 4.8
      vertex -129.115 -57.4125 4.8
      vertex -128.85 -57.3026 6
    endloop
  endfacet
  facet normal -0.608432 0.793606 0
    outer loop
      vertex -128.622 -57.1278 6
      vertex -128.85 -57.3026 4.8
      vertex -128.85 -57.3026 6
    endloop
  endfacet
  facet normal -0.608432 0.793606 0
    outer loop
      vertex -128.622 -57.1278 4.8
      vertex -128.85 -57.3026 4.8
      vertex -128.622 -57.1278 6
    endloop
  endfacet
  facet normal -0.793012 0.609206 0
    outer loop
      vertex -128.447 -56.9 6
      vertex -128.622 -57.1278 4.8
      vertex -128.622 -57.1278 6
    endloop
  endfacet
  facet normal -0.793012 0.609206 0
    outer loop
      vertex -128.447 -56.9 4.8
      vertex -128.622 -57.1278 4.8
      vertex -128.447 -56.9 6
    endloop
  endfacet
  facet normal -0.923745 0.383008 0
    outer loop
      vertex -128.337 -56.6347 6
      vertex -128.447 -56.9 4.8
      vertex -128.447 -56.9 6
    endloop
  endfacet
  facet normal -0.923745 0.383008 0
    outer loop
      vertex -128.337 -56.6347 4.8
      vertex -128.447 -56.9 4.8
      vertex -128.337 -56.6347 6
    endloop
  endfacet
  facet normal 0 1 0
    outer loop
      vertex -108.665 -51.3476 6
      vertex -96.8654 -51.3476 4.8
      vertex -108.665 -51.3476 4.8
    endloop
  endfacet
  facet normal 0 1 0
    outer loop
      vertex -96.8654 -51.3476 6
      vertex -96.8654 -51.3476 4.8
      vertex -108.665 -51.3476 6
    endloop
  endfacet
  facet normal 0.99148 0.130256 0
    outer loop
      vertex -109.631 -50.6064 6
      vertex -109.665 -50.3476 4.8
      vertex -109.665 -50.3476 6
    endloop
  endfacet
  facet normal 0.99148 0.130256 -0
    outer loop
      vertex -109.631 -50.6064 4.8
      vertex -109.665 -50.3476 4.8
      vertex -109.631 -50.6064 6
    endloop
  endfacet
  facet normal 0.923755 0.382983 0
    outer loop
      vertex -109.531 -50.8476 6
      vertex -109.631 -50.6064 4.8
      vertex -109.631 -50.6064 6
    endloop
  endfacet
  facet normal 0.923755 0.382983 -0
    outer loop
      vertex -109.531 -50.8476 4.8
      vertex -109.631 -50.6064 4.8
      vertex -109.531 -50.8476 6
    endloop
  endfacet
  facet normal 0.793193 0.60897 0
    outer loop
      vertex -109.372 -51.0547 6
      vertex -109.531 -50.8476 4.8
      vertex -109.531 -50.8476 6
    endloop
  endfacet
  facet normal 0.793193 0.60897 -0
    outer loop
      vertex -109.372 -51.0547 4.8
      vertex -109.531 -50.8476 4.8
      vertex -109.372 -51.0547 6
    endloop
  endfacet
  facet normal 0.608914 0.793236 0
    outer loop
      vertex -109.165 -51.2136 6
      vertex -109.372 -51.0547 4.8
      vertex -109.372 -51.0547 6
    endloop
  endfacet
  facet normal 0.608914 0.793236 -0
    outer loop
      vertex -109.165 -51.2136 4.8
      vertex -109.372 -51.0547 4.8
      vertex -109.165 -51.2136 6
    endloop
  endfacet
  facet normal 0.382927 0.923778 0
    outer loop
      vertex -108.924 -51.3135 6
      vertex -109.165 -51.2136 4.8
      vertex -109.165 -51.2136 6
    endloop
  endfacet
  facet normal 0.382927 0.923778 -0
    outer loop
      vertex -108.924 -51.3135 4.8
      vertex -109.165 -51.2136 4.8
      vertex -108.924 -51.3135 6
    endloop
  endfacet
  facet normal 0.130534 0.991444 0
    outer loop
      vertex -108.665 -51.3476 6
      vertex -108.924 -51.3135 4.8
      vertex -108.924 -51.3135 6
    endloop
  endfacet
  facet normal 0.130534 0.991444 -0
    outer loop
      vertex -108.665 -51.3476 4.8
      vertex -108.924 -51.3135 4.8
      vertex -108.665 -51.3476 6
    endloop
  endfacet
  facet normal 1 0 0
    outer loop
      vertex -109.665 -38.5476 6
      vertex -109.665 -50.3476 4.8
      vertex -109.665 -38.5476 4.8
    endloop
  endfacet
  facet normal 1 -0 0
    outer loop
      vertex -109.665 -50.3476 6
      vertex -109.665 -50.3476 4.8
      vertex -109.665 -38.5476 6
    endloop
  endfacet
  facet normal 0.130534 -0.991444 0
    outer loop
      vertex -108.924 -37.5817 6
      vertex -108.665 -37.5476 4.8
      vertex -108.665 -37.5476 6
    endloop
  endfacet
  facet normal 0.130534 -0.991444 0
    outer loop
      vertex -108.924 -37.5817 4.8
      vertex -108.665 -37.5476 4.8
      vertex -108.924 -37.5817 6
    endloop
  endfacet
  facet normal 0.382927 -0.923778 0
    outer loop
      vertex -109.165 -37.6816 6
      vertex -108.924 -37.5817 4.8
      vertex -108.924 -37.5817 6
    endloop
  endfacet
  facet normal 0.382927 -0.923778 0
    outer loop
      vertex -109.165 -37.6816 4.8
      vertex -108.924 -37.5817 4.8
      vertex -109.165 -37.6816 6
    endloop
  endfacet
  facet normal 0.608914 -0.793236 0
    outer loop
      vertex -109.372 -37.8405 6
      vertex -109.165 -37.6816 4.8
      vertex -109.165 -37.6816 6
    endloop
  endfacet
  facet normal 0.608914 -0.793236 0
    outer loop
      vertex -109.372 -37.8405 4.8
      vertex -109.165 -37.6816 4.8
      vertex -109.372 -37.8405 6
    endloop
  endfacet
  facet normal 0.793193 -0.60897 0
    outer loop
      vertex -109.531 -38.0476 6
      vertex -109.372 -37.8405 4.8
      vertex -109.372 -37.8405 6
    endloop
  endfacet
  facet normal 0.793193 -0.60897 0
    outer loop
      vertex -109.531 -38.0476 4.8
      vertex -109.372 -37.8405 4.8
      vertex -109.531 -38.0476 6
    endloop
  endfacet
  facet normal 0.923755 -0.382983 0
    outer loop
      vertex -109.631 -38.2888 6
      vertex -109.531 -38.0476 4.8
      vertex -109.531 -38.0476 6
    endloop
  endfacet
  facet normal 0.923755 -0.382983 0
    outer loop
      vertex -109.631 -38.2888 4.8
      vertex -109.531 -38.0476 4.8
      vertex -109.631 -38.2888 6
    endloop
  endfacet
  facet normal 0.99148 -0.130256 0
    outer loop
      vertex -109.665 -38.5476 6
      vertex -109.631 -38.2888 4.8
      vertex -109.631 -38.2888 6
    endloop
  endfacet
  facet normal 0.99148 -0.130256 0
    outer loop
      vertex -109.665 -38.5476 4.8
      vertex -109.631 -38.2888 4.8
      vertex -109.665 -38.5476 6
    endloop
  endfacet
  facet normal 0 -1 -0
    outer loop
      vertex -96.8654 -37.5476 6
      vertex -108.665 -37.5476 4.8
      vertex -96.8654 -37.5476 4.8
    endloop
  endfacet
  facet normal 0 -1 0
    outer loop
      vertex -108.665 -37.5476 6
      vertex -108.665 -37.5476 4.8
      vertex -96.8654 -37.5476 6
    endloop
  endfacet
  facet normal -0.991431 -0.130633 0
    outer loop
      vertex -95.8995 -38.2888 6
      vertex -95.8654 -38.5476 4.8
      vertex -95.8654 -38.5476 6
    endloop
  endfacet
  facet normal -0.991431 -0.130633 0
    outer loop
      vertex -95.8995 -38.2888 4.8
      vertex -95.8654 -38.5476 4.8
      vertex -95.8995 -38.2888 6
    endloop
  endfacet
  facet normal -0.923891 -0.382656 0
    outer loop
      vertex -95.9994 -38.0476 6
      vertex -95.8995 -38.2888 4.8
      vertex -95.8995 -38.2888 6
    endloop
  endfacet
  facet normal -0.923891 -0.382656 0
    outer loop
      vertex -95.9994 -38.0476 4.8
      vertex -95.8995 -38.2888 4.8
      vertex -95.9994 -38.0476 6
    endloop
  endfacet
  facet normal -0.793378 -0.608729 0
    outer loop
      vertex -96.1583 -37.8405 6
      vertex -95.9994 -38.0476 4.8
      vertex -95.9994 -38.0476 6
    endloop
  endfacet
  facet normal -0.793378 -0.608729 0
    outer loop
      vertex -96.1583 -37.8405 4.8
      vertex -95.9994 -38.0476 4.8
      vertex -96.1583 -37.8405 6
    endloop
  endfacet
  facet normal -0.608729 -0.793378 0
    outer loop
      vertex -96.3654 -37.6816 6
      vertex -96.1583 -37.8405 4.8
      vertex -96.1583 -37.8405 6
    endloop
  endfacet
  facet normal -0.608729 -0.793378 0
    outer loop
      vertex -96.3654 -37.6816 4.8
      vertex -96.1583 -37.8405 4.8
      vertex -96.3654 -37.6816 6
    endloop
  endfacet
  facet normal -0.382656 -0.923891 0
    outer loop
      vertex -96.6066 -37.5817 6
      vertex -96.3654 -37.6816 4.8
      vertex -96.3654 -37.6816 6
    endloop
  endfacet
  facet normal -0.382656 -0.923891 0
    outer loop
      vertex -96.6066 -37.5817 4.8
      vertex -96.3654 -37.6816 4.8
      vertex -96.6066 -37.5817 6
    endloop
  endfacet
  facet normal -0.130633 -0.991431 0
    outer loop
      vertex -96.8654 -37.5476 6
      vertex -96.6066 -37.5817 4.8
      vertex -96.6066 -37.5817 6
    endloop
  endfacet
  facet normal -0.130633 -0.991431 0
    outer loop
      vertex -96.8654 -37.5476 4.8
      vertex -96.6066 -37.5817 4.8
      vertex -96.8654 -37.5476 6
    endloop
  endfacet
  facet normal -1 0 0
    outer loop
      vertex -95.8654 -50.3476 6
      vertex -95.8654 -38.5476 4.8
      vertex -95.8654 -50.3476 4.8
    endloop
  endfacet
  facet normal -1 -0 -0
    outer loop
      vertex -95.8654 -38.5476 6
      vertex -95.8654 -38.5476 4.8
      vertex -95.8654 -50.3476 6
    endloop
  endfacet
  facet normal -0.130633 0.991431 0
    outer loop
      vertex -96.6066 -51.3135 6
      vertex -96.8654 -51.3476 4.8
      vertex -96.8654 -51.3476 6
    endloop
  endfacet
  facet normal -0.130633 0.991431 0
    outer loop
      vertex -96.6066 -51.3135 4.8
      vertex -96.8654 -51.3476 4.8
      vertex -96.6066 -51.3135 6
    endloop
  endfacet
  facet normal -0.382656 0.923891 0
    outer loop
      vertex -96.3654 -51.2136 6
      vertex -96.6066 -51.3135 4.8
      vertex -96.6066 -51.3135 6
    endloop
  endfacet
  facet normal -0.382656 0.923891 0
    outer loop
      vertex -96.3654 -51.2136 4.8
      vertex -96.6066 -51.3135 4.8
      vertex -96.3654 -51.2136 6
    endloop
  endfacet
  facet normal -0.608729 0.793378 0
    outer loop
      vertex -96.1583 -51.0547 6
      vertex -96.3654 -51.2136 4.8
      vertex -96.3654 -51.2136 6
    endloop
  endfacet
  facet normal -0.608729 0.793378 0
    outer loop
      vertex -96.1583 -51.0547 4.8
      vertex -96.3654 -51.2136 4.8
      vertex -96.1583 -51.0547 6
    endloop
  endfacet
  facet normal -0.793378 0.608729 0
    outer loop
      vertex -95.9994 -50.8476 6
      vertex -96.1583 -51.0547 4.8
      vertex -96.1583 -51.0547 6
    endloop
  endfacet
  facet normal -0.793378 0.608729 0
    outer loop
      vertex -95.9994 -50.8476 4.8
      vertex -96.1583 -51.0547 4.8
      vertex -95.9994 -50.8476 6
    endloop
  endfacet
  facet normal -0.923891 0.382656 0
    outer loop
      vertex -95.8995 -50.6064 6
      vertex -95.9994 -50.8476 4.8
      vertex -95.9994 -50.8476 6
    endloop
  endfacet
  facet normal -0.923891 0.382656 0
    outer loop
      vertex -95.8995 -50.6064 4.8
      vertex -95.9994 -50.8476 4.8
      vertex -95.8995 -50.6064 6
    endloop
  endfacet
  facet normal -0.991431 0.130633 0
    outer loop
      vertex -95.8654 -50.3476 6
      vertex -95.8995 -50.6064 4.8
      vertex -95.8995 -50.6064 6
    endloop
  endfacet
  facet normal -0.991431 0.130633 0
    outer loop
      vertex -95.8654 -50.3476 4.8
      vertex -95.8995 -50.6064 4.8
      vertex -95.8654 -50.3476 6
    endloop
  endfacet
  facet normal 0 1 0
    outer loop
      vertex -126.665 -71.7476 6
      vertex -114.865 -71.7476 4.8
      vertex -126.665 -71.7476 4.8
    endloop
  endfacet
  facet normal 0 1 0
    outer loop
      vertex -114.865 -71.7476 6
      vertex -114.865 -71.7476 4.8
      vertex -126.665 -71.7476 6
    endloop
  endfacet
  facet normal 0.99148 0.130256 0
    outer loop
      vertex -127.631 -71.0064 6
      vertex -127.665 -70.7476 4.8
      vertex -127.665 -70.7476 6
    endloop
  endfacet
  facet normal 0.99148 0.130256 -0
    outer loop
      vertex -127.631 -71.0064 4.8
      vertex -127.665 -70.7476 4.8
      vertex -127.631 -71.0064 6
    endloop
  endfacet
  facet normal 0.923755 0.382983 0
    outer loop
      vertex -127.531 -71.2476 6
      vertex -127.631 -71.0064 4.8
      vertex -127.631 -71.0064 6
    endloop
  endfacet
  facet normal 0.923755 0.382983 -0
    outer loop
      vertex -127.531 -71.2476 4.8
      vertex -127.631 -71.0064 4.8
      vertex -127.531 -71.2476 6
    endloop
  endfacet
  facet normal 0.793193 0.60897 0
    outer loop
      vertex -127.372 -71.4547 6
      vertex -127.531 -71.2476 4.8
      vertex -127.531 -71.2476 6
    endloop
  endfacet
  facet normal 0.793193 0.60897 -0
    outer loop
      vertex -127.372 -71.4547 4.8
      vertex -127.531 -71.2476 4.8
      vertex -127.372 -71.4547 6
    endloop
  endfacet
  facet normal 0.608914 0.793236 0
    outer loop
      vertex -127.165 -71.6136 6
      vertex -127.372 -71.4547 4.8
      vertex -127.372 -71.4547 6
    endloop
  endfacet
  facet normal 0.608914 0.793236 -0
    outer loop
      vertex -127.165 -71.6136 4.8
      vertex -127.372 -71.4547 4.8
      vertex -127.165 -71.6136 6
    endloop
  endfacet
  facet normal 0.382927 0.923778 0
    outer loop
      vertex -126.924 -71.7135 6
      vertex -127.165 -71.6136 4.8
      vertex -127.165 -71.6136 6
    endloop
  endfacet
  facet normal 0.382927 0.923778 -0
    outer loop
      vertex -126.924 -71.7135 4.8
      vertex -127.165 -71.6136 4.8
      vertex -126.924 -71.7135 6
    endloop
  endfacet
  facet normal 0.130534 0.991444 0
    outer loop
      vertex -126.665 -71.7476 6
      vertex -126.924 -71.7135 4.8
      vertex -126.924 -71.7135 6
    endloop
  endfacet
  facet normal 0.130534 0.991444 -0
    outer loop
      vertex -126.665 -71.7476 4.8
      vertex -126.924 -71.7135 4.8
      vertex -126.665 -71.7476 6
    endloop
  endfacet
  facet normal 1 0 0
    outer loop
      vertex -127.665 -58.9476 6
      vertex -127.665 -70.7476 4.8
      vertex -127.665 -58.9476 4.8
    endloop
  endfacet
  facet normal 1 -0 0
    outer loop
      vertex -127.665 -70.7476 6
      vertex -127.665 -70.7476 4.8
      vertex -127.665 -58.9476 6
    endloop
  endfacet
  facet normal 0.130534 -0.991444 0
    outer loop
      vertex -126.924 -57.9817 6
      vertex -126.665 -57.9476 4.8
      vertex -126.665 -57.9476 6
    endloop
  endfacet
  facet normal 0.130534 -0.991444 0
    outer loop
      vertex -126.924 -57.9817 4.8
      vertex -126.665 -57.9476 4.8
      vertex -126.924 -57.9817 6
    endloop
  endfacet
  facet normal 0.382927 -0.923778 0
    outer loop
      vertex -127.165 -58.0816 6
      vertex -126.924 -57.9817 4.8
      vertex -126.924 -57.9817 6
    endloop
  endfacet
  facet normal 0.382927 -0.923778 0
    outer loop
      vertex -127.165 -58.0816 4.8
      vertex -126.924 -57.9817 4.8
      vertex -127.165 -58.0816 6
    endloop
  endfacet
  facet normal 0.608914 -0.793236 0
    outer loop
      vertex -127.372 -58.2405 6
      vertex -127.165 -58.0816 4.8
      vertex -127.165 -58.0816 6
    endloop
  endfacet
  facet normal 0.608914 -0.793236 0
    outer loop
      vertex -127.372 -58.2405 4.8
      vertex -127.165 -58.0816 4.8
      vertex -127.372 -58.2405 6
    endloop
  endfacet
  facet normal 0.793193 -0.60897 0
    outer loop
      vertex -127.531 -58.4476 6
      vertex -127.372 -58.2405 4.8
      vertex -127.372 -58.2405 6
    endloop
  endfacet
  facet normal 0.793193 -0.60897 0
    outer loop
      vertex -127.531 -58.4476 4.8
      vertex -127.372 -58.2405 4.8
      vertex -127.531 -58.4476 6
    endloop
  endfacet
  facet normal 0.923755 -0.382983 0
    outer loop
      vertex -127.631 -58.6888 6
      vertex -127.531 -58.4476 4.8
      vertex -127.531 -58.4476 6
    endloop
  endfacet
  facet normal 0.923755 -0.382983 0
    outer loop
      vertex -127.631 -58.6888 4.8
      vertex -127.531 -58.4476 4.8
      vertex -127.631 -58.6888 6
    endloop
  endfacet
  facet normal 0.99148 -0.130256 0
    outer loop
      vertex -127.665 -58.9476 6
      vertex -127.631 -58.6888 4.8
      vertex -127.631 -58.6888 6
    endloop
  endfacet
  facet normal 0.99148 -0.130256 0
    outer loop
      vertex -127.665 -58.9476 4.8
      vertex -127.631 -58.6888 4.8
      vertex -127.665 -58.9476 6
    endloop
  endfacet
  facet normal 0 -1 -0
    outer loop
      vertex -114.865 -57.9476 6
      vertex -126.665 -57.9476 4.8
      vertex -114.865 -57.9476 4.8
    endloop
  endfacet
  facet normal 0 -1 0
    outer loop
      vertex -126.665 -57.9476 6
      vertex -126.665 -57.9476 4.8
      vertex -114.865 -57.9476 6
    endloop
  endfacet
  facet normal -0.99148 -0.130256 0
    outer loop
      vertex -113.899 -58.6888 6
      vertex -113.865 -58.9476 4.8
      vertex -113.865 -58.9476 6
    endloop
  endfacet
  facet normal -0.99148 -0.130256 0
    outer loop
      vertex -113.899 -58.6888 4.8
      vertex -113.865 -58.9476 4.8
      vertex -113.899 -58.6888 6
    endloop
  endfacet
  facet normal -0.923755 -0.382983 0
    outer loop
      vertex -113.999 -58.4476 6
      vertex -113.899 -58.6888 4.8
      vertex -113.899 -58.6888 6
    endloop
  endfacet
  facet normal -0.923755 -0.382983 0
    outer loop
      vertex -113.999 -58.4476 4.8
      vertex -113.899 -58.6888 4.8
      vertex -113.999 -58.4476 6
    endloop
  endfacet
  facet normal -0.793193 -0.60897 0
    outer loop
      vertex -114.158 -58.2405 6
      vertex -113.999 -58.4476 4.8
      vertex -113.999 -58.4476 6
    endloop
  endfacet
  facet normal -0.793193 -0.60897 0
    outer loop
      vertex -114.158 -58.2405 4.8
      vertex -113.999 -58.4476 4.8
      vertex -114.158 -58.2405 6
    endloop
  endfacet
  facet normal -0.608914 -0.793236 0
    outer loop
      vertex -114.365 -58.0816 6
      vertex -114.158 -58.2405 4.8
      vertex -114.158 -58.2405 6
    endloop
  endfacet
  facet normal -0.608914 -0.793236 0
    outer loop
      vertex -114.365 -58.0816 4.8
      vertex -114.158 -58.2405 4.8
      vertex -114.365 -58.0816 6
    endloop
  endfacet
  facet normal -0.381576 -0.924338 0
    outer loop
      vertex -114.607 -57.9817 6
      vertex -114.365 -58.0816 4.8
      vertex -114.365 -58.0816 6
    endloop
  endfacet
  facet normal -0.381576 -0.924338 0
    outer loop
      vertex -114.607 -57.9817 4.8
      vertex -114.365 -58.0816 4.8
      vertex -114.607 -57.9817 6
    endloop
  endfacet
  facet normal -0.131031 -0.991378 0
    outer loop
      vertex -114.865 -57.9476 6
      vertex -114.607 -57.9817 4.8
      vertex -114.607 -57.9817 6
    endloop
  endfacet
  facet normal -0.131031 -0.991378 0
    outer loop
      vertex -114.865 -57.9476 4.8
      vertex -114.607 -57.9817 4.8
      vertex -114.865 -57.9476 6
    endloop
  endfacet
  facet normal -1 0 0
    outer loop
      vertex -113.865 -70.7476 6
      vertex -113.865 -58.9476 4.8
      vertex -113.865 -70.7476 4.8
    endloop
  endfacet
  facet normal -1 -0 -0
    outer loop
      vertex -113.865 -58.9476 6
      vertex -113.865 -58.9476 4.8
      vertex -113.865 -70.7476 6
    endloop
  endfacet
  facet normal -0.131031 0.991378 0
    outer loop
      vertex -114.607 -71.7135 6
      vertex -114.865 -71.7476 4.8
      vertex -114.865 -71.7476 6
    endloop
  endfacet
  facet normal -0.131031 0.991378 0
    outer loop
      vertex -114.607 -71.7135 4.8
      vertex -114.865 -71.7476 4.8
      vertex -114.607 -71.7135 6
    endloop
  endfacet
  facet normal -0.381576 0.924338 0
    outer loop
      vertex -114.365 -71.6136 6
      vertex -114.607 -71.7135 4.8
      vertex -114.607 -71.7135 6
    endloop
  endfacet
  facet normal -0.381576 0.924338 0
    outer loop
      vertex -114.365 -71.6136 4.8
      vertex -114.607 -71.7135 4.8
      vertex -114.365 -71.6136 6
    endloop
  endfacet
  facet normal -0.608914 0.793236 0
    outer loop
      vertex -114.158 -71.4547 6
      vertex -114.365 -71.6136 4.8
      vertex -114.365 -71.6136 6
    endloop
  endfacet
  facet normal -0.608914 0.793236 0
    outer loop
      vertex -114.158 -71.4547 4.8
      vertex -114.365 -71.6136 4.8
      vertex -114.158 -71.4547 6
    endloop
  endfacet
  facet normal -0.793193 0.60897 0
    outer loop
      vertex -113.999 -71.2476 6
      vertex -114.158 -71.4547 4.8
      vertex -114.158 -71.4547 6
    endloop
  endfacet
  facet normal -0.793193 0.60897 0
    outer loop
      vertex -113.999 -71.2476 4.8
      vertex -114.158 -71.4547 4.8
      vertex -113.999 -71.2476 6
    endloop
  endfacet
  facet normal -0.923755 0.382983 0
    outer loop
      vertex -113.899 -71.0064 6
      vertex -113.999 -71.2476 4.8
      vertex -113.999 -71.2476 6
    endloop
  endfacet
  facet normal -0.923755 0.382983 0
    outer loop
      vertex -113.899 -71.0064 4.8
      vertex -113.999 -71.2476 4.8
      vertex -113.899 -71.0064 6
    endloop
  endfacet
  facet normal -0.99148 0.130256 0
    outer loop
      vertex -113.865 -70.7476 6
      vertex -113.899 -71.0064 4.8
      vertex -113.899 -71.0064 6
    endloop
  endfacet
  facet normal -0.99148 0.130256 0
    outer loop
      vertex -113.865 -70.7476 4.8
      vertex -113.899 -71.0064 4.8
      vertex -113.865 -70.7476 6
    endloop
  endfacet
  facet normal -0.500004 0.866023 0
    outer loop
      vertex -168.056 -122.321 6
      vertex -157.837 -116.421 4.8
      vertex -168.056 -122.321 4.8
    endloop
  endfacet
  facet normal -0.500004 0.866023 0
    outer loop
      vertex -157.837 -116.421 6
      vertex -157.837 -116.421 4.8
      vertex -168.056 -122.321 6
    endloop
  endfacet
  facet normal 0.793051 0.609155 0
    outer loop
      vertex -169.263 -122.162 6
      vertex -169.422 -121.955 4.8
      vertex -169.422 -121.955 6
    endloop
  endfacet
  facet normal 0.793051 0.609155 -0
    outer loop
      vertex -169.263 -122.162 4.8
      vertex -169.422 -121.955 4.8
      vertex -169.263 -122.162 6
    endloop
  endfacet
  facet normal 0.609155 0.793051 0
    outer loop
      vertex -169.056 -122.321 6
      vertex -169.263 -122.162 4.8
      vertex -169.263 -122.162 6
    endloop
  endfacet
  facet normal 0.609155 0.793051 -0
    outer loop
      vertex -169.056 -122.321 4.8
      vertex -169.263 -122.162 4.8
      vertex -169.056 -122.321 6
    endloop
  endfacet
  facet normal 0.383254 0.923643 0
    outer loop
      vertex -168.815 -122.421 6
      vertex -169.056 -122.321 4.8
      vertex -169.056 -122.321 6
    endloop
  endfacet
  facet normal 0.383254 0.923643 -0
    outer loop
      vertex -168.815 -122.421 4.8
      vertex -169.056 -122.321 4.8
      vertex -168.815 -122.421 6
    endloop
  endfacet
  facet normal 0.130157 0.991493 0
    outer loop
      vertex -168.556 -122.455 6
      vertex -168.815 -122.421 4.8
      vertex -168.815 -122.421 6
    endloop
  endfacet
  facet normal 0.130157 0.991493 -0
    outer loop
      vertex -168.556 -122.455 4.8
      vertex -168.815 -122.421 4.8
      vertex -168.556 -122.455 6
    endloop
  endfacet
  facet normal -0.130157 0.991493 0
    outer loop
      vertex -168.297 -122.421 6
      vertex -168.556 -122.455 4.8
      vertex -168.556 -122.455 6
    endloop
  endfacet
  facet normal -0.130157 0.991493 0
    outer loop
      vertex -168.297 -122.421 4.8
      vertex -168.556 -122.455 4.8
      vertex -168.297 -122.421 6
    endloop
  endfacet
  facet normal -0.383254 0.923643 0
    outer loop
      vertex -168.056 -122.321 6
      vertex -168.297 -122.421 4.8
      vertex -168.297 -122.421 6
    endloop
  endfacet
  facet normal -0.383254 0.923643 0
    outer loop
      vertex -168.056 -122.321 4.8
      vertex -168.297 -122.421 4.8
      vertex -168.056 -122.321 6
    endloop
  endfacet
  facet normal 0.866023 0.500004 0
    outer loop
      vertex -175.322 -111.736 6
      vertex -169.422 -121.955 4.8
      vertex -175.322 -111.736 4.8
    endloop
  endfacet
  facet normal 0.866023 0.500004 0
    outer loop
      vertex -169.422 -121.955 6
      vertex -169.422 -121.955 4.8
      vertex -175.322 -111.736 6
    endloop
  endfacet
  facet normal 0.606737 -0.794903 0
    outer loop
      vertex -175.163 -110.528 6
      vertex -174.956 -110.37 4.8
      vertex -174.956 -110.37 6
    endloop
  endfacet
  facet normal 0.606737 -0.794903 0
    outer loop
      vertex -175.163 -110.528 4.8
      vertex -174.956 -110.37 4.8
      vertex -175.163 -110.528 6
    endloop
  endfacet
  facet normal 0.794466 -0.607308 0
    outer loop
      vertex -175.322 -110.736 6
      vertex -175.163 -110.528 4.8
      vertex -175.163 -110.528 6
    endloop
  endfacet
  facet normal 0.794466 -0.607308 0
    outer loop
      vertex -175.322 -110.736 4.8
      vertex -175.163 -110.528 4.8
      vertex -175.322 -110.736 6
    endloop
  endfacet
  facet normal 0.923643 -0.383254 0
    outer loop
      vertex -175.422 -110.977 6
      vertex -175.322 -110.736 4.8
      vertex -175.322 -110.736 6
    endloop
  endfacet
  facet normal 0.923643 -0.383254 0
    outer loop
      vertex -175.422 -110.977 4.8
      vertex -175.322 -110.736 4.8
      vertex -175.422 -110.977 6
    endloop
  endfacet
  facet normal 0.991493 -0.130157 0
    outer loop
      vertex -175.456 -111.236 6
      vertex -175.422 -110.977 4.8
      vertex -175.422 -110.977 6
    endloop
  endfacet
  facet normal 0.991493 -0.130157 0
    outer loop
      vertex -175.456 -111.236 4.8
      vertex -175.422 -110.977 4.8
      vertex -175.456 -111.236 6
    endloop
  endfacet
  facet normal 0.991428 0.130653 0
    outer loop
      vertex -175.422 -111.494 6
      vertex -175.456 -111.236 4.8
      vertex -175.456 -111.236 6
    endloop
  endfacet
  facet normal 0.991428 0.130653 -0
    outer loop
      vertex -175.422 -111.494 4.8
      vertex -175.456 -111.236 4.8
      vertex -175.422 -111.494 6
    endloop
  endfacet
  facet normal 0.924203 0.381902 0
    outer loop
      vertex -175.322 -111.736 6
      vertex -175.422 -111.494 4.8
      vertex -175.422 -111.494 6
    endloop
  endfacet
  facet normal 0.924203 0.381902 -0
    outer loop
      vertex -175.322 -111.736 4.8
      vertex -175.422 -111.494 4.8
      vertex -175.322 -111.736 6
    endloop
  endfacet
  facet normal 0.500004 -0.866023 0
    outer loop
      vertex -164.737 -104.47 6
      vertex -174.956 -110.37 4.8
      vertex -164.737 -104.47 4.8
    endloop
  endfacet
  facet normal 0.500004 -0.866023 0
    outer loop
      vertex -174.956 -110.37 6
      vertex -174.956 -110.37 4.8
      vertex -164.737 -104.47 6
    endloop
  endfacet
  facet normal -0.794466 -0.607308 0
    outer loop
      vertex -163.53 -104.628 6
      vertex -163.371 -104.836 4.8
      vertex -163.371 -104.836 6
    endloop
  endfacet
  facet normal -0.794466 -0.607308 0
    outer loop
      vertex -163.53 -104.628 4.8
      vertex -163.371 -104.836 4.8
      vertex -163.53 -104.628 6
    endloop
  endfacet
  facet normal -0.606737 -0.794903 0
    outer loop
      vertex -163.737 -104.47 6
      vertex -163.53 -104.628 4.8
      vertex -163.53 -104.628 6
    endloop
  endfacet
  facet normal -0.606737 -0.794903 0
    outer loop
      vertex -163.737 -104.47 4.8
      vertex -163.53 -104.628 4.8
      vertex -163.737 -104.47 6
    endloop
  endfacet
  facet normal -0.383254 -0.923643 0
    outer loop
      vertex -163.978 -104.37 6
      vertex -163.737 -104.47 4.8
      vertex -163.737 -104.47 6
    endloop
  endfacet
  facet normal -0.383254 -0.923643 0
    outer loop
      vertex -163.978 -104.37 4.8
      vertex -163.737 -104.47 4.8
      vertex -163.978 -104.37 6
    endloop
  endfacet
  facet normal -0.130157 -0.991493 0
    outer loop
      vertex -164.237 -104.336 6
      vertex -163.978 -104.37 4.8
      vertex -163.978 -104.37 6
    endloop
  endfacet
  facet normal -0.130157 -0.991493 0
    outer loop
      vertex -164.237 -104.336 4.8
      vertex -163.978 -104.37 4.8
      vertex -164.237 -104.336 6
    endloop
  endfacet
  facet normal 0.130157 -0.991493 0
    outer loop
      vertex -164.496 -104.37 6
      vertex -164.237 -104.336 4.8
      vertex -164.237 -104.336 6
    endloop
  endfacet
  facet normal 0.130157 -0.991493 0
    outer loop
      vertex -164.496 -104.37 4.8
      vertex -164.237 -104.336 4.8
      vertex -164.496 -104.37 6
    endloop
  endfacet
  facet normal 0.383254 -0.923643 0
    outer loop
      vertex -164.737 -104.47 6
      vertex -164.496 -104.37 4.8
      vertex -164.496 -104.37 6
    endloop
  endfacet
  facet normal 0.383254 -0.923643 0
    outer loop
      vertex -164.737 -104.47 4.8
      vertex -164.496 -104.37 4.8
      vertex -164.737 -104.47 6
    endloop
  endfacet
  facet normal -0.866023 -0.500004 -0
    outer loop
      vertex -157.471 -115.055 6
      vertex -163.371 -104.836 4.8
      vertex -157.471 -115.055 4.8
    endloop
  endfacet
  facet normal -0.866023 -0.500004 -0
    outer loop
      vertex -163.371 -104.836 6
      vertex -163.371 -104.836 4.8
      vertex -157.471 -115.055 6
    endloop
  endfacet
  facet normal -0.609155 0.793051 0
    outer loop
      vertex -157.63 -116.262 6
      vertex -157.837 -116.421 4.8
      vertex -157.837 -116.421 6
    endloop
  endfacet
  facet normal -0.609155 0.793051 0
    outer loop
      vertex -157.63 -116.262 4.8
      vertex -157.837 -116.421 4.8
      vertex -157.63 -116.262 6
    endloop
  endfacet
  facet normal -0.793051 0.609155 0
    outer loop
      vertex -157.471 -116.055 6
      vertex -157.63 -116.262 4.8
      vertex -157.63 -116.262 6
    endloop
  endfacet
  facet normal -0.793051 0.609155 0
    outer loop
      vertex -157.471 -116.055 4.8
      vertex -157.63 -116.262 4.8
      vertex -157.471 -116.055 6
    endloop
  endfacet
  facet normal -0.924203 0.381902 0
    outer loop
      vertex -157.371 -115.813 6
      vertex -157.471 -116.055 4.8
      vertex -157.471 -116.055 6
    endloop
  endfacet
  facet normal -0.924203 0.381902 0
    outer loop
      vertex -157.371 -115.813 4.8
      vertex -157.471 -116.055 4.8
      vertex -157.371 -115.813 6
    endloop
  endfacet
  facet normal -0.991428 0.130653 0
    outer loop
      vertex -157.337 -115.555 6
      vertex -157.371 -115.813 4.8
      vertex -157.371 -115.813 6
    endloop
  endfacet
  facet normal -0.991428 0.130653 0
    outer loop
      vertex -157.337 -115.555 4.8
      vertex -157.371 -115.813 4.8
      vertex -157.337 -115.555 6
    endloop
  endfacet
  facet normal -0.991493 -0.130157 0
    outer loop
      vertex -157.371 -115.296 6
      vertex -157.337 -115.555 4.8
      vertex -157.337 -115.555 6
    endloop
  endfacet
  facet normal -0.991493 -0.130157 0
    outer loop
      vertex -157.371 -115.296 4.8
      vertex -157.337 -115.555 4.8
      vertex -157.371 -115.296 6
    endloop
  endfacet
  facet normal -0.923643 -0.383254 0
    outer loop
      vertex -157.471 -115.055 6
      vertex -157.371 -115.296 4.8
      vertex -157.371 -115.296 6
    endloop
  endfacet
  facet normal -0.923643 -0.383254 0
    outer loop
      vertex -157.471 -115.055 4.8
      vertex -157.371 -115.296 4.8
      vertex -157.471 -115.055 6
    endloop
  endfacet
  facet normal 0.139169 0.990269 0
    outer loop
      vertex -71.552 -81.6217 6
      vertex -59.8668 -83.2639 4.8
      vertex -71.552 -81.6217 4.8
    endloop
  endfacet
  facet normal 0.139169 0.990269 0
    outer loop
      vertex -59.8668 -83.2639 6
      vertex -59.8668 -83.2639 4.8
      vertex -71.552 -81.6217 6
    endloop
  endfacet
  facet normal 0.999965 -0.00842559 0
    outer loop
      vertex -72.4053 -80.7533 6
      vertex -72.4031 -80.4922 4.8
      vertex -72.4031 -80.4922 6
    endloop
  endfacet
  facet normal 0.999965 -0.00842559 0
    outer loop
      vertex -72.4053 -80.7533 4.8
      vertex -72.4031 -80.4922 4.8
      vertex -72.4053 -80.7533 6
    endloop
  endfacet
  facet normal 0.968197 0.250191 0
    outer loop
      vertex -72.34 -81.006 6
      vertex -72.4053 -80.7533 4.8
      vertex -72.4053 -80.7533 6
    endloop
  endfacet
  facet normal 0.968197 0.250191 -0
    outer loop
      vertex -72.34 -81.006 4.8
      vertex -72.4053 -80.7533 4.8
      vertex -72.34 -81.006 6
    endloop
  endfacet
  facet normal 0.870263 0.492587 0
    outer loop
      vertex -72.2114 -81.2332 6
      vertex -72.34 -81.006 4.8
      vertex -72.34 -81.006 6
    endloop
  endfacet
  facet normal 0.870263 0.492587 -0
    outer loop
      vertex -72.2114 -81.2332 4.8
      vertex -72.34 -81.006 4.8
      vertex -72.2114 -81.2332 6
    endloop
  endfacet
  facet normal 0.7134 0.700757 0
    outer loop
      vertex -72.0285 -81.4194 6
      vertex -72.2114 -81.2332 4.8
      vertex -72.2114 -81.2332 6
    endloop
  endfacet
  facet normal 0.7134 0.700757 -0
    outer loop
      vertex -72.0285 -81.4194 4.8
      vertex -72.2114 -81.2332 4.8
      vertex -72.0285 -81.4194 6
    endloop
  endfacet
  facet normal 0.507438 0.861688 0
    outer loop
      vertex -71.8035 -81.5519 6
      vertex -72.0285 -81.4194 4.8
      vertex -72.0285 -81.4194 6
    endloop
  endfacet
  facet normal 0.507438 0.861688 -0
    outer loop
      vertex -71.8035 -81.5519 4.8
      vertex -72.0285 -81.4194 4.8
      vertex -71.8035 -81.5519 6
    endloop
  endfacet
  facet normal 0.267426 0.963578 0
    outer loop
      vertex -71.552 -81.6217 6
      vertex -71.8035 -81.5519 4.8
      vertex -71.8035 -81.5519 6
    endloop
  endfacet
  facet normal 0.267426 0.963578 -0
    outer loop
      vertex -71.552 -81.6217 4.8
      vertex -71.8035 -81.5519 4.8
      vertex -71.552 -81.6217 6
    endloop
  endfacet
  facet normal 0.990267 -0.139179 0
    outer loop
      vertex -70.7608 -68.8071 6
      vertex -72.4031 -80.4922 4.8
      vertex -70.7608 -68.8071 4.8
    endloop
  endfacet
  facet normal 0.990267 -0.139179 0
    outer loop
      vertex -72.4031 -80.4922 6
      vertex -72.4031 -80.4922 4.8
      vertex -70.7608 -68.8071 6
    endloop
  endfacet
  facet normal -0.00881192 -0.999961 0
    outer loop
      vertex -69.8924 -67.9537 6
      vertex -69.6314 -67.956 4.8
      vertex -69.6314 -67.956 6
    endloop
  endfacet
  facet normal -0.00881192 -0.999961 0
    outer loop
      vertex -69.8924 -67.9537 4.8
      vertex -69.6314 -67.956 4.8
      vertex -69.8924 -67.9537 6
    endloop
  endfacet
  facet normal 0.250457 -0.968128 0
    outer loop
      vertex -70.1452 -68.0191 6
      vertex -69.8924 -67.9537 4.8
      vertex -69.8924 -67.9537 6
    endloop
  endfacet
  facet normal 0.250457 -0.968128 0
    outer loop
      vertex -70.1452 -68.0191 4.8
      vertex -69.8924 -67.9537 4.8
      vertex -70.1452 -68.0191 6
    endloop
  endfacet
  facet normal 0.492297 -0.870427 0
    outer loop
      vertex -70.3724 -68.1476 6
      vertex -70.1452 -68.0191 4.8
      vertex -70.1452 -68.0191 6
    endloop
  endfacet
  facet normal 0.492297 -0.870427 0
    outer loop
      vertex -70.3724 -68.1476 4.8
      vertex -70.1452 -68.0191 4.8
      vertex -70.3724 -68.1476 6
    endloop
  endfacet
  facet normal 0.700952 -0.713209 0
    outer loop
      vertex -70.5586 -68.3306 6
      vertex -70.3724 -68.1476 4.8
      vertex -70.3724 -68.1476 6
    endloop
  endfacet
  facet normal 0.700952 -0.713209 0
    outer loop
      vertex -70.5586 -68.3306 4.8
      vertex -70.3724 -68.1476 4.8
      vertex -70.5586 -68.3306 6
    endloop
  endfacet
  facet normal 0.861589 -0.507606 0
    outer loop
      vertex -70.6911 -68.5555 6
      vertex -70.5586 -68.3306 4.8
      vertex -70.5586 -68.3306 6
    endloop
  endfacet
  facet normal 0.861589 -0.507606 0
    outer loop
      vertex -70.6911 -68.5555 4.8
      vertex -70.5586 -68.3306 4.8
      vertex -70.6911 -68.5555 6
    endloop
  endfacet
  facet normal 0.963704 -0.266972 0
    outer loop
      vertex -70.7608 -68.8071 6
      vertex -70.6911 -68.5555 4.8
      vertex -70.6911 -68.5555 6
    endloop
  endfacet
  facet normal 0.963704 -0.266972 0
    outer loop
      vertex -70.7608 -68.8071 4.8
      vertex -70.6911 -68.5555 4.8
      vertex -70.7608 -68.8071 6
    endloop
  endfacet
  facet normal -0.139169 -0.990269 -0
    outer loop
      vertex -57.9462 -69.5982 6
      vertex -69.6314 -67.956 4.8
      vertex -57.9462 -69.5982 4.8
    endloop
  endfacet
  facet normal -0.139169 -0.990269 -0
    outer loop
      vertex -69.6314 -67.956 6
      vertex -69.6314 -67.956 4.8
      vertex -57.9462 -69.5982 6
    endloop
  endfacet
  facet normal -0.999961 0.00880854 0
    outer loop
      vertex -57.0928 -70.4666 6
      vertex -57.0951 -70.7277 4.8
      vertex -57.0951 -70.7277 6
    endloop
  endfacet
  facet normal -0.999961 0.00880854 0
    outer loop
      vertex -57.0928 -70.4666 4.8
      vertex -57.0951 -70.7277 4.8
      vertex -57.0928 -70.4666 6
    endloop
  endfacet
  facet normal -0.968104 -0.25055 0
    outer loop
      vertex -57.1582 -70.2139 6
      vertex -57.0928 -70.4666 4.8
      vertex -57.0928 -70.4666 6
    endloop
  endfacet
  facet normal -0.968104 -0.25055 0
    outer loop
      vertex -57.1582 -70.2139 4.8
      vertex -57.0928 -70.4666 4.8
      vertex -57.1582 -70.2139 6
    endloop
  endfacet
  facet normal -0.870263 -0.492587 0
    outer loop
      vertex -57.2868 -69.9867 6
      vertex -57.1582 -70.2139 4.8
      vertex -57.1582 -70.2139 6
    endloop
  endfacet
  facet normal -0.870263 -0.492587 0
    outer loop
      vertex -57.2868 -69.9867 4.8
      vertex -57.1582 -70.2139 4.8
      vertex -57.2868 -69.9867 6
    endloop
  endfacet
  facet normal -0.7134 -0.700757 0
    outer loop
      vertex -57.4697 -69.8005 6
      vertex -57.2868 -69.9867 4.8
      vertex -57.2868 -69.9867 6
    endloop
  endfacet
  facet normal -0.7134 -0.700757 0
    outer loop
      vertex -57.4697 -69.8005 4.8
      vertex -57.2868 -69.9867 4.8
      vertex -57.4697 -69.8005 6
    endloop
  endfacet
  facet normal -0.507438 -0.861688 0
    outer loop
      vertex -57.6947 -69.668 6
      vertex -57.4697 -69.8005 4.8
      vertex -57.4697 -69.8005 6
    endloop
  endfacet
  facet normal -0.507438 -0.861688 0
    outer loop
      vertex -57.6947 -69.668 4.8
      vertex -57.4697 -69.8005 4.8
      vertex -57.6947 -69.668 6
    endloop
  endfacet
  facet normal -0.267426 -0.963578 0
    outer loop
      vertex -57.9462 -69.5982 6
      vertex -57.6947 -69.668 4.8
      vertex -57.6947 -69.668 6
    endloop
  endfacet
  facet normal -0.267426 -0.963578 0
    outer loop
      vertex -57.9462 -69.5982 4.8
      vertex -57.6947 -69.668 4.8
      vertex -57.9462 -69.5982 6
    endloop
  endfacet
  facet normal -0.990267 0.139179 0
    outer loop
      vertex -58.7374 -82.4128 6
      vertex -57.0951 -70.7277 4.8
      vertex -58.7374 -82.4128 4.8
    endloop
  endfacet
  facet normal -0.990267 0.139179 0
    outer loop
      vertex -57.0951 -70.7277 6
      vertex -57.0951 -70.7277 4.8
      vertex -58.7374 -82.4128 6
    endloop
  endfacet
  facet normal 0.00881192 0.999961 0
    outer loop
      vertex -59.6058 -83.2662 6
      vertex -59.8668 -83.2639 4.8
      vertex -59.8668 -83.2639 6
    endloop
  endfacet
  facet normal 0.00881192 0.999961 -0
    outer loop
      vertex -59.6058 -83.2662 4.8
      vertex -59.8668 -83.2639 4.8
      vertex -59.6058 -83.2662 6
    endloop
  endfacet
  facet normal -0.250457 0.968128 0
    outer loop
      vertex -59.353 -83.2008 6
      vertex -59.6058 -83.2662 4.8
      vertex -59.6058 -83.2662 6
    endloop
  endfacet
  facet normal -0.250457 0.968128 0
    outer loop
      vertex -59.353 -83.2008 4.8
      vertex -59.6058 -83.2662 4.8
      vertex -59.353 -83.2008 6
    endloop
  endfacet
  facet normal -0.492297 0.870427 0
    outer loop
      vertex -59.1258 -83.0723 6
      vertex -59.353 -83.2008 4.8
      vertex -59.353 -83.2008 6
    endloop
  endfacet
  facet normal -0.492297 0.870427 0
    outer loop
      vertex -59.1258 -83.0723 4.8
      vertex -59.353 -83.2008 4.8
      vertex -59.1258 -83.0723 6
    endloop
  endfacet
  facet normal -0.700952 0.713209 0
    outer loop
      vertex -58.9396 -82.8893 6
      vertex -59.1258 -83.0723 4.8
      vertex -59.1258 -83.0723 6
    endloop
  endfacet
  facet normal -0.700952 0.713209 0
    outer loop
      vertex -58.9396 -82.8893 4.8
      vertex -59.1258 -83.0723 4.8
      vertex -58.9396 -82.8893 6
    endloop
  endfacet
  facet normal -0.861589 0.507606 0
    outer loop
      vertex -58.8071 -82.6644 6
      vertex -58.9396 -82.8893 4.8
      vertex -58.9396 -82.8893 6
    endloop
  endfacet
  facet normal -0.861589 0.507606 0
    outer loop
      vertex -58.8071 -82.6644 4.8
      vertex -58.9396 -82.8893 4.8
      vertex -58.8071 -82.6644 6
    endloop
  endfacet
  facet normal -0.963704 0.266972 0
    outer loop
      vertex -58.7374 -82.4128 6
      vertex -58.8071 -82.6644 4.8
      vertex -58.8071 -82.6644 6
    endloop
  endfacet
  facet normal -0.963704 0.266972 0
    outer loop
      vertex -58.7374 -82.4128 4.8
      vertex -58.8071 -82.6644 4.8
      vertex -58.7374 -82.4128 6
    endloop
  endfacet
  facet normal -0.99121 0.132301 0
    outer loop
      vertex -123.665 -92.4476 6
      vertex -123.703 -92.7323 4.8
      vertex -123.703 -92.7323 6
    endloop
  endfacet
  facet normal -0.99121 0.132301 0
    outer loop
      vertex -123.665 -92.4476 4.8
      vertex -123.703 -92.7323 4.8
      vertex -123.665 -92.4476 6
    endloop
  endfacet
  facet normal -0.99121 -0.132301 0
    outer loop
      vertex -123.703 -92.1629 6
      vertex -123.665 -92.4476 4.8
      vertex -123.665 -92.4476 6
    endloop
  endfacet
  facet normal -0.99121 -0.132301 0
    outer loop
      vertex -123.703 -92.1629 4.8
      vertex -123.665 -92.4476 4.8
      vertex -123.703 -92.1629 6
    endloop
  endfacet
  facet normal -0.923745 -0.383008 0
    outer loop
      vertex -123.813 -91.8976 6
      vertex -123.703 -92.1629 4.8
      vertex -123.703 -92.1629 6
    endloop
  endfacet
  facet normal -0.923745 -0.383008 0
    outer loop
      vertex -123.813 -91.8976 4.8
      vertex -123.703 -92.1629 4.8
      vertex -123.813 -91.8976 6
    endloop
  endfacet
  facet normal -0.793012 -0.609206 0
    outer loop
      vertex -123.988 -91.6698 6
      vertex -123.813 -91.8976 4.8
      vertex -123.813 -91.8976 6
    endloop
  endfacet
  facet normal -0.793012 -0.609206 0
    outer loop
      vertex -123.988 -91.6698 4.8
      vertex -123.813 -91.8976 4.8
      vertex -123.988 -91.6698 6
    endloop
  endfacet
  facet normal -0.610335 -0.792144 0
    outer loop
      vertex -124.215 -91.4949 6
      vertex -123.988 -91.6698 4.8
      vertex -123.988 -91.6698 6
    endloop
  endfacet
  facet normal -0.610335 -0.792144 0
    outer loop
      vertex -124.215 -91.4949 4.8
      vertex -123.988 -91.6698 4.8
      vertex -124.215 -91.4949 6
    endloop
  endfacet
  facet normal -0.381554 -0.924347 0
    outer loop
      vertex -124.481 -91.3851 6
      vertex -124.215 -91.4949 4.8
      vertex -124.215 -91.4949 6
    endloop
  endfacet
  facet normal -0.381554 -0.924347 0
    outer loop
      vertex -124.481 -91.3851 4.8
      vertex -124.215 -91.4949 4.8
      vertex -124.481 -91.3851 6
    endloop
  endfacet
  facet normal -0.130906 -0.991395 0
    outer loop
      vertex -124.765 -91.3476 6
      vertex -124.481 -91.3851 4.8
      vertex -124.481 -91.3851 6
    endloop
  endfacet
  facet normal -0.130906 -0.991395 0
    outer loop
      vertex -124.765 -91.3476 4.8
      vertex -124.481 -91.3851 4.8
      vertex -124.765 -91.3476 6
    endloop
  endfacet
  facet normal 0.130455 -0.991454 0
    outer loop
      vertex -125.05 -91.3851 6
      vertex -124.765 -91.3476 4.8
      vertex -124.765 -91.3476 6
    endloop
  endfacet
  facet normal 0.130455 -0.991454 0
    outer loop
      vertex -125.05 -91.3851 4.8
      vertex -124.765 -91.3476 4.8
      vertex -125.05 -91.3851 6
    endloop
  endfacet
  facet normal 0.382783 -0.923838 0
    outer loop
      vertex -125.315 -91.4949 6
      vertex -125.05 -91.3851 4.8
      vertex -125.05 -91.3851 6
    endloop
  endfacet
  facet normal 0.382783 -0.923838 0
    outer loop
      vertex -125.315 -91.4949 4.8
      vertex -125.05 -91.3851 4.8
      vertex -125.315 -91.4949 6
    endloop
  endfacet
  facet normal 0.608651 -0.793438 0
    outer loop
      vertex -125.543 -91.6698 6
      vertex -125.315 -91.4949 4.8
      vertex -125.315 -91.4949 6
    endloop
  endfacet
  facet normal 0.608651 -0.793438 0
    outer loop
      vertex -125.543 -91.6698 4.8
      vertex -125.315 -91.4949 4.8
      vertex -125.543 -91.6698 6
    endloop
  endfacet
  facet normal 0.793012 -0.609206 0
    outer loop
      vertex -125.718 -91.8976 6
      vertex -125.543 -91.6698 4.8
      vertex -125.543 -91.6698 6
    endloop
  endfacet
  facet normal 0.793012 -0.609206 0
    outer loop
      vertex -125.718 -91.8976 4.8
      vertex -125.543 -91.6698 4.8
      vertex -125.718 -91.8976 6
    endloop
  endfacet
  facet normal 0.923745 -0.383008 0
    outer loop
      vertex -125.828 -92.1629 6
      vertex -125.718 -91.8976 4.8
      vertex -125.718 -91.8976 6
    endloop
  endfacet
  facet normal 0.923745 -0.383008 0
    outer loop
      vertex -125.828 -92.1629 4.8
      vertex -125.718 -91.8976 4.8
      vertex -125.828 -92.1629 6
    endloop
  endfacet
  facet normal 0.991661 -0.128878 0
    outer loop
      vertex -125.865 -92.4476 6
      vertex -125.828 -92.1629 4.8
      vertex -125.828 -92.1629 6
    endloop
  endfacet
  facet normal 0.991661 -0.128878 0
    outer loop
      vertex -125.865 -92.4476 4.8
      vertex -125.828 -92.1629 4.8
      vertex -125.865 -92.4476 6
    endloop
  endfacet
  facet normal 0.991661 0.128878 0
    outer loop
      vertex -125.828 -92.7323 6
      vertex -125.865 -92.4476 4.8
      vertex -125.865 -92.4476 6
    endloop
  endfacet
  facet normal 0.991661 0.128878 -0
    outer loop
      vertex -125.828 -92.7323 4.8
      vertex -125.865 -92.4476 4.8
      vertex -125.828 -92.7323 6
    endloop
  endfacet
  facet normal 0.923745 0.383008 0
    outer loop
      vertex -125.718 -92.9976 6
      vertex -125.828 -92.7323 4.8
      vertex -125.828 -92.7323 6
    endloop
  endfacet
  facet normal 0.923745 0.383008 -0
    outer loop
      vertex -125.718 -92.9976 4.8
      vertex -125.828 -92.7323 4.8
      vertex -125.718 -92.9976 6
    endloop
  endfacet
  facet normal 0.793012 0.609206 0
    outer loop
      vertex -125.543 -93.2254 6
      vertex -125.718 -92.9976 4.8
      vertex -125.718 -92.9976 6
    endloop
  endfacet
  facet normal 0.793012 0.609206 -0
    outer loop
      vertex -125.543 -93.2254 4.8
      vertex -125.718 -92.9976 4.8
      vertex -125.543 -93.2254 6
    endloop
  endfacet
  facet normal 0.608432 0.793606 0
    outer loop
      vertex -125.315 -93.4002 6
      vertex -125.543 -93.2254 4.8
      vertex -125.543 -93.2254 6
    endloop
  endfacet
  facet normal 0.608432 0.793606 -0
    outer loop
      vertex -125.315 -93.4002 4.8
      vertex -125.543 -93.2254 4.8
      vertex -125.315 -93.4002 6
    endloop
  endfacet
  facet normal 0.38308 0.923715 0
    outer loop
      vertex -125.05 -93.5101 6
      vertex -125.315 -93.4002 4.8
      vertex -125.315 -93.4002 6
    endloop
  endfacet
  facet normal 0.38308 0.923715 -0
    outer loop
      vertex -125.05 -93.5101 4.8
      vertex -125.315 -93.4002 4.8
      vertex -125.05 -93.5101 6
    endloop
  endfacet
  facet normal 0.130455 0.991454 0
    outer loop
      vertex -124.765 -93.5476 6
      vertex -125.05 -93.5101 4.8
      vertex -125.05 -93.5101 6
    endloop
  endfacet
  facet normal 0.130455 0.991454 -0
    outer loop
      vertex -124.765 -93.5476 4.8
      vertex -125.05 -93.5101 4.8
      vertex -124.765 -93.5476 6
    endloop
  endfacet
  facet normal -0.130906 0.991395 0
    outer loop
      vertex -124.481 -93.5101 6
      vertex -124.765 -93.5476 4.8
      vertex -124.765 -93.5476 6
    endloop
  endfacet
  facet normal -0.130906 0.991395 0
    outer loop
      vertex -124.481 -93.5101 4.8
      vertex -124.765 -93.5476 4.8
      vertex -124.481 -93.5101 6
    endloop
  endfacet
  facet normal -0.38185 0.924224 0
    outer loop
      vertex -124.215 -93.4002 6
      vertex -124.481 -93.5101 4.8
      vertex -124.481 -93.5101 6
    endloop
  endfacet
  facet normal -0.38185 0.924224 0
    outer loop
      vertex -124.215 -93.4002 4.8
      vertex -124.481 -93.5101 4.8
      vertex -124.215 -93.4002 6
    endloop
  endfacet
  facet normal -0.610116 0.792312 0
    outer loop
      vertex -123.988 -93.2254 6
      vertex -124.215 -93.4002 4.8
      vertex -124.215 -93.4002 6
    endloop
  endfacet
  facet normal -0.610116 0.792312 0
    outer loop
      vertex -123.988 -93.2254 4.8
      vertex -124.215 -93.4002 4.8
      vertex -123.988 -93.2254 6
    endloop
  endfacet
  facet normal -0.793012 0.609206 0
    outer loop
      vertex -123.813 -92.9976 6
      vertex -123.988 -93.2254 4.8
      vertex -123.988 -93.2254 6
    endloop
  endfacet
  facet normal -0.793012 0.609206 0
    outer loop
      vertex -123.813 -92.9976 4.8
      vertex -123.988 -93.2254 4.8
      vertex -123.813 -92.9976 6
    endloop
  endfacet
  facet normal -0.923745 0.383008 0
    outer loop
      vertex -123.703 -92.7323 6
      vertex -123.813 -92.9976 4.8
      vertex -123.813 -92.9976 6
    endloop
  endfacet
  facet normal -0.923745 0.383008 0
    outer loop
      vertex -123.703 -92.7323 4.8
      vertex -123.813 -92.9976 4.8
      vertex -123.703 -92.7323 6
    endloop
  endfacet
  facet normal 0.0697624 0.997564 0
    outer loop
      vertex -90.9739 -90.4493 6
      vertex -79.2026 -91.2725 4.8
      vertex -90.9739 -90.4493 4.8
    endloop
  endfacet
  facet normal 0.0697624 0.997564 0
    outer loop
      vertex -79.2026 -91.2725 6
      vertex -79.2026 -91.2725 4.8
      vertex -90.9739 -90.4493 6
    endloop
  endfacet
  facet normal 0.998121 0.0612814 0
    outer loop
      vertex -91.8857 -89.6426 6
      vertex -91.9017 -89.382 4.8
      vertex -91.9017 -89.382 6
    endloop
  endfacet
  facet normal 0.998121 0.0612814 -0
    outer loop
      vertex -91.8857 -89.6426 4.8
      vertex -91.9017 -89.382 4.8
      vertex -91.8857 -89.6426 6
    endloop
  endfacet
  facet normal 0.948376 0.317147 0
    outer loop
      vertex -91.8029 -89.8902 6
      vertex -91.8857 -89.6426 4.8
      vertex -91.8857 -89.6426 6
    endloop
  endfacet
  facet normal 0.948376 0.317147 -0
    outer loop
      vertex -91.8029 -89.8902 4.8
      vertex -91.8857 -89.6426 4.8
      vertex -91.8029 -89.8902 6
    endloop
  endfacet
  facet normal 0.833756 0.552133 0
    outer loop
      vertex -91.6588 -90.1078 6
      vertex -91.8029 -89.8902 4.8
      vertex -91.8029 -89.8902 6
    endloop
  endfacet
  facet normal 0.833756 0.552133 -0
    outer loop
      vertex -91.6588 -90.1078 4.8
      vertex -91.8029 -89.8902 4.8
      vertex -91.6588 -90.1078 6
    endloop
  endfacet
  facet normal 0.662698 0.748887 0
    outer loop
      vertex -91.4633 -90.2808 6
      vertex -91.6588 -90.1078 4.8
      vertex -91.6588 -90.1078 6
    endloop
  endfacet
  facet normal 0.662698 0.748887 -0
    outer loop
      vertex -91.4633 -90.2808 4.8
      vertex -91.6588 -90.1078 4.8
      vertex -91.4633 -90.2808 6
    endloop
  endfacet
  facet normal 0.446294 0.894886 0
    outer loop
      vertex -91.2297 -90.3973 6
      vertex -91.4633 -90.2808 4.8
      vertex -91.4633 -90.2808 6
    endloop
  endfacet
  facet normal 0.446294 0.894886 -0
    outer loop
      vertex -91.2297 -90.3973 4.8
      vertex -91.4633 -90.2808 4.8
      vertex -91.2297 -90.3973 6
    endloop
  endfacet
  facet normal 0.199209 0.979957 0
    outer loop
      vertex -90.9739 -90.4493 6
      vertex -91.2297 -90.3973 4.8
      vertex -91.2297 -90.3973 6
    endloop
  endfacet
  facet normal 0.199209 0.979957 -0
    outer loop
      vertex -90.9739 -90.4493 4.8
      vertex -91.2297 -90.3973 4.8
      vertex -90.9739 -90.4493 6
    endloop
  endfacet
  facet normal 0.997564 -0.0697546 0
    outer loop
      vertex -91.0786 -77.6108 6
      vertex -91.9017 -89.382 4.8
      vertex -91.0786 -77.6108 4.8
    endloop
  endfacet
  facet normal 0.997564 -0.0697546 0
    outer loop
      vertex -91.9017 -89.382 6
      vertex -91.9017 -89.382 4.8
      vertex -91.0786 -77.6108 6
    endloop
  endfacet
  facet normal 0.0608998 -0.998144 0
    outer loop
      vertex -90.2718 -76.6989 6
      vertex -90.0112 -76.683 4.8
      vertex -90.0112 -76.683 6
    endloop
  endfacet
  facet normal 0.0608998 -0.998144 0
    outer loop
      vertex -90.2718 -76.6989 4.8
      vertex -90.0112 -76.683 4.8
      vertex -90.2718 -76.6989 6
    endloop
  endfacet
  facet normal 0.317147 -0.948376 0
    outer loop
      vertex -90.5194 -76.7817 6
      vertex -90.2718 -76.6989 4.8
      vertex -90.2718 -76.6989 6
    endloop
  endfacet
  facet normal 0.317147 -0.948376 0
    outer loop
      vertex -90.5194 -76.7817 4.8
      vertex -90.2718 -76.6989 4.8
      vertex -90.5194 -76.7817 6
    endloop
  endfacet
  facet normal 0.552133 -0.833756 0
    outer loop
      vertex -90.737 -76.9258 6
      vertex -90.5194 -76.7817 4.8
      vertex -90.5194 -76.7817 6
    endloop
  endfacet
  facet normal 0.552133 -0.833756 0
    outer loop
      vertex -90.737 -76.9258 4.8
      vertex -90.5194 -76.7817 4.8
      vertex -90.737 -76.9258 6
    endloop
  endfacet
  facet normal 0.748887 -0.662698 0
    outer loop
      vertex -90.91 -77.1213 6
      vertex -90.737 -76.9258 4.8
      vertex -90.737 -76.9258 6
    endloop
  endfacet
  facet normal 0.748887 -0.662698 0
    outer loop
      vertex -90.91 -77.1213 4.8
      vertex -90.737 -76.9258 4.8
      vertex -90.91 -77.1213 6
    endloop
  endfacet
  facet normal 0.894963 -0.446141 0
    outer loop
      vertex -91.0265 -77.355 6
      vertex -90.91 -77.1213 4.8
      vertex -90.91 -77.1213 6
    endloop
  endfacet
  facet normal 0.894963 -0.446141 0
    outer loop
      vertex -91.0265 -77.355 4.8
      vertex -90.91 -77.1213 4.8
      vertex -91.0265 -77.355 6
    endloop
  endfacet
  facet normal 0.979882 -0.199577 0
    outer loop
      vertex -91.0786 -77.6108 6
      vertex -91.0265 -77.355 4.8
      vertex -91.0265 -77.355 6
    endloop
  endfacet
  facet normal 0.979882 -0.199577 0
    outer loop
      vertex -91.0786 -77.6108 4.8
      vertex -91.0265 -77.355 4.8
      vertex -91.0786 -77.6108 6
    endloop
  endfacet
  facet normal -0.0697546 -0.997564 -0
    outer loop
      vertex -78.24 -77.5061 6
      vertex -90.0112 -76.683 4.8
      vertex -78.24 -77.5061 4.8
    endloop
  endfacet
  facet normal -0.0697546 -0.997564 -0
    outer loop
      vertex -90.0112 -76.683 6
      vertex -90.0112 -76.683 4.8
      vertex -78.24 -77.5061 6
    endloop
  endfacet
  facet normal -0.998144 -0.0608998 0
    outer loop
      vertex -77.3281 -78.3128 6
      vertex -77.3122 -78.5734 4.8
      vertex -77.3122 -78.5734 6
    endloop
  endfacet
  facet normal -0.998144 -0.0608998 0
    outer loop
      vertex -77.3281 -78.3128 4.8
      vertex -77.3122 -78.5734 4.8
      vertex -77.3281 -78.3128 6
    endloop
  endfacet
  facet normal -0.948338 -0.317262 0
    outer loop
      vertex -77.4109 -78.0653 6
      vertex -77.3281 -78.3128 4.8
      vertex -77.3281 -78.3128 6
    endloop
  endfacet
  facet normal -0.948338 -0.317262 0
    outer loop
      vertex -77.4109 -78.0653 4.8
      vertex -77.3281 -78.3128 4.8
      vertex -77.4109 -78.0653 6
    endloop
  endfacet
  facet normal -0.833873 -0.551957 0
    outer loop
      vertex -77.555 -77.8476 6
      vertex -77.4109 -78.0653 4.8
      vertex -77.4109 -78.0653 6
    endloop
  endfacet
  facet normal -0.833873 -0.551957 0
    outer loop
      vertex -77.555 -77.8476 4.8
      vertex -77.4109 -78.0653 4.8
      vertex -77.555 -77.8476 6
    endloop
  endfacet
  facet normal -0.662698 -0.748887 0
    outer loop
      vertex -77.7505 -77.6746 6
      vertex -77.555 -77.8476 4.8
      vertex -77.555 -77.8476 6
    endloop
  endfacet
  facet normal -0.662698 -0.748887 0
    outer loop
      vertex -77.7505 -77.6746 4.8
      vertex -77.555 -77.8476 4.8
      vertex -77.7505 -77.6746 6
    endloop
  endfacet
  facet normal -0.446141 -0.894963 0
    outer loop
      vertex -77.9842 -77.5581 6
      vertex -77.7505 -77.6746 4.8
      vertex -77.7505 -77.6746 6
    endloop
  endfacet
  facet normal -0.446141 -0.894963 0
    outer loop
      vertex -77.9842 -77.5581 4.8
      vertex -77.7505 -77.6746 4.8
      vertex -77.9842 -77.5581 6
    endloop
  endfacet
  facet normal -0.199209 -0.979957 0
    outer loop
      vertex -78.24 -77.5061 6
      vertex -77.9842 -77.5581 4.8
      vertex -77.9842 -77.5581 6
    endloop
  endfacet
  facet normal -0.199209 -0.979957 0
    outer loop
      vertex -78.24 -77.5061 4.8
      vertex -77.9842 -77.5581 4.8
      vertex -78.24 -77.5061 6
    endloop
  endfacet
  facet normal -0.997564 0.069754 0
    outer loop
      vertex -78.1353 -90.3447 6
      vertex -77.3122 -78.5734 4.8
      vertex -78.1353 -90.3447 4.8
    endloop
  endfacet
  facet normal -0.997564 0.069754 0
    outer loop
      vertex -77.3122 -78.5734 6
      vertex -77.3122 -78.5734 4.8
      vertex -78.1353 -90.3447 6
    endloop
  endfacet
  facet normal -0.0612814 0.998121 0
    outer loop
      vertex -78.942 -91.2565 6
      vertex -79.2026 -91.2725 4.8
      vertex -79.2026 -91.2725 6
    endloop
  endfacet
  facet normal -0.0612814 0.998121 0
    outer loop
      vertex -78.942 -91.2565 4.8
      vertex -79.2026 -91.2725 4.8
      vertex -78.942 -91.2565 6
    endloop
  endfacet
  facet normal -0.317262 0.948338 0
    outer loop
      vertex -78.6945 -91.1737 6
      vertex -78.942 -91.2565 4.8
      vertex -78.942 -91.2565 6
    endloop
  endfacet
  facet normal -0.317262 0.948338 0
    outer loop
      vertex -78.6945 -91.1737 4.8
      vertex -78.942 -91.2565 4.8
      vertex -78.6945 -91.1737 6
    endloop
  endfacet
  facet normal -0.551957 0.833873 0
    outer loop
      vertex -78.4768 -91.0296 6
      vertex -78.6945 -91.1737 4.8
      vertex -78.6945 -91.1737 6
    endloop
  endfacet
  facet normal -0.551957 0.833873 0
    outer loop
      vertex -78.4768 -91.0296 4.8
      vertex -78.6945 -91.1737 4.8
      vertex -78.4768 -91.0296 6
    endloop
  endfacet
  facet normal -0.748887 0.662698 0
    outer loop
      vertex -78.3038 -90.8341 6
      vertex -78.4768 -91.0296 4.8
      vertex -78.4768 -91.0296 6
    endloop
  endfacet
  facet normal -0.748887 0.662698 0
    outer loop
      vertex -78.3038 -90.8341 4.8
      vertex -78.4768 -91.0296 4.8
      vertex -78.3038 -90.8341 6
    endloop
  endfacet
  facet normal -0.894886 0.446294 0
    outer loop
      vertex -78.1873 -90.6005 6
      vertex -78.3038 -90.8341 4.8
      vertex -78.3038 -90.8341 6
    endloop
  endfacet
  facet normal -0.894886 0.446294 0
    outer loop
      vertex -78.1873 -90.6005 4.8
      vertex -78.3038 -90.8341 4.8
      vertex -78.1873 -90.6005 6
    endloop
  endfacet
  facet normal -0.979957 0.199209 0
    outer loop
      vertex -78.1353 -90.3447 6
      vertex -78.1873 -90.6005 4.8
      vertex -78.1873 -90.6005 6
    endloop
  endfacet
  facet normal -0.979957 0.199209 0
    outer loop
      vertex -78.1353 -90.3447 4.8
      vertex -78.1873 -90.6005 4.8
      vertex -78.1353 -90.3447 6
    endloop
  endfacet
  facet normal -0.258891 0.965906 0
    outer loop
      vertex -151.772 -113.909 6
      vertex -140.374 -110.854 4.8
      vertex -151.772 -113.909 4.8
    endloop
  endfacet
  facet normal -0.258891 0.965906 0
    outer loop
      vertex -140.374 -110.854 6
      vertex -140.374 -110.854 4.8
      vertex -151.772 -113.909 6
    endloop
  endfacet
  facet normal 0.924203 0.381902 0
    outer loop
      vertex -152.897 -113.443 6
      vertex -152.997 -113.201 4.8
      vertex -152.997 -113.201 6
    endloop
  endfacet
  facet normal 0.924203 0.381902 -0
    outer loop
      vertex -152.897 -113.443 4.8
      vertex -152.997 -113.201 4.8
      vertex -152.897 -113.443 6
    endloop
  endfacet
  facet normal 0.793051 0.609155 0
    outer loop
      vertex -152.738 -113.65 6
      vertex -152.897 -113.443 4.8
      vertex -152.897 -113.443 6
    endloop
  endfacet
  facet normal 0.793051 0.609155 -0
    outer loop
      vertex -152.738 -113.65 4.8
      vertex -152.897 -113.443 4.8
      vertex -152.738 -113.65 6
    endloop
  endfacet
  facet normal 0.609155 0.793051 0
    outer loop
      vertex -152.531 -113.809 6
      vertex -152.738 -113.65 4.8
      vertex -152.738 -113.65 6
    endloop
  endfacet
  facet normal 0.609155 0.793051 -0
    outer loop
      vertex -152.531 -113.809 4.8
      vertex -152.738 -113.65 4.8
      vertex -152.531 -113.809 6
    endloop
  endfacet
  facet normal 0.381902 0.924203 0
    outer loop
      vertex -152.289 -113.909 6
      vertex -152.531 -113.809 4.8
      vertex -152.531 -113.809 6
    endloop
  endfacet
  facet normal 0.381902 0.924203 -0
    outer loop
      vertex -152.289 -113.909 4.8
      vertex -152.531 -113.809 4.8
      vertex -152.289 -113.909 6
    endloop
  endfacet
  facet normal 0.130653 0.991428 0
    outer loop
      vertex -152.031 -113.943 6
      vertex -152.289 -113.909 4.8
      vertex -152.289 -113.909 6
    endloop
  endfacet
  facet normal 0.130653 0.991428 -0
    outer loop
      vertex -152.031 -113.943 4.8
      vertex -152.289 -113.909 4.8
      vertex -152.031 -113.943 6
    endloop
  endfacet
  facet normal -0.130157 0.991493 0
    outer loop
      vertex -151.772 -113.909 6
      vertex -152.031 -113.943 4.8
      vertex -152.031 -113.943 6
    endloop
  endfacet
  facet normal -0.130157 0.991493 0
    outer loop
      vertex -151.772 -113.909 4.8
      vertex -152.031 -113.943 4.8
      vertex -151.772 -113.909 6
    endloop
  endfacet
  facet normal 0.965928 0.258812 0
    outer loop
      vertex -156.051 -101.803 6
      vertex -152.997 -113.201 4.8
      vertex -156.051 -101.803 4.8
    endloop
  endfacet
  facet normal 0.965928 0.258812 0
    outer loop
      vertex -152.997 -113.201 6
      vertex -152.997 -113.201 4.8
      vertex -156.051 -101.803 6
    endloop
  endfacet
  facet normal 0.383254 -0.923643 0
    outer loop
      vertex -155.585 -100.679 6
      vertex -155.344 -100.579 4.8
      vertex -155.344 -100.579 6
    endloop
  endfacet
  facet normal 0.383254 -0.923643 0
    outer loop
      vertex -155.585 -100.679 4.8
      vertex -155.344 -100.579 4.8
      vertex -155.585 -100.679 6
    endloop
  endfacet
  facet normal 0.609155 -0.793051 0
    outer loop
      vertex -155.792 -100.838 6
      vertex -155.585 -100.679 4.8
      vertex -155.585 -100.679 6
    endloop
  endfacet
  facet normal 0.609155 -0.793051 0
    outer loop
      vertex -155.792 -100.838 4.8
      vertex -155.585 -100.679 4.8
      vertex -155.792 -100.838 6
    endloop
  endfacet
  facet normal 0.793051 -0.609155 0
    outer loop
      vertex -155.951 -101.045 6
      vertex -155.792 -100.838 4.8
      vertex -155.792 -100.838 6
    endloop
  endfacet
  facet normal 0.793051 -0.609155 0
    outer loop
      vertex -155.951 -101.045 4.8
      vertex -155.792 -100.838 4.8
      vertex -155.951 -101.045 6
    endloop
  endfacet
  facet normal 0.923643 -0.383254 0
    outer loop
      vertex -156.051 -101.286 6
      vertex -155.951 -101.045 4.8
      vertex -155.951 -101.045 6
    endloop
  endfacet
  facet normal 0.923643 -0.383254 0
    outer loop
      vertex -156.051 -101.286 4.8
      vertex -155.951 -101.045 4.8
      vertex -156.051 -101.286 6
    endloop
  endfacet
  facet normal 0.991493 -0.130157 0
    outer loop
      vertex -156.085 -101.545 6
      vertex -156.051 -101.286 4.8
      vertex -156.051 -101.286 6
    endloop
  endfacet
  facet normal 0.991493 -0.130157 0
    outer loop
      vertex -156.085 -101.545 4.8
      vertex -156.051 -101.286 4.8
      vertex -156.085 -101.545 6
    endloop
  endfacet
  facet normal 0.991428 0.130653 0
    outer loop
      vertex -156.051 -101.803 6
      vertex -156.085 -101.545 4.8
      vertex -156.085 -101.545 6
    endloop
  endfacet
  facet normal 0.991428 0.130653 -0
    outer loop
      vertex -156.051 -101.803 4.8
      vertex -156.085 -101.545 4.8
      vertex -156.051 -101.803 6
    endloop
  endfacet
  facet normal 0.258836 -0.965921 0
    outer loop
      vertex -143.946 -97.5247 6
      vertex -155.344 -100.579 4.8
      vertex -143.946 -97.5247 4.8
    endloop
  endfacet
  facet normal 0.258836 -0.965921 0
    outer loop
      vertex -155.344 -100.579 6
      vertex -155.344 -100.579 4.8
      vertex -143.946 -97.5247 6
    endloop
  endfacet
  facet normal -0.923755 -0.382983 0
    outer loop
      vertex -142.821 -97.9906 6
      vertex -142.721 -98.2318 4.8
      vertex -142.721 -98.2318 6
    endloop
  endfacet
  facet normal -0.923755 -0.382983 0
    outer loop
      vertex -142.821 -97.9906 4.8
      vertex -142.721 -98.2318 4.8
      vertex -142.821 -97.9906 6
    endloop
  endfacet
  facet normal -0.793193 -0.60897 0
    outer loop
      vertex -142.98 -97.7835 6
      vertex -142.821 -97.9906 4.8
      vertex -142.821 -97.9906 6
    endloop
  endfacet
  facet normal -0.793193 -0.60897 0
    outer loop
      vertex -142.98 -97.7835 4.8
      vertex -142.821 -97.9906 4.8
      vertex -142.98 -97.7835 6
    endloop
  endfacet
  facet normal -0.608914 -0.793236 0
    outer loop
      vertex -143.187 -97.6246 6
      vertex -142.98 -97.7835 4.8
      vertex -142.98 -97.7835 6
    endloop
  endfacet
  facet normal -0.608914 -0.793236 0
    outer loop
      vertex -143.187 -97.6246 4.8
      vertex -142.98 -97.7835 4.8
      vertex -143.187 -97.6246 6
    endloop
  endfacet
  facet normal -0.382927 -0.923778 0
    outer loop
      vertex -143.428 -97.5247 6
      vertex -143.187 -97.6246 4.8
      vertex -143.187 -97.6246 6
    endloop
  endfacet
  facet normal -0.382927 -0.923778 0
    outer loop
      vertex -143.428 -97.5247 4.8
      vertex -143.187 -97.6246 4.8
      vertex -143.428 -97.5247 6
    endloop
  endfacet
  facet normal -0.130534 -0.991444 0
    outer loop
      vertex -143.687 -97.4906 6
      vertex -143.428 -97.5247 4.8
      vertex -143.428 -97.5247 6
    endloop
  endfacet
  facet normal -0.130534 -0.991444 0
    outer loop
      vertex -143.687 -97.4906 4.8
      vertex -143.428 -97.5247 4.8
      vertex -143.687 -97.4906 6
    endloop
  endfacet
  facet normal 0.130534 -0.991444 0
    outer loop
      vertex -143.946 -97.5247 6
      vertex -143.687 -97.4906 4.8
      vertex -143.687 -97.4906 6
    endloop
  endfacet
  facet normal 0.130534 -0.991444 0
    outer loop
      vertex -143.946 -97.5247 4.8
      vertex -143.687 -97.4906 4.8
      vertex -143.946 -97.5247 6
    endloop
  endfacet
  facet normal -0.965929 -0.258808 -0
    outer loop
      vertex -139.667 -109.63 6
      vertex -142.721 -98.2318 4.8
      vertex -139.667 -109.63 4.8
    endloop
  endfacet
  facet normal -0.965929 -0.258808 -0
    outer loop
      vertex -142.721 -98.2318 6
      vertex -142.721 -98.2318 4.8
      vertex -139.667 -109.63 6
    endloop
  endfacet
  facet normal -0.379977 0.924996 0
    outer loop
      vertex -140.133 -110.755 6
      vertex -140.374 -110.854 4.8
      vertex -140.374 -110.854 6
    endloop
  endfacet
  facet normal -0.379977 0.924996 0
    outer loop
      vertex -140.133 -110.755 4.8
      vertex -140.374 -110.854 4.8
      vertex -140.133 -110.755 6
    endloop
  endfacet
  facet normal -0.609155 0.793051 0
    outer loop
      vertex -139.926 -110.596 6
      vertex -140.133 -110.755 4.8
      vertex -140.133 -110.755 6
    endloop
  endfacet
  facet normal -0.609155 0.793051 0
    outer loop
      vertex -139.926 -110.596 4.8
      vertex -140.133 -110.755 4.8
      vertex -139.926 -110.596 6
    endloop
  endfacet
  facet normal -0.793051 0.609155 0
    outer loop
      vertex -139.767 -110.389 6
      vertex -139.926 -110.596 4.8
      vertex -139.926 -110.596 6
    endloop
  endfacet
  facet normal -0.793051 0.609155 0
    outer loop
      vertex -139.767 -110.389 4.8
      vertex -139.926 -110.596 4.8
      vertex -139.767 -110.389 6
    endloop
  endfacet
  facet normal -0.924203 0.381902 0
    outer loop
      vertex -139.667 -110.147 6
      vertex -139.767 -110.389 4.8
      vertex -139.767 -110.389 6
    endloop
  endfacet
  facet normal -0.924203 0.381902 0
    outer loop
      vertex -139.667 -110.147 4.8
      vertex -139.767 -110.389 4.8
      vertex -139.667 -110.147 6
    endloop
  endfacet
  facet normal -0.991428 0.130653 0
    outer loop
      vertex -139.633 -109.889 6
      vertex -139.667 -110.147 4.8
      vertex -139.667 -110.147 6
    endloop
  endfacet
  facet normal -0.991428 0.130653 0
    outer loop
      vertex -139.633 -109.889 4.8
      vertex -139.667 -110.147 4.8
      vertex -139.633 -109.889 6
    endloop
  endfacet
  facet normal -0.991493 -0.130157 0
    outer loop
      vertex -139.667 -109.63 6
      vertex -139.633 -109.889 4.8
      vertex -139.633 -109.889 6
    endloop
  endfacet
  facet normal -0.991493 -0.130157 0
    outer loop
      vertex -139.667 -109.63 4.8
      vertex -139.633 -109.889 4.8
      vertex -139.667 -109.63 6
    endloop
  endfacet
  facet normal 0 1 0
    outer loop
      vertex -133.865 -109.998 6
      vertex -122.065 -109.998 4.8
      vertex -133.865 -109.998 4.8
    endloop
  endfacet
  facet normal 0 1 0
    outer loop
      vertex -122.065 -109.998 6
      vertex -122.065 -109.998 4.8
      vertex -133.865 -109.998 6
    endloop
  endfacet
  facet normal 0.991428 0.130653 0
    outer loop
      vertex -134.831 -109.256 6
      vertex -134.865 -108.998 4.8
      vertex -134.865 -108.998 6
    endloop
  endfacet
  facet normal 0.991428 0.130653 -0
    outer loop
      vertex -134.831 -109.256 4.8
      vertex -134.865 -108.998 4.8
      vertex -134.831 -109.256 6
    endloop
  endfacet
  facet normal 0.924203 0.381902 0
    outer loop
      vertex -134.731 -109.498 6
      vertex -134.831 -109.256 4.8
      vertex -134.831 -109.256 6
    endloop
  endfacet
  facet normal 0.924203 0.381902 -0
    outer loop
      vertex -134.731 -109.498 4.8
      vertex -134.831 -109.256 4.8
      vertex -134.731 -109.498 6
    endloop
  endfacet
  facet normal 0.793051 0.609155 0
    outer loop
      vertex -134.572 -109.705 6
      vertex -134.731 -109.498 4.8
      vertex -134.731 -109.498 6
    endloop
  endfacet
  facet normal 0.793051 0.609155 -0
    outer loop
      vertex -134.572 -109.705 4.8
      vertex -134.731 -109.498 4.8
      vertex -134.572 -109.705 6
    endloop
  endfacet
  facet normal 0.609155 0.793051 0
    outer loop
      vertex -134.365 -109.864 6
      vertex -134.572 -109.705 4.8
      vertex -134.572 -109.705 6
    endloop
  endfacet
  facet normal 0.609155 0.793051 -0
    outer loop
      vertex -134.365 -109.864 4.8
      vertex -134.572 -109.705 4.8
      vertex -134.365 -109.864 6
    endloop
  endfacet
  facet normal 0.383254 0.923643 0
    outer loop
      vertex -134.124 -109.964 6
      vertex -134.365 -109.864 4.8
      vertex -134.365 -109.864 6
    endloop
  endfacet
  facet normal 0.383254 0.923643 -0
    outer loop
      vertex -134.124 -109.964 4.8
      vertex -134.365 -109.864 4.8
      vertex -134.124 -109.964 6
    endloop
  endfacet
  facet normal 0.130157 0.991493 0
    outer loop
      vertex -133.865 -109.998 6
      vertex -134.124 -109.964 4.8
      vertex -134.124 -109.964 6
    endloop
  endfacet
  facet normal 0.130157 0.991493 -0
    outer loop
      vertex -133.865 -109.998 4.8
      vertex -134.124 -109.964 4.8
      vertex -133.865 -109.998 6
    endloop
  endfacet
  facet normal 1 0 0
    outer loop
      vertex -134.865 -97.1976 6
      vertex -134.865 -108.998 4.8
      vertex -134.865 -97.1976 4.8
    endloop
  endfacet
  facet normal 1 -0 0
    outer loop
      vertex -134.865 -108.998 6
      vertex -134.865 -108.998 4.8
      vertex -134.865 -97.1976 6
    endloop
  endfacet
  facet normal 0.130534 -0.991444 0
    outer loop
      vertex -134.124 -96.2317 6
      vertex -133.865 -96.1976 4.8
      vertex -133.865 -96.1976 6
    endloop
  endfacet
  facet normal 0.130534 -0.991444 0
    outer loop
      vertex -134.124 -96.2317 4.8
      vertex -133.865 -96.1976 4.8
      vertex -134.124 -96.2317 6
    endloop
  endfacet
  facet normal 0.382927 -0.923778 0
    outer loop
      vertex -134.365 -96.3316 6
      vertex -134.124 -96.2317 4.8
      vertex -134.124 -96.2317 6
    endloop
  endfacet
  facet normal 0.382927 -0.923778 0
    outer loop
      vertex -134.365 -96.3316 4.8
      vertex -134.124 -96.2317 4.8
      vertex -134.365 -96.3316 6
    endloop
  endfacet
  facet normal 0.608914 -0.793236 0
    outer loop
      vertex -134.572 -96.4905 6
      vertex -134.365 -96.3316 4.8
      vertex -134.365 -96.3316 6
    endloop
  endfacet
  facet normal 0.608914 -0.793236 0
    outer loop
      vertex -134.572 -96.4905 4.8
      vertex -134.365 -96.3316 4.8
      vertex -134.572 -96.4905 6
    endloop
  endfacet
  facet normal 0.793193 -0.60897 0
    outer loop
      vertex -134.731 -96.6976 6
      vertex -134.572 -96.4905 4.8
      vertex -134.572 -96.4905 6
    endloop
  endfacet
  facet normal 0.793193 -0.60897 0
    outer loop
      vertex -134.731 -96.6976 4.8
      vertex -134.572 -96.4905 4.8
      vertex -134.731 -96.6976 6
    endloop
  endfacet
  facet normal 0.923755 -0.382983 0
    outer loop
      vertex -134.831 -96.9388 6
      vertex -134.731 -96.6976 4.8
      vertex -134.731 -96.6976 6
    endloop
  endfacet
  facet normal 0.923755 -0.382983 0
    outer loop
      vertex -134.831 -96.9388 4.8
      vertex -134.731 -96.6976 4.8
      vertex -134.831 -96.9388 6
    endloop
  endfacet
  facet normal 0.99148 -0.130256 0
    outer loop
      vertex -134.865 -97.1976 6
      vertex -134.831 -96.9388 4.8
      vertex -134.831 -96.9388 6
    endloop
  endfacet
  facet normal 0.99148 -0.130256 0
    outer loop
      vertex -134.865 -97.1976 4.8
      vertex -134.831 -96.9388 4.8
      vertex -134.865 -97.1976 6
    endloop
  endfacet
  facet normal 0 -1 -0
    outer loop
      vertex -122.065 -96.1976 6
      vertex -133.865 -96.1976 4.8
      vertex -122.065 -96.1976 4.8
    endloop
  endfacet
  facet normal 0 -1 0
    outer loop
      vertex -133.865 -96.1976 6
      vertex -133.865 -96.1976 4.8
      vertex -122.065 -96.1976 6
    endloop
  endfacet
  facet normal -0.99148 -0.130256 0
    outer loop
      vertex -121.099 -96.9388 6
      vertex -121.065 -97.1976 4.8
      vertex -121.065 -97.1976 6
    endloop
  endfacet
  facet normal -0.99148 -0.130256 0
    outer loop
      vertex -121.099 -96.9388 4.8
      vertex -121.065 -97.1976 4.8
      vertex -121.099 -96.9388 6
    endloop
  endfacet
  facet normal -0.923755 -0.382983 0
    outer loop
      vertex -121.199 -96.6976 6
      vertex -121.099 -96.9388 4.8
      vertex -121.099 -96.9388 6
    endloop
  endfacet
  facet normal -0.923755 -0.382983 0
    outer loop
      vertex -121.199 -96.6976 4.8
      vertex -121.099 -96.9388 4.8
      vertex -121.199 -96.6976 6
    endloop
  endfacet
  facet normal -0.793193 -0.60897 0
    outer loop
      vertex -121.358 -96.4905 6
      vertex -121.199 -96.6976 4.8
      vertex -121.199 -96.6976 6
    endloop
  endfacet
  facet normal -0.793193 -0.60897 0
    outer loop
      vertex -121.358 -96.4905 4.8
      vertex -121.199 -96.6976 4.8
      vertex -121.358 -96.4905 6
    endloop
  endfacet
  facet normal -0.608914 -0.793236 0
    outer loop
      vertex -121.565 -96.3316 6
      vertex -121.358 -96.4905 4.8
      vertex -121.358 -96.4905 6
    endloop
  endfacet
  facet normal -0.608914 -0.793236 0
    outer loop
      vertex -121.565 -96.3316 4.8
      vertex -121.358 -96.4905 4.8
      vertex -121.565 -96.3316 6
    endloop
  endfacet
  facet normal -0.381576 -0.924338 0
    outer loop
      vertex -121.807 -96.2317 6
      vertex -121.565 -96.3316 4.8
      vertex -121.565 -96.3316 6
    endloop
  endfacet
  facet normal -0.381576 -0.924338 0
    outer loop
      vertex -121.807 -96.2317 4.8
      vertex -121.565 -96.3316 4.8
      vertex -121.807 -96.2317 6
    endloop
  endfacet
  facet normal -0.131031 -0.991378 0
    outer loop
      vertex -122.065 -96.1976 6
      vertex -121.807 -96.2317 4.8
      vertex -121.807 -96.2317 6
    endloop
  endfacet
  facet normal -0.131031 -0.991378 0
    outer loop
      vertex -122.065 -96.1976 4.8
      vertex -121.807 -96.2317 4.8
      vertex -122.065 -96.1976 6
    endloop
  endfacet
  facet normal -1 0 0
    outer loop
      vertex -121.065 -108.998 6
      vertex -121.065 -97.1976 4.8
      vertex -121.065 -108.998 4.8
    endloop
  endfacet
  facet normal -1 -0 -0
    outer loop
      vertex -121.065 -97.1976 6
      vertex -121.065 -97.1976 4.8
      vertex -121.065 -108.998 6
    endloop
  endfacet
  facet normal -0.130653 0.991428 0
    outer loop
      vertex -121.807 -109.964 6
      vertex -122.065 -109.998 4.8
      vertex -122.065 -109.998 6
    endloop
  endfacet
  facet normal -0.130653 0.991428 0
    outer loop
      vertex -121.807 -109.964 4.8
      vertex -122.065 -109.998 4.8
      vertex -121.807 -109.964 6
    endloop
  endfacet
  facet normal -0.381902 0.924203 0
    outer loop
      vertex -121.565 -109.864 6
      vertex -121.807 -109.964 4.8
      vertex -121.807 -109.964 6
    endloop
  endfacet
  facet normal -0.381902 0.924203 0
    outer loop
      vertex -121.565 -109.864 4.8
      vertex -121.807 -109.964 4.8
      vertex -121.565 -109.864 6
    endloop
  endfacet
  facet normal -0.609155 0.793051 0
    outer loop
      vertex -121.358 -109.705 6
      vertex -121.565 -109.864 4.8
      vertex -121.565 -109.864 6
    endloop
  endfacet
  facet normal -0.609155 0.793051 0
    outer loop
      vertex -121.358 -109.705 4.8
      vertex -121.565 -109.864 4.8
      vertex -121.358 -109.705 6
    endloop
  endfacet
  facet normal -0.793051 0.609155 0
    outer loop
      vertex -121.199 -109.498 6
      vertex -121.358 -109.705 4.8
      vertex -121.358 -109.705 6
    endloop
  endfacet
  facet normal -0.793051 0.609155 0
    outer loop
      vertex -121.199 -109.498 4.8
      vertex -121.358 -109.705 4.8
      vertex -121.199 -109.498 6
    endloop
  endfacet
  facet normal -0.924203 0.381902 0
    outer loop
      vertex -121.099 -109.256 6
      vertex -121.199 -109.498 4.8
      vertex -121.199 -109.498 6
    endloop
  endfacet
  facet normal -0.924203 0.381902 0
    outer loop
      vertex -121.099 -109.256 4.8
      vertex -121.199 -109.498 4.8
      vertex -121.099 -109.256 6
    endloop
  endfacet
  facet normal -0.991428 0.130653 0
    outer loop
      vertex -121.065 -108.998 6
      vertex -121.099 -109.256 4.8
      vertex -121.099 -109.256 6
    endloop
  endfacet
  facet normal -0.991428 0.130653 0
    outer loop
      vertex -121.065 -108.998 4.8
      vertex -121.099 -109.256 4.8
      vertex -121.065 -108.998 6
    endloop
  endfacet
  facet normal 0.139137 0.990273 0
    outer loop
      vertex -73.9179 -98.4562 6
      vertex -62.2328 -100.098 4.8
      vertex -73.9179 -98.4562 4.8
    endloop
  endfacet
  facet normal 0.139137 0.990273 0
    outer loop
      vertex -62.2328 -100.098 6
      vertex -62.2328 -100.098 4.8
      vertex -73.9179 -98.4562 6
    endloop
  endfacet
  facet normal 0.999961 -0.00881192 0
    outer loop
      vertex -74.7713 -97.5878 6
      vertex -74.769 -97.3268 4.8
      vertex -74.769 -97.3268 6
    endloop
  endfacet
  facet normal 0.999961 -0.00881192 0
    outer loop
      vertex -74.7713 -97.5878 4.8
      vertex -74.769 -97.3268 4.8
      vertex -74.7713 -97.5878 6
    endloop
  endfacet
  facet normal 0.968128 0.250457 0
    outer loop
      vertex -74.7059 -97.8406 6
      vertex -74.7713 -97.5878 4.8
      vertex -74.7713 -97.5878 6
    endloop
  endfacet
  facet normal 0.968128 0.250457 -0
    outer loop
      vertex -74.7059 -97.8406 4.8
      vertex -74.7713 -97.5878 4.8
      vertex -74.7059 -97.8406 6
    endloop
  endfacet
  facet normal 0.870427 0.492297 0
    outer loop
      vertex -74.5774 -98.0678 6
      vertex -74.7059 -97.8406 4.8
      vertex -74.7059 -97.8406 6
    endloop
  endfacet
  facet normal 0.870427 0.492297 -0
    outer loop
      vertex -74.5774 -98.0678 4.8
      vertex -74.7059 -97.8406 4.8
      vertex -74.5774 -98.0678 6
    endloop
  endfacet
  facet normal 0.713209 0.700952 0
    outer loop
      vertex -74.3944 -98.254 6
      vertex -74.5774 -98.0678 4.8
      vertex -74.5774 -98.0678 6
    endloop
  endfacet
  facet normal 0.713209 0.700952 -0
    outer loop
      vertex -74.3944 -98.254 4.8
      vertex -74.5774 -98.0678 4.8
      vertex -74.3944 -98.254 6
    endloop
  endfacet
  facet normal 0.507606 0.861589 0
    outer loop
      vertex -74.1695 -98.3865 6
      vertex -74.3944 -98.254 4.8
      vertex -74.3944 -98.254 6
    endloop
  endfacet
  facet normal 0.507606 0.861589 -0
    outer loop
      vertex -74.1695 -98.3865 4.8
      vertex -74.3944 -98.254 4.8
      vertex -74.1695 -98.3865 6
    endloop
  endfacet
  facet normal 0.266972 0.963704 0
    outer loop
      vertex -73.9179 -98.4562 6
      vertex -74.1695 -98.3865 4.8
      vertex -74.1695 -98.3865 6
    endloop
  endfacet
  facet normal 0.266972 0.963704 -0
    outer loop
      vertex -73.9179 -98.4562 4.8
      vertex -74.1695 -98.3865 4.8
      vertex -73.9179 -98.4562 6
    endloop
  endfacet
  facet normal 0.990269 -0.139169 0
    outer loop
      vertex -73.1268 -85.6416 6
      vertex -74.769 -97.3268 4.8
      vertex -73.1268 -85.6416 4.8
    endloop
  endfacet
  facet normal 0.990269 -0.139169 0
    outer loop
      vertex -74.769 -97.3268 6
      vertex -74.769 -97.3268 4.8
      vertex -73.1268 -85.6416 6
    endloop
  endfacet
  facet normal -0.00842559 -0.999965 0
    outer loop
      vertex -72.2584 -84.7883 6
      vertex -71.9973 -84.7905 4.8
      vertex -71.9973 -84.7905 6
    endloop
  endfacet
  facet normal -0.00842559 -0.999965 0
    outer loop
      vertex -72.2584 -84.7883 4.8
      vertex -71.9973 -84.7905 4.8
      vertex -72.2584 -84.7883 6
    endloop
  endfacet
  facet normal 0.250191 -0.968197 0
    outer loop
      vertex -72.5111 -84.8536 6
      vertex -72.2584 -84.7883 4.8
      vertex -72.2584 -84.7883 6
    endloop
  endfacet
  facet normal 0.250191 -0.968197 0
    outer loop
      vertex -72.5111 -84.8536 4.8
      vertex -72.2584 -84.7883 4.8
      vertex -72.5111 -84.8536 6
    endloop
  endfacet
  facet normal 0.492587 -0.870263 0
    outer loop
      vertex -72.7383 -84.9822 6
      vertex -72.5111 -84.8536 4.8
      vertex -72.5111 -84.8536 6
    endloop
  endfacet
  facet normal 0.492587 -0.870263 0
    outer loop
      vertex -72.7383 -84.9822 4.8
      vertex -72.5111 -84.8536 4.8
      vertex -72.7383 -84.9822 6
    endloop
  endfacet
  facet normal 0.700952 -0.713209 0
    outer loop
      vertex -72.9245 -85.1652 6
      vertex -72.7383 -84.9822 4.8
      vertex -72.7383 -84.9822 6
    endloop
  endfacet
  facet normal 0.700952 -0.713209 0
    outer loop
      vertex -72.9245 -85.1652 4.8
      vertex -72.7383 -84.9822 4.8
      vertex -72.9245 -85.1652 6
    endloop
  endfacet
  facet normal 0.861589 -0.507606 0
    outer loop
      vertex -73.057 -85.3901 6
      vertex -72.9245 -85.1652 4.8
      vertex -72.9245 -85.1652 6
    endloop
  endfacet
  facet normal 0.861589 -0.507606 0
    outer loop
      vertex -73.057 -85.3901 4.8
      vertex -72.9245 -85.1652 4.8
      vertex -73.057 -85.3901 6
    endloop
  endfacet
  facet normal 0.963578 -0.267426 0
    outer loop
      vertex -73.1268 -85.6416 6
      vertex -73.057 -85.3901 4.8
      vertex -73.057 -85.3901 6
    endloop
  endfacet
  facet normal 0.963578 -0.267426 0
    outer loop
      vertex -73.1268 -85.6416 4.8
      vertex -73.057 -85.3901 4.8
      vertex -73.1268 -85.6416 6
    endloop
  endfacet
  facet normal -0.139179 -0.990267 -0
    outer loop
      vertex -60.3122 -86.4328 6
      vertex -71.9973 -84.7905 4.8
      vertex -60.3122 -86.4328 4.8
    endloop
  endfacet
  facet normal -0.139179 -0.990267 -0
    outer loop
      vertex -71.9973 -84.7905 6
      vertex -71.9973 -84.7905 4.8
      vertex -60.3122 -86.4328 6
    endloop
  endfacet
  facet normal -0.999961 0.00881192 0
    outer loop
      vertex -59.4588 -87.3012 6
      vertex -59.4611 -87.5622 4.8
      vertex -59.4611 -87.5622 6
    endloop
  endfacet
  facet normal -0.999961 0.00881192 0
    outer loop
      vertex -59.4588 -87.3012 4.8
      vertex -59.4611 -87.5622 4.8
      vertex -59.4588 -87.3012 6
    endloop
  endfacet
  facet normal -0.968128 -0.250457 0
    outer loop
      vertex -59.5242 -87.0484 6
      vertex -59.4588 -87.3012 4.8
      vertex -59.4588 -87.3012 6
    endloop
  endfacet
  facet normal -0.968128 -0.250457 0
    outer loop
      vertex -59.5242 -87.0484 4.8
      vertex -59.4588 -87.3012 4.8
      vertex -59.5242 -87.0484 6
    endloop
  endfacet
  facet normal -0.870427 -0.492297 0
    outer loop
      vertex -59.6527 -86.8212 6
      vertex -59.5242 -87.0484 4.8
      vertex -59.5242 -87.0484 6
    endloop
  endfacet
  facet normal -0.870427 -0.492297 0
    outer loop
      vertex -59.6527 -86.8212 4.8
      vertex -59.5242 -87.0484 4.8
      vertex -59.6527 -86.8212 6
    endloop
  endfacet
  facet normal -0.713209 -0.700952 0
    outer loop
      vertex -59.8357 -86.635 6
      vertex -59.6527 -86.8212 4.8
      vertex -59.6527 -86.8212 6
    endloop
  endfacet
  facet normal -0.713209 -0.700952 0
    outer loop
      vertex -59.8357 -86.635 4.8
      vertex -59.6527 -86.8212 4.8
      vertex -59.8357 -86.635 6
    endloop
  endfacet
  facet normal -0.507606 -0.861589 0
    outer loop
      vertex -60.0606 -86.5025 6
      vertex -59.8357 -86.635 4.8
      vertex -59.8357 -86.635 6
    endloop
  endfacet
  facet normal -0.507606 -0.861589 0
    outer loop
      vertex -60.0606 -86.5025 4.8
      vertex -59.8357 -86.635 4.8
      vertex -60.0606 -86.5025 6
    endloop
  endfacet
  facet normal -0.266972 -0.963704 0
    outer loop
      vertex -60.3122 -86.4328 6
      vertex -60.0606 -86.5025 4.8
      vertex -60.0606 -86.5025 6
    endloop
  endfacet
  facet normal -0.266972 -0.963704 0
    outer loop
      vertex -60.3122 -86.4328 4.8
      vertex -60.0606 -86.5025 4.8
      vertex -60.3122 -86.4328 6
    endloop
  endfacet
  facet normal -0.990269 0.139169 0
    outer loop
      vertex -61.1033 -99.2474 6
      vertex -59.4611 -87.5622 4.8
      vertex -61.1033 -99.2474 4.8
    endloop
  endfacet
  facet normal -0.990269 0.139169 0
    outer loop
      vertex -59.4611 -87.5622 6
      vertex -59.4611 -87.5622 4.8
      vertex -61.1033 -99.2474 6
    endloop
  endfacet
  facet normal 0.0114891 0.999934 0
    outer loop
      vertex -61.9717 -100.101 6
      vertex -62.2328 -100.098 4.8
      vertex -62.2328 -100.098 6
    endloop
  endfacet
  facet normal 0.0114891 0.999934 -0
    outer loop
      vertex -61.9717 -100.101 4.8
      vertex -62.2328 -100.098 4.8
      vertex -61.9717 -100.101 6
    endloop
  endfacet
  facet normal -0.252702 0.967544 0
    outer loop
      vertex -61.719 -100.035 6
      vertex -61.9717 -100.101 4.8
      vertex -61.9717 -100.101 6
    endloop
  endfacet
  facet normal -0.252702 0.967544 0
    outer loop
      vertex -61.719 -100.035 4.8
      vertex -61.9717 -100.101 4.8
      vertex -61.719 -100.035 6
    endloop
  endfacet
  facet normal -0.491135 0.871084 0
    outer loop
      vertex -61.4918 -99.9069 6
      vertex -61.719 -100.035 4.8
      vertex -61.719 -100.035 6
    endloop
  endfacet
  facet normal -0.491135 0.871084 0
    outer loop
      vertex -61.4918 -99.9069 4.8
      vertex -61.719 -100.035 4.8
      vertex -61.4918 -99.9069 6
    endloop
  endfacet
  facet normal -0.700952 0.713209 0
    outer loop
      vertex -61.3056 -99.7239 6
      vertex -61.4918 -99.9069 4.8
      vertex -61.4918 -99.9069 6
    endloop
  endfacet
  facet normal -0.700952 0.713209 0
    outer loop
      vertex -61.3056 -99.7239 4.8
      vertex -61.4918 -99.9069 4.8
      vertex -61.3056 -99.7239 6
    endloop
  endfacet
  facet normal -0.861589 0.507606 0
    outer loop
      vertex -61.1731 -99.499 6
      vertex -61.3056 -99.7239 4.8
      vertex -61.3056 -99.7239 6
    endloop
  endfacet
  facet normal -0.861589 0.507606 0
    outer loop
      vertex -61.1731 -99.499 4.8
      vertex -61.3056 -99.7239 4.8
      vertex -61.1731 -99.499 6
    endloop
  endfacet
  facet normal -0.963606 0.267328 0
    outer loop
      vertex -61.1033 -99.2474 6
      vertex -61.1731 -99.499 4.8
      vertex -61.1731 -99.499 6
    endloop
  endfacet
  facet normal -0.963606 0.267328 0
    outer loop
      vertex -61.1033 -99.2474 4.8
      vertex -61.1731 -99.499 4.8
      vertex -61.1033 -99.2474 6
    endloop
  endfacet
  facet normal 0 1 0
    outer loop
      vertex -144.665 -91.2976 6
      vertex -132.865 -91.2976 4.8
      vertex -144.665 -91.2976 4.8
    endloop
  endfacet
  facet normal 0 1 0
    outer loop
      vertex -132.865 -91.2976 6
      vertex -132.865 -91.2976 4.8
      vertex -144.665 -91.2976 6
    endloop
  endfacet
  facet normal 0.99148 0.130256 0
    outer loop
      vertex -145.631 -90.5564 6
      vertex -145.665 -90.2976 4.8
      vertex -145.665 -90.2976 6
    endloop
  endfacet
  facet normal 0.99148 0.130256 -0
    outer loop
      vertex -145.631 -90.5564 4.8
      vertex -145.665 -90.2976 4.8
      vertex -145.631 -90.5564 6
    endloop
  endfacet
  facet normal 0.923755 0.382983 0
    outer loop
      vertex -145.531 -90.7976 6
      vertex -145.631 -90.5564 4.8
      vertex -145.631 -90.5564 6
    endloop
  endfacet
  facet normal 0.923755 0.382983 -0
    outer loop
      vertex -145.531 -90.7976 4.8
      vertex -145.631 -90.5564 4.8
      vertex -145.531 -90.7976 6
    endloop
  endfacet
  facet normal 0.793193 0.60897 0
    outer loop
      vertex -145.372 -91.0047 6
      vertex -145.531 -90.7976 4.8
      vertex -145.531 -90.7976 6
    endloop
  endfacet
  facet normal 0.793193 0.60897 -0
    outer loop
      vertex -145.372 -91.0047 4.8
      vertex -145.531 -90.7976 4.8
      vertex -145.372 -91.0047 6
    endloop
  endfacet
  facet normal 0.608914 0.793236 0
    outer loop
      vertex -145.165 -91.1636 6
      vertex -145.372 -91.0047 4.8
      vertex -145.372 -91.0047 6
    endloop
  endfacet
  facet normal 0.608914 0.793236 -0
    outer loop
      vertex -145.165 -91.1636 4.8
      vertex -145.372 -91.0047 4.8
      vertex -145.165 -91.1636 6
    endloop
  endfacet
  facet normal 0.382927 0.923778 0
    outer loop
      vertex -144.924 -91.2635 6
      vertex -145.165 -91.1636 4.8
      vertex -145.165 -91.1636 6
    endloop
  endfacet
  facet normal 0.382927 0.923778 -0
    outer loop
      vertex -144.924 -91.2635 4.8
      vertex -145.165 -91.1636 4.8
      vertex -144.924 -91.2635 6
    endloop
  endfacet
  facet normal 0.130534 0.991444 0
    outer loop
      vertex -144.665 -91.2976 6
      vertex -144.924 -91.2635 4.8
      vertex -144.924 -91.2635 6
    endloop
  endfacet
  facet normal 0.130534 0.991444 -0
    outer loop
      vertex -144.665 -91.2976 4.8
      vertex -144.924 -91.2635 4.8
      vertex -144.665 -91.2976 6
    endloop
  endfacet
  facet normal 1 0 0
    outer loop
      vertex -145.665 -78.4976 6
      vertex -145.665 -90.2976 4.8
      vertex -145.665 -78.4976 4.8
    endloop
  endfacet
  facet normal 1 -0 0
    outer loop
      vertex -145.665 -90.2976 6
      vertex -145.665 -90.2976 4.8
      vertex -145.665 -78.4976 6
    endloop
  endfacet
  facet normal 0.130534 -0.991444 0
    outer loop
      vertex -144.924 -77.5317 6
      vertex -144.665 -77.4976 4.8
      vertex -144.665 -77.4976 6
    endloop
  endfacet
  facet normal 0.130534 -0.991444 0
    outer loop
      vertex -144.924 -77.5317 4.8
      vertex -144.665 -77.4976 4.8
      vertex -144.924 -77.5317 6
    endloop
  endfacet
  facet normal 0.382927 -0.923778 0
    outer loop
      vertex -145.165 -77.6316 6
      vertex -144.924 -77.5317 4.8
      vertex -144.924 -77.5317 6
    endloop
  endfacet
  facet normal 0.382927 -0.923778 0
    outer loop
      vertex -145.165 -77.6316 4.8
      vertex -144.924 -77.5317 4.8
      vertex -145.165 -77.6316 6
    endloop
  endfacet
  facet normal 0.608914 -0.793236 0
    outer loop
      vertex -145.372 -77.7905 6
      vertex -145.165 -77.6316 4.8
      vertex -145.165 -77.6316 6
    endloop
  endfacet
  facet normal 0.608914 -0.793236 0
    outer loop
      vertex -145.372 -77.7905 4.8
      vertex -145.165 -77.6316 4.8
      vertex -145.372 -77.7905 6
    endloop
  endfacet
  facet normal 0.793193 -0.60897 0
    outer loop
      vertex -145.531 -77.9976 6
      vertex -145.372 -77.7905 4.8
      vertex -145.372 -77.7905 6
    endloop
  endfacet
  facet normal 0.793193 -0.60897 0
    outer loop
      vertex -145.531 -77.9976 4.8
      vertex -145.372 -77.7905 4.8
      vertex -145.531 -77.9976 6
    endloop
  endfacet
  facet normal 0.923755 -0.382983 0
    outer loop
      vertex -145.631 -78.2388 6
      vertex -145.531 -77.9976 4.8
      vertex -145.531 -77.9976 6
    endloop
  endfacet
  facet normal 0.923755 -0.382983 0
    outer loop
      vertex -145.631 -78.2388 4.8
      vertex -145.531 -77.9976 4.8
      vertex -145.631 -78.2388 6
    endloop
  endfacet
  facet normal 0.99148 -0.130256 0
    outer loop
      vertex -145.665 -78.4976 6
      vertex -145.631 -78.2388 4.8
      vertex -145.631 -78.2388 6
    endloop
  endfacet
  facet normal 0.99148 -0.130256 0
    outer loop
      vertex -145.665 -78.4976 4.8
      vertex -145.631 -78.2388 4.8
      vertex -145.665 -78.4976 6
    endloop
  endfacet
  facet normal 0 -1 -0
    outer loop
      vertex -132.865 -77.4976 6
      vertex -144.665 -77.4976 4.8
      vertex -132.865 -77.4976 4.8
    endloop
  endfacet
  facet normal 0 -1 0
    outer loop
      vertex -144.665 -77.4976 6
      vertex -144.665 -77.4976 4.8
      vertex -132.865 -77.4976 6
    endloop
  endfacet
  facet normal -0.99148 -0.130256 0
    outer loop
      vertex -131.899 -78.2388 6
      vertex -131.865 -78.4976 4.8
      vertex -131.865 -78.4976 6
    endloop
  endfacet
  facet normal -0.99148 -0.130256 0
    outer loop
      vertex -131.899 -78.2388 4.8
      vertex -131.865 -78.4976 4.8
      vertex -131.899 -78.2388 6
    endloop
  endfacet
  facet normal -0.923755 -0.382983 0
    outer loop
      vertex -131.999 -77.9976 6
      vertex -131.899 -78.2388 4.8
      vertex -131.899 -78.2388 6
    endloop
  endfacet
  facet normal -0.923755 -0.382983 0
    outer loop
      vertex -131.999 -77.9976 4.8
      vertex -131.899 -78.2388 4.8
      vertex -131.999 -77.9976 6
    endloop
  endfacet
  facet normal -0.793193 -0.60897 0
    outer loop
      vertex -132.158 -77.7905 6
      vertex -131.999 -77.9976 4.8
      vertex -131.999 -77.9976 6
    endloop
  endfacet
  facet normal -0.793193 -0.60897 0
    outer loop
      vertex -132.158 -77.7905 4.8
      vertex -131.999 -77.9976 4.8
      vertex -132.158 -77.7905 6
    endloop
  endfacet
  facet normal -0.608914 -0.793236 0
    outer loop
      vertex -132.365 -77.6316 6
      vertex -132.158 -77.7905 4.8
      vertex -132.158 -77.7905 6
    endloop
  endfacet
  facet normal -0.608914 -0.793236 0
    outer loop
      vertex -132.365 -77.6316 4.8
      vertex -132.158 -77.7905 4.8
      vertex -132.365 -77.6316 6
    endloop
  endfacet
  facet normal -0.381576 -0.924338 0
    outer loop
      vertex -132.607 -77.5317 6
      vertex -132.365 -77.6316 4.8
      vertex -132.365 -77.6316 6
    endloop
  endfacet
  facet normal -0.381576 -0.924338 0
    outer loop
      vertex -132.607 -77.5317 4.8
      vertex -132.365 -77.6316 4.8
      vertex -132.607 -77.5317 6
    endloop
  endfacet
  facet normal -0.131031 -0.991378 0
    outer loop
      vertex -132.865 -77.4976 6
      vertex -132.607 -77.5317 4.8
      vertex -132.607 -77.5317 6
    endloop
  endfacet
  facet normal -0.131031 -0.991378 0
    outer loop
      vertex -132.865 -77.4976 4.8
      vertex -132.607 -77.5317 4.8
      vertex -132.865 -77.4976 6
    endloop
  endfacet
  facet normal -1 0 0
    outer loop
      vertex -131.865 -90.2976 6
      vertex -131.865 -78.4976 4.8
      vertex -131.865 -90.2976 4.8
    endloop
  endfacet
  facet normal -1 -0 -0
    outer loop
      vertex -131.865 -78.4976 6
      vertex -131.865 -78.4976 4.8
      vertex -131.865 -90.2976 6
    endloop
  endfacet
  facet normal -0.131031 0.991378 0
    outer loop
      vertex -132.607 -91.2635 6
      vertex -132.865 -91.2976 4.8
      vertex -132.865 -91.2976 6
    endloop
  endfacet
  facet normal -0.131031 0.991378 0
    outer loop
      vertex -132.607 -91.2635 4.8
      vertex -132.865 -91.2976 4.8
      vertex -132.607 -91.2635 6
    endloop
  endfacet
  facet normal -0.381576 0.924338 0
    outer loop
      vertex -132.365 -91.1636 6
      vertex -132.607 -91.2635 4.8
      vertex -132.607 -91.2635 6
    endloop
  endfacet
  facet normal -0.381576 0.924338 0
    outer loop
      vertex -132.365 -91.1636 4.8
      vertex -132.607 -91.2635 4.8
      vertex -132.365 -91.1636 6
    endloop
  endfacet
  facet normal -0.608914 0.793236 0
    outer loop
      vertex -132.158 -91.0047 6
      vertex -132.365 -91.1636 4.8
      vertex -132.365 -91.1636 6
    endloop
  endfacet
  facet normal -0.608914 0.793236 0
    outer loop
      vertex -132.158 -91.0047 4.8
      vertex -132.365 -91.1636 4.8
      vertex -132.158 -91.0047 6
    endloop
  endfacet
  facet normal -0.793193 0.60897 0
    outer loop
      vertex -131.999 -90.7976 6
      vertex -132.158 -91.0047 4.8
      vertex -132.158 -91.0047 6
    endloop
  endfacet
  facet normal -0.793193 0.60897 0
    outer loop
      vertex -131.999 -90.7976 4.8
      vertex -132.158 -91.0047 4.8
      vertex -131.999 -90.7976 6
    endloop
  endfacet
  facet normal -0.923755 0.382983 0
    outer loop
      vertex -131.899 -90.5564 6
      vertex -131.999 -90.7976 4.8
      vertex -131.999 -90.7976 6
    endloop
  endfacet
  facet normal -0.923755 0.382983 0
    outer loop
      vertex -131.899 -90.5564 4.8
      vertex -131.999 -90.7976 4.8
      vertex -131.899 -90.5564 6
    endloop
  endfacet
  facet normal -0.99148 0.130256 0
    outer loop
      vertex -131.865 -90.2976 6
      vertex -131.899 -90.5564 4.8
      vertex -131.899 -90.5564 6
    endloop
  endfacet
  facet normal -0.99148 0.130256 0
    outer loop
      vertex -131.865 -90.2976 4.8
      vertex -131.899 -90.5564 4.8
      vertex -131.865 -90.2976 6
    endloop
  endfacet
  facet normal 0.139179 0.990267 0
    outer loop
      vertex -69.186 -64.7871 6
      vertex -57.5009 -66.4294 4.8
      vertex -69.186 -64.7871 4.8
    endloop
  endfacet
  facet normal 0.139179 0.990267 0
    outer loop
      vertex -57.5009 -66.4294 6
      vertex -57.5009 -66.4294 4.8
      vertex -69.186 -64.7871 6
    endloop
  endfacet
  facet normal 0.999961 -0.00881192 0
    outer loop
      vertex -70.0394 -63.9187 6
      vertex -70.0371 -63.6577 4.8
      vertex -70.0371 -63.6577 6
    endloop
  endfacet
  facet normal 0.999961 -0.00881192 0
    outer loop
      vertex -70.0394 -63.9187 4.8
      vertex -70.0371 -63.6577 4.8
      vertex -70.0394 -63.9187 6
    endloop
  endfacet
  facet normal 0.968128 0.250457 0
    outer loop
      vertex -69.974 -64.1715 6
      vertex -70.0394 -63.9187 4.8
      vertex -70.0394 -63.9187 6
    endloop
  endfacet
  facet normal 0.968128 0.250457 -0
    outer loop
      vertex -69.974 -64.1715 4.8
      vertex -70.0394 -63.9187 4.8
      vertex -69.974 -64.1715 6
    endloop
  endfacet
  facet normal 0.870427 0.492297 0
    outer loop
      vertex -69.8455 -64.3987 6
      vertex -69.974 -64.1715 4.8
      vertex -69.974 -64.1715 6
    endloop
  endfacet
  facet normal 0.870427 0.492297 -0
    outer loop
      vertex -69.8455 -64.3987 4.8
      vertex -69.974 -64.1715 4.8
      vertex -69.8455 -64.3987 6
    endloop
  endfacet
  facet normal 0.713209 0.700952 0
    outer loop
      vertex -69.6625 -64.5849 6
      vertex -69.8455 -64.3987 4.8
      vertex -69.8455 -64.3987 6
    endloop
  endfacet
  facet normal 0.713209 0.700952 -0
    outer loop
      vertex -69.6625 -64.5849 4.8
      vertex -69.8455 -64.3987 4.8
      vertex -69.6625 -64.5849 6
    endloop
  endfacet
  facet normal 0.507606 0.861589 0
    outer loop
      vertex -69.4376 -64.7174 6
      vertex -69.6625 -64.5849 4.8
      vertex -69.6625 -64.5849 6
    endloop
  endfacet
  facet normal 0.507606 0.861589 -0
    outer loop
      vertex -69.4376 -64.7174 4.8
      vertex -69.6625 -64.5849 4.8
      vertex -69.4376 -64.7174 6
    endloop
  endfacet
  facet normal 0.266972 0.963704 0
    outer loop
      vertex -69.186 -64.7871 6
      vertex -69.4376 -64.7174 4.8
      vertex -69.4376 -64.7174 6
    endloop
  endfacet
  facet normal 0.266972 0.963704 -0
    outer loop
      vertex -69.186 -64.7871 4.8
      vertex -69.4376 -64.7174 4.8
      vertex -69.186 -64.7871 6
    endloop
  endfacet
  facet normal 0.990269 -0.139169 0
    outer loop
      vertex -68.3949 -51.9725 6
      vertex -70.0371 -63.6577 4.8
      vertex -68.3949 -51.9725 4.8
    endloop
  endfacet
  facet normal 0.990269 -0.139169 0
    outer loop
      vertex -70.0371 -63.6577 6
      vertex -70.0371 -63.6577 4.8
      vertex -68.3949 -51.9725 6
    endloop
  endfacet
  facet normal -0.00842559 -0.999965 0
    outer loop
      vertex -67.5265 -51.1192 6
      vertex -67.2654 -51.1214 4.8
      vertex -67.2654 -51.1214 6
    endloop
  endfacet
  facet normal -0.00842559 -0.999965 0
    outer loop
      vertex -67.5265 -51.1192 4.8
      vertex -67.2654 -51.1214 4.8
      vertex -67.5265 -51.1192 6
    endloop
  endfacet
  facet normal 0.250191 -0.968197 0
    outer loop
      vertex -67.7792 -51.1845 6
      vertex -67.5265 -51.1192 4.8
      vertex -67.5265 -51.1192 6
    endloop
  endfacet
  facet normal 0.250191 -0.968197 0
    outer loop
      vertex -67.7792 -51.1845 4.8
      vertex -67.5265 -51.1192 4.8
      vertex -67.7792 -51.1845 6
    endloop
  endfacet
  facet normal 0.492587 -0.870263 0
    outer loop
      vertex -68.0064 -51.3131 6
      vertex -67.7792 -51.1845 4.8
      vertex -67.7792 -51.1845 6
    endloop
  endfacet
  facet normal 0.492587 -0.870263 0
    outer loop
      vertex -68.0064 -51.3131 4.8
      vertex -67.7792 -51.1845 4.8
      vertex -68.0064 -51.3131 6
    endloop
  endfacet
  facet normal 0.700757 -0.7134 0
    outer loop
      vertex -68.1926 -51.496 6
      vertex -68.0064 -51.3131 4.8
      vertex -68.0064 -51.3131 6
    endloop
  endfacet
  facet normal 0.700757 -0.7134 0
    outer loop
      vertex -68.1926 -51.496 4.8
      vertex -68.0064 -51.3131 4.8
      vertex -68.1926 -51.496 6
    endloop
  endfacet
  facet normal 0.861688 -0.507438 0
    outer loop
      vertex -68.3251 -51.721 6
      vertex -68.1926 -51.496 4.8
      vertex -68.1926 -51.496 6
    endloop
  endfacet
  facet normal 0.861688 -0.507438 0
    outer loop
      vertex -68.3251 -51.721 4.8
      vertex -68.1926 -51.496 4.8
      vertex -68.3251 -51.721 6
    endloop
  endfacet
  facet normal 0.963578 -0.267426 0
    outer loop
      vertex -68.3949 -51.9725 6
      vertex -68.3251 -51.721 4.8
      vertex -68.3251 -51.721 6
    endloop
  endfacet
  facet normal 0.963578 -0.267426 0
    outer loop
      vertex -68.3949 -51.9725 4.8
      vertex -68.3251 -51.721 4.8
      vertex -68.3949 -51.9725 6
    endloop
  endfacet
  facet normal -0.139179 -0.990267 -0
    outer loop
      vertex -55.5803 -52.7637 6
      vertex -67.2654 -51.1214 4.8
      vertex -55.5803 -52.7637 4.8
    endloop
  endfacet
  facet normal -0.139179 -0.990267 -0
    outer loop
      vertex -67.2654 -51.1214 6
      vertex -67.2654 -51.1214 4.8
      vertex -55.5803 -52.7637 6
    endloop
  endfacet
  facet normal -0.999961 0.00881192 0
    outer loop
      vertex -54.7269 -53.6321 6
      vertex -54.7292 -53.8931 4.8
      vertex -54.7292 -53.8931 6
    endloop
  endfacet
  facet normal -0.999961 0.00881192 0
    outer loop
      vertex -54.7269 -53.6321 4.8
      vertex -54.7292 -53.8931 4.8
      vertex -54.7269 -53.6321 6
    endloop
  endfacet
  facet normal -0.968128 -0.250457 0
    outer loop
      vertex -54.7923 -53.3793 6
      vertex -54.7269 -53.6321 4.8
      vertex -54.7269 -53.6321 6
    endloop
  endfacet
  facet normal -0.968128 -0.250457 0
    outer loop
      vertex -54.7923 -53.3793 4.8
      vertex -54.7269 -53.6321 4.8
      vertex -54.7923 -53.3793 6
    endloop
  endfacet
  facet normal -0.870427 -0.492297 0
    outer loop
      vertex -54.9208 -53.1521 6
      vertex -54.7923 -53.3793 4.8
      vertex -54.7923 -53.3793 6
    endloop
  endfacet
  facet normal -0.870427 -0.492297 0
    outer loop
      vertex -54.9208 -53.1521 4.8
      vertex -54.7923 -53.3793 4.8
      vertex -54.9208 -53.1521 6
    endloop
  endfacet
  facet normal -0.713209 -0.700952 0
    outer loop
      vertex -55.1038 -52.9659 6
      vertex -54.9208 -53.1521 4.8
      vertex -54.9208 -53.1521 6
    endloop
  endfacet
  facet normal -0.713209 -0.700952 0
    outer loop
      vertex -55.1038 -52.9659 4.8
      vertex -54.9208 -53.1521 4.8
      vertex -55.1038 -52.9659 6
    endloop
  endfacet
  facet normal -0.507606 -0.861589 0
    outer loop
      vertex -55.3287 -52.8334 6
      vertex -55.1038 -52.9659 4.8
      vertex -55.1038 -52.9659 6
    endloop
  endfacet
  facet normal -0.507606 -0.861589 0
    outer loop
      vertex -55.3287 -52.8334 4.8
      vertex -55.1038 -52.9659 4.8
      vertex -55.3287 -52.8334 6
    endloop
  endfacet
  facet normal -0.266972 -0.963704 0
    outer loop
      vertex -55.5803 -52.7637 6
      vertex -55.3287 -52.8334 4.8
      vertex -55.3287 -52.8334 6
    endloop
  endfacet
  facet normal -0.266972 -0.963704 0
    outer loop
      vertex -55.5803 -52.7637 4.8
      vertex -55.3287 -52.8334 4.8
      vertex -55.5803 -52.7637 6
    endloop
  endfacet
  facet normal -0.990269 0.139169 0
    outer loop
      vertex -56.3714 -65.5783 6
      vertex -54.7292 -53.8931 4.8
      vertex -56.3714 -65.5783 4.8
    endloop
  endfacet
  facet normal -0.990269 0.139169 0
    outer loop
      vertex -54.7292 -53.8931 6
      vertex -54.7292 -53.8931 4.8
      vertex -56.3714 -65.5783 6
    endloop
  endfacet
  facet normal 0.00842559 0.999965 0
    outer loop
      vertex -57.2398 -66.4316 6
      vertex -57.5009 -66.4294 4.8
      vertex -57.5009 -66.4294 6
    endloop
  endfacet
  facet normal 0.00842559 0.999965 -0
    outer loop
      vertex -57.2398 -66.4316 4.8
      vertex -57.5009 -66.4294 4.8
      vertex -57.2398 -66.4316 6
    endloop
  endfacet
  facet normal -0.250191 0.968197 0
    outer loop
      vertex -56.9871 -66.3663 6
      vertex -57.2398 -66.4316 4.8
      vertex -57.2398 -66.4316 6
    endloop
  endfacet
  facet normal -0.250191 0.968197 0
    outer loop
      vertex -56.9871 -66.3663 4.8
      vertex -57.2398 -66.4316 4.8
      vertex -56.9871 -66.3663 6
    endloop
  endfacet
  facet normal -0.492587 0.870263 0
    outer loop
      vertex -56.7599 -66.2377 6
      vertex -56.9871 -66.3663 4.8
      vertex -56.9871 -66.3663 6
    endloop
  endfacet
  facet normal -0.492587 0.870263 0
    outer loop
      vertex -56.7599 -66.2377 4.8
      vertex -56.9871 -66.3663 4.8
      vertex -56.7599 -66.2377 6
    endloop
  endfacet
  facet normal -0.700757 0.7134 0
    outer loop
      vertex -56.5737 -66.0548 6
      vertex -56.7599 -66.2377 4.8
      vertex -56.7599 -66.2377 6
    endloop
  endfacet
  facet normal -0.700757 0.7134 0
    outer loop
      vertex -56.5737 -66.0548 4.8
      vertex -56.7599 -66.2377 4.8
      vertex -56.5737 -66.0548 6
    endloop
  endfacet
  facet normal -0.861688 0.507438 0
    outer loop
      vertex -56.4412 -65.8298 6
      vertex -56.5737 -66.0548 4.8
      vertex -56.5737 -66.0548 6
    endloop
  endfacet
  facet normal -0.861688 0.507438 0
    outer loop
      vertex -56.4412 -65.8298 4.8
      vertex -56.5737 -66.0548 4.8
      vertex -56.4412 -65.8298 6
    endloop
  endfacet
  facet normal -0.963578 0.267426 0
    outer loop
      vertex -56.3714 -65.5783 6
      vertex -56.4412 -65.8298 4.8
      vertex -56.4412 -65.8298 6
    endloop
  endfacet
  facet normal -0.963578 0.267426 0
    outer loop
      vertex -56.3714 -65.5783 4.8
      vertex -56.4412 -65.8298 4.8
      vertex -56.3714 -65.5783 6
    endloop
  endfacet
  facet normal -0.991437 0.13059 0
    outer loop
      vertex -91.6654 -52.4476 6
      vertex -91.7029 -52.7323 4.8
      vertex -91.7029 -52.7323 6
    endloop
  endfacet
  facet normal -0.991437 0.13059 0
    outer loop
      vertex -91.6654 -52.4476 4.8
      vertex -91.7029 -52.7323 4.8
      vertex -91.6654 -52.4476 6
    endloop
  endfacet
  facet normal -0.991437 -0.13059 0
    outer loop
      vertex -91.7029 -52.1629 6
      vertex -91.6654 -52.4476 4.8
      vertex -91.6654 -52.4476 6
    endloop
  endfacet
  facet normal -0.991437 -0.13059 0
    outer loop
      vertex -91.7029 -52.1629 4.8
      vertex -91.6654 -52.4476 4.8
      vertex -91.7029 -52.1629 6
    endloop
  endfacet
  facet normal -0.923868 -0.382711 0
    outer loop
      vertex -91.8128 -51.8976 6
      vertex -91.7029 -52.1629 4.8
      vertex -91.7029 -52.1629 6
    endloop
  endfacet
  facet normal -0.923868 -0.382711 0
    outer loop
      vertex -91.8128 -51.8976 4.8
      vertex -91.7029 -52.1629 4.8
      vertex -91.8128 -51.8976 6
    endloop
  endfacet
  facet normal -0.793348 -0.608768 0
    outer loop
      vertex -91.9876 -51.6698 6
      vertex -91.8128 -51.8976 4.8
      vertex -91.8128 -51.8976 6
    endloop
  endfacet
  facet normal -0.793348 -0.608768 0
    outer loop
      vertex -91.9876 -51.6698 4.8
      vertex -91.8128 -51.8976 4.8
      vertex -91.9876 -51.6698 6
    endloop
  endfacet
  facet normal -0.608987 -0.79318 0
    outer loop
      vertex -92.2154 -51.4949 6
      vertex -91.9876 -51.6698 4.8
      vertex -91.9876 -51.6698 6
    endloop
  endfacet
  facet normal -0.608987 -0.79318 0
    outer loop
      vertex -92.2154 -51.4949 4.8
      vertex -91.9876 -51.6698 4.8
      vertex -92.2154 -51.4949 6
    endloop
  endfacet
  facet normal -0.382413 -0.923991 0
    outer loop
      vertex -92.4807 -51.3851 6
      vertex -92.2154 -51.4949 4.8
      vertex -92.2154 -51.4949 6
    endloop
  endfacet
  facet normal -0.382413 -0.923991 0
    outer loop
      vertex -92.4807 -51.3851 4.8
      vertex -92.2154 -51.4949 4.8
      vertex -92.4807 -51.3851 6
    endloop
  endfacet
  facet normal -0.13059 -0.991437 0
    outer loop
      vertex -92.7654 -51.3476 6
      vertex -92.4807 -51.3851 4.8
      vertex -92.4807 -51.3851 6
    endloop
  endfacet
  facet normal -0.13059 -0.991437 0
    outer loop
      vertex -92.7654 -51.3476 4.8
      vertex -92.4807 -51.3851 4.8
      vertex -92.7654 -51.3476 6
    endloop
  endfacet
  facet normal 0.13059 -0.991437 0
    outer loop
      vertex -93.0501 -51.3851 6
      vertex -92.7654 -51.3476 4.8
      vertex -92.7654 -51.3476 6
    endloop
  endfacet
  facet normal 0.13059 -0.991437 0
    outer loop
      vertex -93.0501 -51.3851 4.8
      vertex -92.7654 -51.3476 4.8
      vertex -93.0501 -51.3851 6
    endloop
  endfacet
  facet normal 0.382413 -0.923991 0
    outer loop
      vertex -93.3154 -51.4949 6
      vertex -93.0501 -51.3851 4.8
      vertex -93.0501 -51.3851 6
    endloop
  endfacet
  facet normal 0.382413 -0.923991 0
    outer loop
      vertex -93.3154 -51.4949 4.8
      vertex -93.0501 -51.3851 4.8
      vertex -93.3154 -51.4949 6
    endloop
  endfacet
  facet normal 0.608987 -0.79318 0
    outer loop
      vertex -93.5432 -51.6698 6
      vertex -93.3154 -51.4949 4.8
      vertex -93.3154 -51.4949 6
    endloop
  endfacet
  facet normal 0.608987 -0.79318 0
    outer loop
      vertex -93.5432 -51.6698 4.8
      vertex -93.3154 -51.4949 4.8
      vertex -93.5432 -51.6698 6
    endloop
  endfacet
  facet normal 0.793348 -0.608768 0
    outer loop
      vertex -93.718 -51.8976 6
      vertex -93.5432 -51.6698 4.8
      vertex -93.5432 -51.6698 6
    endloop
  endfacet
  facet normal 0.793348 -0.608768 0
    outer loop
      vertex -93.718 -51.8976 4.8
      vertex -93.5432 -51.6698 4.8
      vertex -93.718 -51.8976 6
    endloop
  endfacet
  facet normal 0.923868 -0.382711 0
    outer loop
      vertex -93.8279 -52.1629 6
      vertex -93.718 -51.8976 4.8
      vertex -93.718 -51.8976 6
    endloop
  endfacet
  facet normal 0.923868 -0.382711 0
    outer loop
      vertex -93.8279 -52.1629 4.8
      vertex -93.718 -51.8976 4.8
      vertex -93.8279 -52.1629 6
    endloop
  endfacet
  facet normal 0.991437 -0.13059 0
    outer loop
      vertex -93.8654 -52.4476 6
      vertex -93.8279 -52.1629 4.8
      vertex -93.8279 -52.1629 6
    endloop
  endfacet
  facet normal 0.991437 -0.13059 0
    outer loop
      vertex -93.8654 -52.4476 4.8
      vertex -93.8279 -52.1629 4.8
      vertex -93.8654 -52.4476 6
    endloop
  endfacet
  facet normal 0.991437 0.13059 0
    outer loop
      vertex -93.8279 -52.7323 6
      vertex -93.8654 -52.4476 4.8
      vertex -93.8654 -52.4476 6
    endloop
  endfacet
  facet normal 0.991437 0.13059 -0
    outer loop
      vertex -93.8279 -52.7323 4.8
      vertex -93.8654 -52.4476 4.8
      vertex -93.8279 -52.7323 6
    endloop
  endfacet
  facet normal 0.923868 0.382711 0
    outer loop
      vertex -93.718 -52.9976 6
      vertex -93.8279 -52.7323 4.8
      vertex -93.8279 -52.7323 6
    endloop
  endfacet
  facet normal 0.923868 0.382711 -0
    outer loop
      vertex -93.718 -52.9976 4.8
      vertex -93.8279 -52.7323 4.8
      vertex -93.718 -52.9976 6
    endloop
  endfacet
  facet normal 0.793348 0.608768 0
    outer loop
      vertex -93.5432 -53.2254 6
      vertex -93.718 -52.9976 4.8
      vertex -93.718 -52.9976 6
    endloop
  endfacet
  facet normal 0.793348 0.608768 -0
    outer loop
      vertex -93.5432 -53.2254 4.8
      vertex -93.718 -52.9976 4.8
      vertex -93.5432 -53.2254 6
    endloop
  endfacet
  facet normal 0.608768 0.793348 0
    outer loop
      vertex -93.3154 -53.4002 6
      vertex -93.5432 -53.2254 4.8
      vertex -93.5432 -53.2254 6
    endloop
  endfacet
  facet normal 0.608768 0.793348 -0
    outer loop
      vertex -93.3154 -53.4002 4.8
      vertex -93.5432 -53.2254 4.8
      vertex -93.3154 -53.4002 6
    endloop
  endfacet
  facet normal 0.382711 0.923868 0
    outer loop
      vertex -93.0501 -53.5101 6
      vertex -93.3154 -53.4002 4.8
      vertex -93.3154 -53.4002 6
    endloop
  endfacet
  facet normal 0.382711 0.923868 -0
    outer loop
      vertex -93.0501 -53.5101 4.8
      vertex -93.3154 -53.4002 4.8
      vertex -93.0501 -53.5101 6
    endloop
  endfacet
  facet normal 0.13059 0.991437 0
    outer loop
      vertex -92.7654 -53.5476 6
      vertex -93.0501 -53.5101 4.8
      vertex -93.0501 -53.5101 6
    endloop
  endfacet
  facet normal 0.13059 0.991437 -0
    outer loop
      vertex -92.7654 -53.5476 4.8
      vertex -93.0501 -53.5101 4.8
      vertex -92.7654 -53.5476 6
    endloop
  endfacet
  facet normal -0.13059 0.991437 0
    outer loop
      vertex -92.4807 -53.5101 6
      vertex -92.7654 -53.5476 4.8
      vertex -92.7654 -53.5476 6
    endloop
  endfacet
  facet normal -0.13059 0.991437 0
    outer loop
      vertex -92.4807 -53.5101 4.8
      vertex -92.7654 -53.5476 4.8
      vertex -92.4807 -53.5101 6
    endloop
  endfacet
  facet normal -0.382711 0.923868 0
    outer loop
      vertex -92.2154 -53.4002 6
      vertex -92.4807 -53.5101 4.8
      vertex -92.4807 -53.5101 6
    endloop
  endfacet
  facet normal -0.382711 0.923868 0
    outer loop
      vertex -92.2154 -53.4002 4.8
      vertex -92.4807 -53.5101 4.8
      vertex -92.2154 -53.4002 6
    endloop
  endfacet
  facet normal -0.608768 0.793348 0
    outer loop
      vertex -91.9876 -53.2254 6
      vertex -92.2154 -53.4002 4.8
      vertex -92.2154 -53.4002 6
    endloop
  endfacet
  facet normal -0.608768 0.793348 0
    outer loop
      vertex -91.9876 -53.2254 4.8
      vertex -92.2154 -53.4002 4.8
      vertex -91.9876 -53.2254 6
    endloop
  endfacet
  facet normal -0.793348 0.608768 0
    outer loop
      vertex -91.8128 -52.9976 6
      vertex -91.9876 -53.2254 4.8
      vertex -91.9876 -53.2254 6
    endloop
  endfacet
  facet normal -0.793348 0.608768 0
    outer loop
      vertex -91.8128 -52.9976 4.8
      vertex -91.9876 -53.2254 4.8
      vertex -91.8128 -52.9976 6
    endloop
  endfacet
  facet normal -0.923868 0.382711 0
    outer loop
      vertex -91.7029 -52.7323 6
      vertex -91.8128 -52.9976 4.8
      vertex -91.8128 -52.9976 6
    endloop
  endfacet
  facet normal -0.923868 0.382711 0
    outer loop
      vertex -91.7029 -52.7323 4.8
      vertex -91.8128 -52.9976 4.8
      vertex -91.7029 -52.7323 6
    endloop
  endfacet
  facet normal 0 1 0
    outer loop
      vertex -126.665 -88.7476 6
      vertex -114.865 -88.7476 4.8
      vertex -126.665 -88.7476 4.8
    endloop
  endfacet
  facet normal 0 1 0
    outer loop
      vertex -114.865 -88.7476 6
      vertex -114.865 -88.7476 4.8
      vertex -126.665 -88.7476 6
    endloop
  endfacet
  facet normal 0.99148 0.130256 0
    outer loop
      vertex -127.631 -88.0064 6
      vertex -127.665 -87.7476 4.8
      vertex -127.665 -87.7476 6
    endloop
  endfacet
  facet normal 0.99148 0.130256 -0
    outer loop
      vertex -127.631 -88.0064 4.8
      vertex -127.665 -87.7476 4.8
      vertex -127.631 -88.0064 6
    endloop
  endfacet
  facet normal 0.923755 0.382983 0
    outer loop
      vertex -127.531 -88.2476 6
      vertex -127.631 -88.0064 4.8
      vertex -127.631 -88.0064 6
    endloop
  endfacet
  facet normal 0.923755 0.382983 -0
    outer loop
      vertex -127.531 -88.2476 4.8
      vertex -127.631 -88.0064 4.8
      vertex -127.531 -88.2476 6
    endloop
  endfacet
  facet normal 0.793193 0.60897 0
    outer loop
      vertex -127.372 -88.4547 6
      vertex -127.531 -88.2476 4.8
      vertex -127.531 -88.2476 6
    endloop
  endfacet
  facet normal 0.793193 0.60897 -0
    outer loop
      vertex -127.372 -88.4547 4.8
      vertex -127.531 -88.2476 4.8
      vertex -127.372 -88.4547 6
    endloop
  endfacet
  facet normal 0.608914 0.793236 0
    outer loop
      vertex -127.165 -88.6136 6
      vertex -127.372 -88.4547 4.8
      vertex -127.372 -88.4547 6
    endloop
  endfacet
  facet normal 0.608914 0.793236 -0
    outer loop
      vertex -127.165 -88.6136 4.8
      vertex -127.372 -88.4547 4.8
      vertex -127.165 -88.6136 6
    endloop
  endfacet
  facet normal 0.382927 0.923778 0
    outer loop
      vertex -126.924 -88.7135 6
      vertex -127.165 -88.6136 4.8
      vertex -127.165 -88.6136 6
    endloop
  endfacet
  facet normal 0.382927 0.923778 -0
    outer loop
      vertex -126.924 -88.7135 4.8
      vertex -127.165 -88.6136 4.8
      vertex -126.924 -88.7135 6
    endloop
  endfacet
  facet normal 0.130534 0.991444 0
    outer loop
      vertex -126.665 -88.7476 6
      vertex -126.924 -88.7135 4.8
      vertex -126.924 -88.7135 6
    endloop
  endfacet
  facet normal 0.130534 0.991444 -0
    outer loop
      vertex -126.665 -88.7476 4.8
      vertex -126.924 -88.7135 4.8
      vertex -126.665 -88.7476 6
    endloop
  endfacet
  facet normal 1 0 0
    outer loop
      vertex -127.665 -75.9476 6
      vertex -127.665 -87.7476 4.8
      vertex -127.665 -75.9476 4.8
    endloop
  endfacet
  facet normal 1 -0 0
    outer loop
      vertex -127.665 -87.7476 6
      vertex -127.665 -87.7476 4.8
      vertex -127.665 -75.9476 6
    endloop
  endfacet
  facet normal 0.130534 -0.991444 0
    outer loop
      vertex -126.924 -74.9817 6
      vertex -126.665 -74.9476 4.8
      vertex -126.665 -74.9476 6
    endloop
  endfacet
  facet normal 0.130534 -0.991444 0
    outer loop
      vertex -126.924 -74.9817 4.8
      vertex -126.665 -74.9476 4.8
      vertex -126.924 -74.9817 6
    endloop
  endfacet
  facet normal 0.382927 -0.923778 0
    outer loop
      vertex -127.165 -75.0816 6
      vertex -126.924 -74.9817 4.8
      vertex -126.924 -74.9817 6
    endloop
  endfacet
  facet normal 0.382927 -0.923778 0
    outer loop
      vertex -127.165 -75.0816 4.8
      vertex -126.924 -74.9817 4.8
      vertex -127.165 -75.0816 6
    endloop
  endfacet
  facet normal 0.608914 -0.793236 0
    outer loop
      vertex -127.372 -75.2405 6
      vertex -127.165 -75.0816 4.8
      vertex -127.165 -75.0816 6
    endloop
  endfacet
  facet normal 0.608914 -0.793236 0
    outer loop
      vertex -127.372 -75.2405 4.8
      vertex -127.165 -75.0816 4.8
      vertex -127.372 -75.2405 6
    endloop
  endfacet
  facet normal 0.793193 -0.60897 0
    outer loop
      vertex -127.531 -75.4476 6
      vertex -127.372 -75.2405 4.8
      vertex -127.372 -75.2405 6
    endloop
  endfacet
  facet normal 0.793193 -0.60897 0
    outer loop
      vertex -127.531 -75.4476 4.8
      vertex -127.372 -75.2405 4.8
      vertex -127.531 -75.4476 6
    endloop
  endfacet
  facet normal 0.923755 -0.382983 0
    outer loop
      vertex -127.631 -75.6888 6
      vertex -127.531 -75.4476 4.8
      vertex -127.531 -75.4476 6
    endloop
  endfacet
  facet normal 0.923755 -0.382983 0
    outer loop
      vertex -127.631 -75.6888 4.8
      vertex -127.531 -75.4476 4.8
      vertex -127.631 -75.6888 6
    endloop
  endfacet
  facet normal 0.99148 -0.130256 0
    outer loop
      vertex -127.665 -75.9476 6
      vertex -127.631 -75.6888 4.8
      vertex -127.631 -75.6888 6
    endloop
  endfacet
  facet normal 0.99148 -0.130256 0
    outer loop
      vertex -127.665 -75.9476 4.8
      vertex -127.631 -75.6888 4.8
      vertex -127.665 -75.9476 6
    endloop
  endfacet
  facet normal 0 -1 -0
    outer loop
      vertex -114.865 -74.9476 6
      vertex -126.665 -74.9476 4.8
      vertex -114.865 -74.9476 4.8
    endloop
  endfacet
  facet normal 0 -1 0
    outer loop
      vertex -126.665 -74.9476 6
      vertex -126.665 -74.9476 4.8
      vertex -114.865 -74.9476 6
    endloop
  endfacet
  facet normal -0.99148 -0.130256 0
    outer loop
      vertex -113.899 -75.6888 6
      vertex -113.865 -75.9476 4.8
      vertex -113.865 -75.9476 6
    endloop
  endfacet
  facet normal -0.99148 -0.130256 0
    outer loop
      vertex -113.899 -75.6888 4.8
      vertex -113.865 -75.9476 4.8
      vertex -113.899 -75.6888 6
    endloop
  endfacet
  facet normal -0.923755 -0.382983 0
    outer loop
      vertex -113.999 -75.4476 6
      vertex -113.899 -75.6888 4.8
      vertex -113.899 -75.6888 6
    endloop
  endfacet
  facet normal -0.923755 -0.382983 0
    outer loop
      vertex -113.999 -75.4476 4.8
      vertex -113.899 -75.6888 4.8
      vertex -113.999 -75.4476 6
    endloop
  endfacet
  facet normal -0.793193 -0.60897 0
    outer loop
      vertex -114.158 -75.2405 6
      vertex -113.999 -75.4476 4.8
      vertex -113.999 -75.4476 6
    endloop
  endfacet
  facet normal -0.793193 -0.60897 0
    outer loop
      vertex -114.158 -75.2405 4.8
      vertex -113.999 -75.4476 4.8
      vertex -114.158 -75.2405 6
    endloop
  endfacet
  facet normal -0.608914 -0.793236 0
    outer loop
      vertex -114.365 -75.0816 6
      vertex -114.158 -75.2405 4.8
      vertex -114.158 -75.2405 6
    endloop
  endfacet
  facet normal -0.608914 -0.793236 0
    outer loop
      vertex -114.365 -75.0816 4.8
      vertex -114.158 -75.2405 4.8
      vertex -114.365 -75.0816 6
    endloop
  endfacet
  facet normal -0.381576 -0.924338 0
    outer loop
      vertex -114.607 -74.9817 6
      vertex -114.365 -75.0816 4.8
      vertex -114.365 -75.0816 6
    endloop
  endfacet
  facet normal -0.381576 -0.924338 0
    outer loop
      vertex -114.607 -74.9817 4.8
      vertex -114.365 -75.0816 4.8
      vertex -114.607 -74.9817 6
    endloop
  endfacet
  facet normal -0.131031 -0.991378 0
    outer loop
      vertex -114.865 -74.9476 6
      vertex -114.607 -74.9817 4.8
      vertex -114.607 -74.9817 6
    endloop
  endfacet
  facet normal -0.131031 -0.991378 0
    outer loop
      vertex -114.865 -74.9476 4.8
      vertex -114.607 -74.9817 4.8
      vertex -114.865 -74.9476 6
    endloop
  endfacet
  facet normal -1 0 0
    outer loop
      vertex -113.865 -87.7476 6
      vertex -113.865 -75.9476 4.8
      vertex -113.865 -87.7476 4.8
    endloop
  endfacet
  facet normal -1 -0 -0
    outer loop
      vertex -113.865 -75.9476 6
      vertex -113.865 -75.9476 4.8
      vertex -113.865 -87.7476 6
    endloop
  endfacet
  facet normal -0.131031 0.991378 0
    outer loop
      vertex -114.607 -88.7135 6
      vertex -114.865 -88.7476 4.8
      vertex -114.865 -88.7476 6
    endloop
  endfacet
  facet normal -0.131031 0.991378 0
    outer loop
      vertex -114.607 -88.7135 4.8
      vertex -114.865 -88.7476 4.8
      vertex -114.607 -88.7135 6
    endloop
  endfacet
  facet normal -0.381576 0.924338 0
    outer loop
      vertex -114.365 -88.6136 6
      vertex -114.607 -88.7135 4.8
      vertex -114.607 -88.7135 6
    endloop
  endfacet
  facet normal -0.381576 0.924338 0
    outer loop
      vertex -114.365 -88.6136 4.8
      vertex -114.607 -88.7135 4.8
      vertex -114.365 -88.6136 6
    endloop
  endfacet
  facet normal -0.608914 0.793236 0
    outer loop
      vertex -114.158 -88.4547 6
      vertex -114.365 -88.6136 4.8
      vertex -114.365 -88.6136 6
    endloop
  endfacet
  facet normal -0.608914 0.793236 0
    outer loop
      vertex -114.158 -88.4547 4.8
      vertex -114.365 -88.6136 4.8
      vertex -114.158 -88.4547 6
    endloop
  endfacet
  facet normal -0.793193 0.60897 0
    outer loop
      vertex -113.999 -88.2476 6
      vertex -114.158 -88.4547 4.8
      vertex -114.158 -88.4547 6
    endloop
  endfacet
  facet normal -0.793193 0.60897 0
    outer loop
      vertex -113.999 -88.2476 4.8
      vertex -114.158 -88.4547 4.8
      vertex -113.999 -88.2476 6
    endloop
  endfacet
  facet normal -0.923755 0.382983 0
    outer loop
      vertex -113.899 -88.0064 6
      vertex -113.999 -88.2476 4.8
      vertex -113.999 -88.2476 6
    endloop
  endfacet
  facet normal -0.923755 0.382983 0
    outer loop
      vertex -113.899 -88.0064 4.8
      vertex -113.999 -88.2476 4.8
      vertex -113.899 -88.0064 6
    endloop
  endfacet
  facet normal -0.99148 0.130256 0
    outer loop
      vertex -113.865 -87.7476 6
      vertex -113.899 -88.0064 4.8
      vertex -113.899 -88.0064 6
    endloop
  endfacet
  facet normal -0.99148 0.130256 0
    outer loop
      vertex -113.865 -87.7476 4.8
      vertex -113.899 -88.0064 4.8
      vertex -113.865 -87.7476 6
    endloop
  endfacet
  facet normal -0.98775 0.156043 0
    outer loop
      vertex -112.725 -35.6658 6
      vertex -112.765 -35.919 4.8
      vertex -112.765 -35.919 6
    endloop
  endfacet
  facet normal -0.98775 0.156043 0
    outer loop
      vertex -112.725 -35.6658 4.8
      vertex -112.765 -35.919 4.8
      vertex -112.725 -35.6658 6
    endloop
  endfacet
  facet normal -0.915637 0.402006 0
    outer loop
      vertex -112.622 -35.4312 6
      vertex -112.725 -35.6658 4.8
      vertex -112.725 -35.6658 6
    endloop
  endfacet
  facet normal -0.915637 0.402006 0
    outer loop
      vertex -112.622 -35.4312 4.8
      vertex -112.725 -35.6658 4.8
      vertex -112.622 -35.4312 6
    endloop
  endfacet
  facet normal -0.782083 0.623174 0
    outer loop
      vertex -112.462 -35.2304 6
      vertex -112.622 -35.4312 4.8
      vertex -112.622 -35.4312 6
    endloop
  endfacet
  facet normal -0.782083 0.623174 0
    outer loop
      vertex -112.462 -35.2304 4.8
      vertex -112.622 -35.4312 4.8
      vertex -112.462 -35.2304 6
    endloop
  endfacet
  facet normal -0.599625 0.800281 0
    outer loop
      vertex -112.257 -35.0768 6
      vertex -112.462 -35.2304 4.8
      vertex -112.462 -35.2304 6
    endloop
  endfacet
  facet normal -0.599625 0.800281 0
    outer loop
      vertex -112.257 -35.0768 4.8
      vertex -112.462 -35.2304 4.8
      vertex -112.257 -35.0768 6
    endloop
  endfacet
  facet normal -0.376775 0.926305 0
    outer loop
      vertex -112.02 -34.9804 6
      vertex -112.257 -35.0768 4.8
      vertex -112.257 -35.0768 6
    endloop
  endfacet
  facet normal -0.376775 0.926305 0
    outer loop
      vertex -112.02 -34.9804 4.8
      vertex -112.257 -35.0768 4.8
      vertex -112.02 -34.9804 6
    endloop
  endfacet
  facet normal -0.127576 0.991829 0
    outer loop
      vertex -111.765 -34.9476 6
      vertex -112.02 -34.9804 4.8
      vertex -112.02 -34.9804 6
    endloop
  endfacet
  facet normal -0.127576 0.991829 0
    outer loop
      vertex -111.765 -34.9476 4.8
      vertex -112.02 -34.9804 4.8
      vertex -111.765 -34.9476 6
    endloop
  endfacet
  facet normal -0.918905 0.394479 0
    outer loop
      vertex -130.626 -38.8385 6
      vertex -130.728 -39.0761 4.8
      vertex -130.728 -39.0761 6
    endloop
  endfacet
  facet normal -0.918905 0.394479 0
    outer loop
      vertex -130.626 -38.8385 4.8
      vertex -130.728 -39.0761 4.8
      vertex -130.626 -38.8385 6
    endloop
  endfacet
  facet normal -0.788142 0.615494 0
    outer loop
      vertex -130.467 -38.6349 6
      vertex -130.626 -38.8385 4.8
      vertex -130.626 -38.8385 6
    endloop
  endfacet
  facet normal -0.788142 0.615494 0
    outer loop
      vertex -130.467 -38.6349 4.8
      vertex -130.626 -38.8385 4.8
      vertex -130.467 -38.6349 6
    endloop
  endfacet
  facet normal -0.603463 0.797391 0
    outer loop
      vertex -130.261 -38.479 6
      vertex -130.467 -38.6349 4.8
      vertex -130.467 -38.6349 6
    endloop
  endfacet
  facet normal -0.603463 0.797391 0
    outer loop
      vertex -130.261 -38.479 4.8
      vertex -130.467 -38.6349 4.8
      vertex -130.261 -38.479 6
    endloop
  endfacet
  facet normal -0.379386 0.925238 0
    outer loop
      vertex -130.022 -38.381 6
      vertex -130.261 -38.479 4.8
      vertex -130.261 -38.479 6
    endloop
  endfacet
  facet normal -0.379386 0.925238 0
    outer loop
      vertex -130.022 -38.381 4.8
      vertex -130.261 -38.479 4.8
      vertex -130.022 -38.381 6
    endloop
  endfacet
  facet normal -0.128877 0.991661 0
    outer loop
      vertex -129.765 -38.3476 6
      vertex -130.022 -38.381 4.8
      vertex -130.022 -38.381 6
    endloop
  endfacet
  facet normal -0.128877 0.991661 0
    outer loop
      vertex -129.765 -38.3476 4.8
      vertex -130.022 -38.381 4.8
      vertex -129.765 -38.3476 6
    endloop
  endfacet
  facet normal -0.99148 0.130256 0
    outer loop
      vertex -148.731 -41.6388 6
      vertex -148.765 -41.8976 4.8
      vertex -148.765 -41.8976 6
    endloop
  endfacet
  facet normal -0.99148 0.130256 0
    outer loop
      vertex -148.731 -41.6388 4.8
      vertex -148.765 -41.8976 4.8
      vertex -148.731 -41.6388 6
    endloop
  endfacet
  facet normal -0.923755 0.382983 0
    outer loop
      vertex -148.631 -41.3976 6
      vertex -148.731 -41.6388 4.8
      vertex -148.731 -41.6388 6
    endloop
  endfacet
  facet normal -0.923755 0.382983 0
    outer loop
      vertex -148.631 -41.3976 4.8
      vertex -148.731 -41.6388 4.8
      vertex -148.631 -41.3976 6
    endloop
  endfacet
  facet normal -0.795044 0.606552 0
    outer loop
      vertex -148.473 -41.1905 6
      vertex -148.631 -41.3976 4.8
      vertex -148.631 -41.3976 6
    endloop
  endfacet
  facet normal -0.795044 0.606552 0
    outer loop
      vertex -148.473 -41.1905 4.8
      vertex -148.631 -41.3976 4.8
      vertex -148.473 -41.1905 6
    endloop
  endfacet
  facet normal -0.607067 0.794651 0
    outer loop
      vertex -148.265 -41.0316 6
      vertex -148.473 -41.1905 4.8
      vertex -148.473 -41.1905 6
    endloop
  endfacet
  facet normal -0.607067 0.794651 0
    outer loop
      vertex -148.265 -41.0316 4.8
      vertex -148.473 -41.1905 4.8
      vertex -148.265 -41.0316 6
    endloop
  endfacet
  facet normal -0.382927 0.923778 0
    outer loop
      vertex -148.024 -40.9317 6
      vertex -148.265 -41.0316 4.8
      vertex -148.265 -41.0316 6
    endloop
  endfacet
  facet normal -0.382927 0.923778 0
    outer loop
      vertex -148.024 -40.9317 4.8
      vertex -148.265 -41.0316 4.8
      vertex -148.024 -40.9317 6
    endloop
  endfacet
  facet normal -0.130534 0.991444 0
    outer loop
      vertex -147.765 -40.8976 6
      vertex -148.024 -40.9317 4.8
      vertex -148.024 -40.9317 6
    endloop
  endfacet
  facet normal -0.130534 0.991444 0
    outer loop
      vertex -147.765 -40.8976 4.8
      vertex -148.024 -40.9317 4.8
      vertex -147.765 -40.8976 6
    endloop
  endfacet
  facet normal -0.924996 -0.379977 0
    outer loop
      vertex -179.406 -110.793 6
      vertex -179.307 -111.034 4.8
      vertex -179.307 -111.034 6
    endloop
  endfacet
  facet normal -0.924996 -0.379977 0
    outer loop
      vertex -179.406 -110.793 4.8
      vertex -179.307 -111.034 4.8
      vertex -179.406 -110.793 6
    endloop
  endfacet
  facet normal -0.990992 -0.133918 0
    outer loop
      vertex -179.441 -110.534 6
      vertex -179.406 -110.793 4.8
      vertex -179.406 -110.793 6
    endloop
  endfacet
  facet normal -0.990992 -0.133918 0
    outer loop
      vertex -179.441 -110.534 4.8
      vertex -179.406 -110.793 4.8
      vertex -179.441 -110.534 6
    endloop
  endfacet
  facet normal -0.990992 0.133918 0
    outer loop
      vertex -179.406 -110.275 6
      vertex -179.441 -110.534 4.8
      vertex -179.441 -110.534 6
    endloop
  endfacet
  facet normal -0.990992 0.133918 0
    outer loop
      vertex -179.406 -110.275 4.8
      vertex -179.441 -110.534 4.8
      vertex -179.406 -110.275 6
    endloop
  endfacet
  facet normal -0.924996 0.379977 0
    outer loop
      vertex -179.307 -110.034 6
      vertex -179.406 -110.275 4.8
      vertex -179.406 -110.275 6
    endloop
  endfacet
  facet normal -0.924996 0.379977 0
    outer loop
      vertex -179.307 -110.034 4.8
      vertex -179.406 -110.275 4.8
      vertex -179.307 -110.034 6
    endloop
  endfacet
  facet normal -0.793051 0.609155 0
    outer loop
      vertex -179.148 -109.827 6
      vertex -179.307 -110.034 4.8
      vertex -179.307 -110.034 6
    endloop
  endfacet
  facet normal -0.793051 0.609155 0
    outer loop
      vertex -179.148 -109.827 4.8
      vertex -179.307 -110.034 4.8
      vertex -179.148 -109.827 6
    endloop
  endfacet
  facet normal -0.609155 0.793051 0
    outer loop
      vertex -178.941 -109.668 6
      vertex -179.148 -109.827 4.8
      vertex -179.148 -109.827 6
    endloop
  endfacet
  facet normal -0.609155 0.793051 0
    outer loop
      vertex -178.941 -109.668 4.8
      vertex -179.148 -109.827 4.8
      vertex -178.941 -109.668 6
    endloop
  endfacet
  facet normal -0.866005 -0.500035 -0
    outer loop
      vertex -170.803 -125.762 6
      vertex -179.307 -111.034 4.8
      vertex -170.803 -125.762 4.8
    endloop
  endfacet
  facet normal -0.866005 -0.500035 -0
    outer loop
      vertex -179.307 -111.034 6
      vertex -179.307 -111.034 4.8
      vertex -170.803 -125.762 6
    endloop
  endfacet
  facet normal 0.376686 -0.926341 0
    outer loop
      vertex -169.684 -126.23 6
      vertex -169.443 -126.132 4.8
      vertex -169.443 -126.132 6
    endloop
  endfacet
  facet normal 0.376686 -0.926341 0
    outer loop
      vertex -169.684 -126.23 4.8
      vertex -169.443 -126.132 4.8
      vertex -169.684 -126.23 6
    endloop
  endfacet
  facet normal 0.123088 -0.992396 0
    outer loop
      vertex -169.942 -126.262 6
      vertex -169.684 -126.23 4.8
      vertex -169.684 -126.23 6
    endloop
  endfacet
  facet normal 0.123088 -0.992396 0
    outer loop
      vertex -169.942 -126.262 4.8
      vertex -169.684 -126.23 4.8
      vertex -169.942 -126.262 6
    endloop
  endfacet
  facet normal -0.134941 -0.990854 0
    outer loop
      vertex -170.199 -126.227 6
      vertex -169.942 -126.262 4.8
      vertex -169.942 -126.262 6
    endloop
  endfacet
  facet normal -0.134941 -0.990854 0
    outer loop
      vertex -170.199 -126.227 4.8
      vertex -169.942 -126.262 4.8
      vertex -170.199 -126.227 6
    endloop
  endfacet
  facet normal -0.384615 -0.923077 0
    outer loop
      vertex -170.439 -126.127 6
      vertex -170.199 -126.227 4.8
      vertex -170.199 -126.227 6
    endloop
  endfacet
  facet normal -0.384615 -0.923077 0
    outer loop
      vertex -170.439 -126.127 4.8
      vertex -170.199 -126.227 4.8
      vertex -170.439 -126.127 6
    endloop
  endfacet
  facet normal -0.608593 -0.793482 0
    outer loop
      vertex -170.645 -125.969 6
      vertex -170.439 -126.127 4.8
      vertex -170.439 -126.127 6
    endloop
  endfacet
  facet normal -0.608593 -0.793482 0
    outer loop
      vertex -170.645 -125.969 4.8
      vertex -170.439 -126.127 4.8
      vertex -170.645 -125.969 6
    endloop
  endfacet
  facet normal -0.794903 -0.606737 0
    outer loop
      vertex -170.803 -125.762 6
      vertex -170.645 -125.969 4.8
      vertex -170.645 -125.969 6
    endloop
  endfacet
  facet normal -0.794903 -0.606737 0
    outer loop
      vertex -170.803 -125.762 4.8
      vertex -170.645 -125.969 4.8
      vertex -170.803 -125.762 6
    endloop
  endfacet
  facet normal 0.493832 -0.869558 0
    outer loop
      vertex -153.562 -117.113 6
      vertex -169.443 -126.132 4.8
      vertex -153.562 -117.113 4.8
    endloop
  endfacet
  facet normal 0.493832 -0.869558 0
    outer loop
      vertex -169.443 -126.132 6
      vertex -169.443 -126.132 4.8
      vertex -153.562 -117.113 6
    endloop
  endfacet
  facet normal 0.294915 -0.955524 0
    outer loop
      vertex -153.408 -117.042 6
      vertex -153.327 -117.017 4.8
      vertex -153.327 -117.017 6
    endloop
  endfacet
  facet normal 0.294915 -0.955524 0
    outer loop
      vertex -153.408 -117.042 4.8
      vertex -153.327 -117.017 4.8
      vertex -153.408 -117.042 6
    endloop
  endfacet
  facet normal 0.38964 -0.920967 0
    outer loop
      vertex -153.486 -117.075 6
      vertex -153.408 -117.042 4.8
      vertex -153.408 -117.042 6
    endloop
  endfacet
  facet normal 0.38964 -0.920967 0
    outer loop
      vertex -153.486 -117.075 4.8
      vertex -153.408 -117.042 4.8
      vertex -153.486 -117.075 6
    endloop
  endfacet
  facet normal 0.447214 -0.894427 0
    outer loop
      vertex -153.562 -117.113 6
      vertex -153.486 -117.075 4.8
      vertex -153.486 -117.075 6
    endloop
  endfacet
  facet normal 0.447214 -0.894427 0
    outer loop
      vertex -153.562 -117.113 4.8
      vertex -153.486 -117.075 4.8
      vertex -153.562 -117.113 6
    endloop
  endfacet
  facet normal 0.258805 -0.96593 0
    outer loop
      vertex -136.961 -112.632 6
      vertex -153.327 -117.017 4.8
      vertex -136.961 -112.632 4.8
    endloop
  endfacet
  facet normal 0.258805 -0.96593 0
    outer loop
      vertex -153.327 -117.017 6
      vertex -153.327 -117.017 4.8
      vertex -136.961 -112.632 6
    endloop
  endfacet
  facet normal 0.0344623 -0.999406 0
    outer loop
      vertex -136.789 -112.601 6
      vertex -136.702 -112.598 4.8
      vertex -136.702 -112.598 6
    endloop
  endfacet
  facet normal 0.0344623 -0.999406 0
    outer loop
      vertex -136.789 -112.601 4.8
      vertex -136.702 -112.598 4.8
      vertex -136.789 -112.601 6
    endloop
  endfacet
  facet normal 0.136637 -0.990621 0
    outer loop
      vertex -136.876 -112.613 6
      vertex -136.789 -112.601 4.8
      vertex -136.789 -112.601 6
    endloop
  endfacet
  facet normal 0.136637 -0.990621 0
    outer loop
      vertex -136.876 -112.613 4.8
      vertex -136.789 -112.601 4.8
      vertex -136.876 -112.613 6
    endloop
  endfacet
  facet normal 0.218146 -0.975916 0
    outer loop
      vertex -136.961 -112.632 6
      vertex -136.876 -112.613 4.8
      vertex -136.876 -112.613 6
    endloop
  endfacet
  facet normal 0.218146 -0.975916 0
    outer loop
      vertex -136.961 -112.632 4.8
      vertex -136.876 -112.613 4.8
      vertex -136.961 -112.632 6
    endloop
  endfacet
  facet normal 0 -1 -0
    outer loop
      vertex -118.965 -112.598 6
      vertex -136.702 -112.598 4.8
      vertex -118.965 -112.598 4.8
    endloop
  endfacet
  facet normal 0 -1 0
    outer loop
      vertex -136.702 -112.598 6
      vertex -136.702 -112.598 4.8
      vertex -118.965 -112.598 6
    endloop
  endfacet
  facet normal 0.991428 -0.130653 0
    outer loop
      vertex -117.999 -111.856 6
      vertex -117.965 -111.598 4.8
      vertex -117.965 -111.598 6
    endloop
  endfacet
  facet normal 0.991428 -0.130653 0
    outer loop
      vertex -117.999 -111.856 4.8
      vertex -117.965 -111.598 4.8
      vertex -117.999 -111.856 6
    endloop
  endfacet
  facet normal 0.924203 -0.381902 0
    outer loop
      vertex -118.099 -112.098 6
      vertex -117.999 -111.856 4.8
      vertex -117.999 -111.856 6
    endloop
  endfacet
  facet normal 0.924203 -0.381902 0
    outer loop
      vertex -118.099 -112.098 4.8
      vertex -117.999 -111.856 4.8
      vertex -118.099 -112.098 6
    endloop
  endfacet
  facet normal 0.793051 -0.609155 0
    outer loop
      vertex -118.258 -112.305 6
      vertex -118.099 -112.098 4.8
      vertex -118.099 -112.098 6
    endloop
  endfacet
  facet normal 0.793051 -0.609155 0
    outer loop
      vertex -118.258 -112.305 4.8
      vertex -118.099 -112.098 4.8
      vertex -118.258 -112.305 6
    endloop
  endfacet
  facet normal 0.609155 -0.793051 0
    outer loop
      vertex -118.465 -112.464 6
      vertex -118.258 -112.305 4.8
      vertex -118.258 -112.305 6
    endloop
  endfacet
  facet normal 0.609155 -0.793051 0
    outer loop
      vertex -118.465 -112.464 4.8
      vertex -118.258 -112.305 4.8
      vertex -118.465 -112.464 6
    endloop
  endfacet
  facet normal 0.381902 -0.924203 0
    outer loop
      vertex -118.707 -112.564 6
      vertex -118.465 -112.464 4.8
      vertex -118.465 -112.464 6
    endloop
  endfacet
  facet normal 0.381902 -0.924203 0
    outer loop
      vertex -118.707 -112.564 4.8
      vertex -118.465 -112.464 4.8
      vertex -118.707 -112.564 6
    endloop
  endfacet
  facet normal 0.130653 -0.991428 0
    outer loop
      vertex -118.965 -112.598 6
      vertex -118.707 -112.564 4.8
      vertex -118.707 -112.564 6
    endloop
  endfacet
  facet normal 0.130653 -0.991428 0
    outer loop
      vertex -118.965 -112.598 4.8
      vertex -118.707 -112.564 4.8
      vertex -118.965 -112.598 6
    endloop
  endfacet
  facet normal 0.987741 -0.156103 0
    outer loop
      vertex -110.806 -90.6293 6
      vertex -110.766 -90.3762 4.8
      vertex -110.766 -90.3762 6
    endloop
  endfacet
  facet normal 0.987741 -0.156103 0
    outer loop
      vertex -110.806 -90.6293 4.8
      vertex -110.766 -90.3762 4.8
      vertex -110.806 -90.6293 6
    endloop
  endfacet
  facet normal 0.9157 -0.401862 0
    outer loop
      vertex -110.909 -90.864 6
      vertex -110.806 -90.6293 4.8
      vertex -110.806 -90.6293 6
    endloop
  endfacet
  facet normal 0.9157 -0.401862 0
    outer loop
      vertex -110.909 -90.864 4.8
      vertex -110.806 -90.6293 4.8
      vertex -110.909 -90.864 6
    endloop
  endfacet
  facet normal 0.783832 -0.620973 0
    outer loop
      vertex -111.068 -91.0647 6
      vertex -110.909 -90.864 4.8
      vertex -110.909 -90.864 6
    endloop
  endfacet
  facet normal 0.783832 -0.620973 0
    outer loop
      vertex -111.068 -91.0647 4.8
      vertex -110.909 -90.864 4.8
      vertex -111.068 -91.0647 6
    endloop
  endfacet
  facet normal 0.597756 -0.801678 0
    outer loop
      vertex -111.274 -91.2183 6
      vertex -111.068 -91.0647 4.8
      vertex -111.068 -91.0647 6
    endloop
  endfacet
  facet normal 0.597756 -0.801678 0
    outer loop
      vertex -111.274 -91.2183 4.8
      vertex -111.068 -91.0647 4.8
      vertex -111.274 -91.2183 6
    endloop
  endfacet
  facet normal 0.376775 -0.926305 0
    outer loop
      vertex -111.511 -91.3147 6
      vertex -111.274 -91.2183 4.8
      vertex -111.274 -91.2183 6
    endloop
  endfacet
  facet normal 0.376775 -0.926305 0
    outer loop
      vertex -111.511 -91.3147 4.8
      vertex -111.274 -91.2183 4.8
      vertex -111.511 -91.3147 6
    endloop
  endfacet
  facet normal 0.128454 -0.991715 0
    outer loop
      vertex -111.765 -91.3476 6
      vertex -111.511 -91.3147 4.8
      vertex -111.511 -91.3147 6
    endloop
  endfacet
  facet normal 0.128454 -0.991715 0
    outer loop
      vertex -111.765 -91.3476 4.8
      vertex -111.511 -91.3147 4.8
      vertex -111.765 -91.3476 6
    endloop
  endfacet
  facet normal -0.199577 -0.979882 0
    outer loop
      vertex -94.5035 -92.7747 6
      vertex -94.2477 -92.8268 4.8
      vertex -94.2477 -92.8268 6
    endloop
  endfacet
  facet normal -0.199577 -0.979882 0
    outer loop
      vertex -94.5035 -92.7747 4.8
      vertex -94.2477 -92.8268 4.8
      vertex -94.5035 -92.7747 6
    endloop
  endfacet
  facet normal -0.446294 -0.894886 0
    outer loop
      vertex -94.7371 -92.6582 6
      vertex -94.5035 -92.7747 4.8
      vertex -94.5035 -92.7747 6
    endloop
  endfacet
  facet normal -0.446294 -0.894886 0
    outer loop
      vertex -94.7371 -92.6582 4.8
      vertex -94.5035 -92.7747 4.8
      vertex -94.7371 -92.6582 6
    endloop
  endfacet
  facet normal -0.662483 -0.749077 0
    outer loop
      vertex -94.9326 -92.4853 6
      vertex -94.7371 -92.6582 4.8
      vertex -94.7371 -92.6582 6
    endloop
  endfacet
  facet normal -0.662483 -0.749077 0
    outer loop
      vertex -94.9326 -92.4853 4.8
      vertex -94.7371 -92.6582 4.8
      vertex -94.9326 -92.4853 6
    endloop
  endfacet
  facet normal -0.833873 -0.551957 0
    outer loop
      vertex -95.0767 -92.2676 6
      vertex -94.9326 -92.4853 4.8
      vertex -94.9326 -92.4853 6
    endloop
  endfacet
  facet normal -0.833873 -0.551957 0
    outer loop
      vertex -95.0767 -92.2676 4.8
      vertex -94.9326 -92.4853 4.8
      vertex -95.0767 -92.2676 6
    endloop
  endfacet
  facet normal -0.948261 -0.317491 0
    outer loop
      vertex -95.1596 -92.02 6
      vertex -95.0767 -92.2676 4.8
      vertex -95.0767 -92.2676 6
    endloop
  endfacet
  facet normal -0.948261 -0.317491 0
    outer loop
      vertex -95.1596 -92.02 4.8
      vertex -95.0767 -92.2676 4.8
      vertex -95.1596 -92.02 6
    endloop
  endfacet
  facet normal -0.998142 -0.0609231 0
    outer loop
      vertex -95.1755 -91.7595 6
      vertex -95.1596 -92.02 4.8
      vertex -95.1596 -92.02 6
    endloop
  endfacet
  facet normal -0.998142 -0.0609231 0
    outer loop
      vertex -95.1755 -91.7595 4.8
      vertex -95.1596 -92.02 4.8
      vertex -95.1755 -91.7595 6
    endloop
  endfacet
  facet normal -0.268039 -0.963408 0
    outer loop
      vertex -77.6012 -100.53 6
      vertex -77.3496 -100.6 4.8
      vertex -77.3496 -100.6 6
    endloop
  endfacet
  facet normal -0.268039 -0.963408 0
    outer loop
      vertex -77.6012 -100.53 4.8
      vertex -77.3496 -100.6 4.8
      vertex -77.6012 -100.53 6
    endloop
  endfacet
  facet normal -0.509026 -0.860751 0
    outer loop
      vertex -77.8261 -100.397 6
      vertex -77.6012 -100.53 4.8
      vertex -77.6012 -100.53 6
    endloop
  endfacet
  facet normal -0.509026 -0.860751 0
    outer loop
      vertex -77.8261 -100.397 4.8
      vertex -77.6012 -100.53 4.8
      vertex -77.8261 -100.397 6
    endloop
  endfacet
  facet normal -0.712832 -0.701335 0
    outer loop
      vertex -78.0091 -100.211 6
      vertex -77.8261 -100.397 4.8
      vertex -77.8261 -100.397 6
    endloop
  endfacet
  facet normal -0.712832 -0.701335 0
    outer loop
      vertex -78.0091 -100.211 4.8
      vertex -77.8261 -100.397 4.8
      vertex -78.0091 -100.211 6
    endloop
  endfacet
  facet normal -0.870427 -0.492297 0
    outer loop
      vertex -78.1376 -99.9838 6
      vertex -78.0091 -100.211 4.8
      vertex -78.0091 -100.211 6
    endloop
  endfacet
  facet normal -0.870427 -0.492297 0
    outer loop
      vertex -78.1376 -99.9838 4.8
      vertex -78.0091 -100.211 4.8
      vertex -78.1376 -99.9838 6
    endloop
  endfacet
  facet normal -0.968104 -0.25055 0
    outer loop
      vertex -78.203 -99.7311 6
      vertex -78.1376 -99.9838 4.8
      vertex -78.1376 -99.9838 6
    endloop
  endfacet
  facet normal -0.968104 -0.25055 0
    outer loop
      vertex -78.203 -99.7311 4.8
      vertex -78.1376 -99.9838 4.8
      vertex -78.203 -99.7311 6
    endloop
  endfacet
  facet normal -0.999961 0.00881192 0
    outer loop
      vertex -78.2007 -99.4701 6
      vertex -78.203 -99.7311 4.8
      vertex -78.203 -99.7311 6
    endloop
  endfacet
  facet normal -0.999961 0.00881192 0
    outer loop
      vertex -78.2007 -99.4701 4.8
      vertex -78.203 -99.7311 4.8
      vertex -78.2007 -99.4701 6
    endloop
  endfacet
  facet normal -0.139167 -0.990269 -0
    outer loop
      vertex -59.5248 -103.105 6
      vertex -77.3496 -100.6 4.8
      vertex -59.5248 -103.105 4.8
    endloop
  endfacet
  facet normal -0.139167 -0.990269 -0
    outer loop
      vertex -77.3496 -100.6 6
      vertex -77.3496 -100.6 4.8
      vertex -59.5248 -103.105 6
    endloop
  endfacet
  facet normal 0.963441 -0.267921 0
    outer loop
      vertex -58.4651 -102.505 6
      vertex -58.3953 -102.254 4.8
      vertex -58.3953 -102.254 6
    endloop
  endfacet
  facet normal 0.963441 -0.267921 0
    outer loop
      vertex -58.4651 -102.505 4.8
      vertex -58.3953 -102.254 4.8
      vertex -58.4651 -102.505 6
    endloop
  endfacet
  facet normal 0.861688 -0.507438 0
    outer loop
      vertex -58.5976 -102.73 6
      vertex -58.4651 -102.505 4.8
      vertex -58.4651 -102.505 6
    endloop
  endfacet
  facet normal 0.861688 -0.507438 0
    outer loop
      vertex -58.5976 -102.73 4.8
      vertex -58.4651 -102.505 4.8
      vertex -58.5976 -102.73 6
    endloop
  endfacet
  facet normal 0.700952 -0.713209 0
    outer loop
      vertex -58.7838 -102.913 6
      vertex -58.5976 -102.73 4.8
      vertex -58.5976 -102.73 6
    endloop
  endfacet
  facet normal 0.700952 -0.713209 0
    outer loop
      vertex -58.7838 -102.913 4.8
      vertex -58.5976 -102.73 4.8
      vertex -58.7838 -102.913 6
    endloop
  endfacet
  facet normal 0.493746 -0.869606 0
    outer loop
      vertex -59.011 -103.042 6
      vertex -58.7838 -102.913 4.8
      vertex -58.7838 -102.913 6
    endloop
  endfacet
  facet normal 0.493746 -0.869606 0
    outer loop
      vertex -59.011 -103.042 4.8
      vertex -58.7838 -102.913 4.8
      vertex -59.011 -103.042 6
    endloop
  endfacet
  facet normal 0.249113 -0.968474 0
    outer loop
      vertex -59.2637 -103.107 6
      vertex -59.011 -103.042 4.8
      vertex -59.011 -103.042 6
    endloop
  endfacet
  facet normal 0.249113 -0.968474 0
    outer loop
      vertex -59.2637 -103.107 4.8
      vertex -59.011 -103.042 4.8
      vertex -59.2637 -103.107 6
    endloop
  endfacet
  facet normal -0.00765968 -0.999971 0
    outer loop
      vertex -59.5248 -103.105 6
      vertex -59.2637 -103.107 4.8
      vertex -59.2637 -103.107 6
    endloop
  endfacet
  facet normal -0.00765968 -0.999971 0
    outer loop
      vertex -59.5248 -103.105 4.8
      vertex -59.2637 -103.107 4.8
      vertex -59.5248 -103.105 6
    endloop
  endfacet
  facet normal 0.990269 -0.139166 0
    outer loop
      vertex -57.0175 -92.4499 6
      vertex -58.3953 -102.254 4.8
      vertex -57.0175 -92.4499 4.8
    endloop
  endfacet
  facet normal 0.990269 -0.139166 0
    outer loop
      vertex -58.3953 -102.254 6
      vertex -58.3953 -102.254 4.8
      vertex -57.0175 -92.4499 6
    endloop
  endfacet
  facet normal 0.990268 -0.139171 0
    outer loop
      vertex -54.0949 -71.6542 6
      vertex -57.0175 -92.4499 4.8
      vertex -54.0949 -71.6542 4.8
    endloop
  endfacet
  facet normal 0.990268 -0.139171 0
    outer loop
      vertex -57.0175 -92.4499 6
      vertex -57.0175 -92.4499 4.8
      vertex -54.0949 -71.6542 6
    endloop
  endfacet
  facet normal 0.990268 -0.139175 0
    outer loop
      vertex -51.2975 -51.7499 6
      vertex -54.0949 -71.6542 4.8
      vertex -51.2975 -51.7499 4.8
    endloop
  endfacet
  facet normal 0.990268 -0.139175 0
    outer loop
      vertex -54.0949 -71.6542 6
      vertex -54.0949 -71.6542 4.8
      vertex -51.2975 -51.7499 6
    endloop
  endfacet
  facet normal 0.267328 0.963606 0
    outer loop
      vertex -51.897 -50.6902 6
      vertex -52.1486 -50.6204 4.8
      vertex -52.1486 -50.6204 6
    endloop
  endfacet
  facet normal 0.267328 0.963606 -0
    outer loop
      vertex -51.897 -50.6902 4.8
      vertex -52.1486 -50.6204 4.8
      vertex -51.897 -50.6902 6
    endloop
  endfacet
  facet normal 0.507606 0.861589 0
    outer loop
      vertex -51.6721 -50.8227 6
      vertex -51.897 -50.6902 4.8
      vertex -51.897 -50.6902 6
    endloop
  endfacet
  facet normal 0.507606 0.861589 -0
    outer loop
      vertex -51.6721 -50.8227 4.8
      vertex -51.897 -50.6902 4.8
      vertex -51.6721 -50.8227 6
    endloop
  endfacet
  facet normal 0.713209 0.700952 0
    outer loop
      vertex -51.4891 -51.0089 6
      vertex -51.6721 -50.8227 4.8
      vertex -51.6721 -50.8227 6
    endloop
  endfacet
  facet normal 0.713209 0.700952 -0
    outer loop
      vertex -51.4891 -51.0089 4.8
      vertex -51.6721 -50.8227 4.8
      vertex -51.4891 -51.0089 6
    endloop
  endfacet
  facet normal 0.870427 0.492297 0
    outer loop
      vertex -51.3606 -51.2361 6
      vertex -51.4891 -51.0089 4.8
      vertex -51.4891 -51.0089 6
    endloop
  endfacet
  facet normal 0.870427 0.492297 -0
    outer loop
      vertex -51.3606 -51.2361 4.8
      vertex -51.4891 -51.0089 4.8
      vertex -51.3606 -51.2361 6
    endloop
  endfacet
  facet normal 0.968104 0.25055 0
    outer loop
      vertex -51.2952 -51.4888 6
      vertex -51.3606 -51.2361 4.8
      vertex -51.3606 -51.2361 6
    endloop
  endfacet
  facet normal 0.968104 0.25055 -0
    outer loop
      vertex -51.2952 -51.4888 4.8
      vertex -51.3606 -51.2361 4.8
      vertex -51.2952 -51.4888 6
    endloop
  endfacet
  facet normal 0.999961 -0.00880854 0
    outer loop
      vertex -51.2975 -51.7499 6
      vertex -51.2952 -51.4888 4.8
      vertex -51.2952 -51.4888 6
    endloop
  endfacet
  facet normal 0.999961 -0.00880854 0
    outer loop
      vertex -51.2975 -51.7499 4.8
      vertex -51.2952 -51.4888 4.8
      vertex -51.2975 -51.7499 6
    endloop
  endfacet
  facet normal 0.0697558 0.997564 -0
    outer loop
      vertex -71.4862 -41.289 4.8
      vertex -90.5506 -39.9559 6
      vertex -71.4862 -41.289 6
    endloop
  endfacet
  facet normal 0.0697558 0.997564 -0
    outer loop
      vertex -90.5506 -39.9559 4.8
      vertex -90.5506 -39.9559 6
      vertex -71.4862 -41.289 4.8
    endloop
  endfacet
  facet normal 0 0 -1
    outer loop
      vertex -163.371 -104.836 4.8
      vertex -158.5 -108.8 4.8
      vertex -158.463 -109.085 4.8
    endloop
  endfacet
  facet normal -0 0 -1
    outer loop
      vertex -158.463 -108.515 4.8
      vertex -158.5 -108.8 4.8
      vertex -163.371 -104.836 4.8
    endloop
  endfacet
  facet normal -0 0 -1
    outer loop
      vertex -158.353 -108.25 4.8
      vertex -158.463 -108.515 4.8
      vertex -163.371 -104.836 4.8
    endloop
  endfacet
  facet normal 0 0 -1
    outer loop
      vertex -163.371 -104.836 4.8
      vertex -158.178 -108.022 4.8
      vertex -158.353 -108.25 4.8
    endloop
  endfacet
  facet normal -0 0 -1
    outer loop
      vertex -157.95 -107.847 4.8
      vertex -158.178 -108.022 4.8
      vertex -163.371 -104.836 4.8
    endloop
  endfacet
  facet normal -0 0 -1
    outer loop
      vertex -157.685 -107.737 4.8
      vertex -157.95 -107.847 4.8
      vertex -163.371 -104.836 4.8
    endloop
  endfacet
  facet normal 0 0 -1
    outer loop
      vertex -156.051 -101.803 4.8
      vertex -157.685 -107.737 4.8
      vertex -163.371 -104.836 4.8
    endloop
  endfacet
  facet normal -0 0 -1
    outer loop
      vertex -157.4 -107.7 4.8
      vertex -157.685 -107.737 4.8
      vertex -156.051 -101.803 4.8
    endloop
  endfacet
  facet normal 0 0 -1
    outer loop
      vertex -157.115 -107.737 4.8
      vertex -157.4 -107.7 4.8
      vertex -156.051 -101.803 4.8
    endloop
  endfacet
  facet normal 0 0 -1
    outer loop
      vertex -156.051 -101.803 4.8
      vertex -156.85 -107.847 4.8
      vertex -157.115 -107.737 4.8
    endloop
  endfacet
  facet normal 0 0 -1
    outer loop
      vertex -156.622 -108.022 4.8
      vertex -156.85 -107.847 4.8
      vertex -156.051 -101.803 4.8
    endloop
  endfacet
  facet normal 0 0 -1
    outer loop
      vertex -156.447 -108.25 4.8
      vertex -156.622 -108.022 4.8
      vertex -156.051 -101.803 4.8
    endloop
  endfacet
  facet normal 0 0 -1
    outer loop
      vertex -156.051 -101.803 4.8
      vertex -156.337 -108.515 4.8
      vertex -156.447 -108.25 4.8
    endloop
  endfacet
  facet normal 0 0 -1
    outer loop
      vertex -152.997 -113.201 4.8
      vertex -156.337 -108.515 4.8
      vertex -156.051 -101.803 4.8
    endloop
  endfacet
  facet normal 0 0 -1
    outer loop
      vertex -156.3 -108.8 4.8
      vertex -156.337 -108.515 4.8
      vertex -152.997 -113.201 4.8
    endloop
  endfacet
  facet normal 0 0 -1
    outer loop
      vertex -156.337 -109.085 4.8
      vertex -156.3 -108.8 4.8
      vertex -152.997 -113.201 4.8
    endloop
  endfacet
  facet normal 0 0 -1
    outer loop
      vertex -152.997 -113.201 4.8
      vertex -156.447 -109.35 4.8
      vertex -156.337 -109.085 4.8
    endloop
  endfacet
  facet normal 0 0 -1
    outer loop
      vertex -156.622 -109.578 4.8
      vertex -156.447 -109.35 4.8
      vertex -152.997 -113.201 4.8
    endloop
  endfacet
  facet normal 0 0 -1
    outer loop
      vertex -156.85 -109.753 4.8
      vertex -156.622 -109.578 4.8
      vertex -152.997 -113.201 4.8
    endloop
  endfacet
  facet normal 0 0 -1
    outer loop
      vertex -152.997 -113.201 4.8
      vertex -157.115 -109.863 4.8
      vertex -156.85 -109.753 4.8
    endloop
  endfacet
  facet normal 0 0 -1
    outer loop
      vertex -157.471 -115.055 4.8
      vertex -157.115 -109.863 4.8
      vertex -152.997 -113.201 4.8
    endloop
  endfacet
  facet normal -0 0 -1
    outer loop
      vertex -152.897 -113.443 4.8
      vertex -157.471 -115.055 4.8
      vertex -152.997 -113.201 4.8
    endloop
  endfacet
  facet normal -0 0 -1
    outer loop
      vertex -152.738 -113.65 4.8
      vertex -157.471 -115.055 4.8
      vertex -152.897 -113.443 4.8
    endloop
  endfacet
  facet normal 0 0 -1
    outer loop
      vertex -157.371 -115.296 4.8
      vertex -157.471 -115.055 4.8
      vertex -152.738 -113.65 4.8
    endloop
  endfacet
  facet normal -0 0 -1
    outer loop
      vertex -152.531 -113.809 4.8
      vertex -157.371 -115.296 4.8
      vertex -152.738 -113.65 4.8
    endloop
  endfacet
  facet normal 0 0 -1
    outer loop
      vertex -153.408 -117.042 4.8
      vertex -157.371 -115.296 4.8
      vertex -152.531 -113.809 4.8
    endloop
  endfacet
  facet normal -0 0 -1
    outer loop
      vertex -153.327 -117.017 4.8
      vertex -153.408 -117.042 4.8
      vertex -152.531 -113.809 4.8
    endloop
  endfacet
  facet normal 0 0 -1
    outer loop
      vertex -157.471 -115.055 4.8
      vertex -157.4 -109.9 4.8
      vertex -157.115 -109.863 4.8
    endloop
  endfacet
  facet normal 0 0 -1
    outer loop
      vertex -157.685 -109.863 4.8
      vertex -157.4 -109.9 4.8
      vertex -157.471 -115.055 4.8
    endloop
  endfacet
  facet normal 0 0 -1
    outer loop
      vertex -157.95 -109.753 4.8
      vertex -157.685 -109.863 4.8
      vertex -157.471 -115.055 4.8
    endloop
  endfacet
  facet normal 0 0 -1
    outer loop
      vertex -157.471 -115.055 4.8
      vertex -158.178 -109.578 4.8
      vertex -157.95 -109.753 4.8
    endloop
  endfacet
  facet normal 0 0 -1
    outer loop
      vertex -158.353 -109.35 4.8
      vertex -158.178 -109.578 4.8
      vertex -157.471 -115.055 4.8
    endloop
  endfacet
  facet normal 0 0 -1
    outer loop
      vertex -163.371 -104.836 4.8
      vertex -158.353 -109.35 4.8
      vertex -157.471 -115.055 4.8
    endloop
  endfacet
  facet normal -0 -0 -1
    outer loop
      vertex -158.463 -109.085 4.8
      vertex -158.353 -109.35 4.8
      vertex -163.371 -104.836 4.8
    endloop
  endfacet
  facet normal -0 0 -1
    outer loop
      vertex -71.4862 -41.289 4.8
      vertex -75.8683 -43.5889 4.8
      vertex -90.5506 -39.9559 4.8
    endloop
  endfacet
  facet normal 0 0 -1
    outer loop
      vertex -75.6124 -43.641 4.8
      vertex -75.8683 -43.5889 4.8
      vertex -71.4862 -41.289 4.8
    endloop
  endfacet
  facet normal 0 0 -1
    outer loop
      vertex -75.3788 -43.7574 4.8
      vertex -75.6124 -43.641 4.8
      vertex -71.4862 -41.289 4.8
    endloop
  endfacet
  facet normal -0 -0 -1
    outer loop
      vertex -90.5506 -39.9559 4.8
      vertex -88.5383 -43.2042 4.8
      vertex -91.1496 -39.8164 4.8
    endloop
  endfacet
  facet normal -0 0 -1
    outer loop
      vertex -88.3653 -43.0086 4.8
      vertex -88.5383 -43.2042 4.8
      vertex -90.5506 -39.9559 4.8
    endloop
  endfacet
  facet normal -0 0 -1
    outer loop
      vertex -88.1476 -42.8646 4.8
      vertex -88.3653 -43.0086 4.8
      vertex -90.5506 -39.9559 4.8
    endloop
  endfacet
  facet normal -0 -0 -1
    outer loop
      vertex -91.1496 -39.8164 4.8
      vertex -88.7068 -43.6936 4.8
      vertex -91.6964 -39.5348 4.8
    endloop
  endfacet
  facet normal -0 0 -1
    outer loop
      vertex -88.6548 -43.4378 4.8
      vertex -88.7068 -43.6936 4.8
      vertex -91.1496 -39.8164 4.8
    endloop
  endfacet
  facet normal -0 0 -1
    outer loop
      vertex -88.5383 -43.2042 4.8
      vertex -88.6548 -43.4378 4.8
      vertex -91.1496 -39.8164 4.8
    endloop
  endfacet
  facet normal 0 0 -1
    outer loop
      vertex -91.6964 -39.5348 4.8
      vertex -95.8654 -38.5476 4.8
      vertex -92.158 -39.1283 4.8
    endloop
  endfacet
  facet normal 0 0 -1
    outer loop
      vertex -95.8654 -50.3476 4.8
      vertex -95.8654 -38.5476 4.8
      vertex -91.6964 -39.5348 4.8
    endloop
  endfacet
  facet normal -0 0 -1
    outer loop
      vertex -88.7068 -43.6936 4.8
      vertex -95.8654 -50.3476 4.8
      vertex -91.6964 -39.5348 4.8
    endloop
  endfacet
  facet normal 0 0 -1
    outer loop
      vertex -92.7654 -51.3476 4.8
      vertex -95.8654 -50.3476 4.8
      vertex -88.7068 -43.6936 4.8
    endloop
  endfacet
  facet normal 0 0 -1
    outer loop
      vertex -92.4807 -51.3851 4.8
      vertex -92.7654 -51.3476 4.8
      vertex -88.7068 -43.6936 4.8
    endloop
  endfacet
  facet normal 0 0 -1
    outer loop
      vertex -95.8654 -38.5476 4.8
      vertex -92.5063 -38.6214 4.8
      vertex -92.158 -39.1283 4.8
    endloop
  endfacet
  facet normal 0 -0 -1
    outer loop
      vertex -92.7203 -38.0448 4.8
      vertex -92.5063 -38.6214 4.8
      vertex -95.8654 -38.5476 4.8
    endloop
  endfacet
  facet normal 0 0 -1
    outer loop
      vertex -95.8995 -38.2888 4.8
      vertex -92.7203 -38.0448 4.8
      vertex -95.8654 -38.5476 4.8
    endloop
  endfacet
  facet normal 0 0 -1
    outer loop
      vertex -95.9994 -38.0476 4.8
      vertex -92.7203 -38.0448 4.8
      vertex -95.8995 -38.2888 4.8
    endloop
  endfacet
  facet normal 0 -0 -1
    outer loop
      vertex -92.787 -37.4333 4.8
      vertex -92.7203 -38.0448 4.8
      vertex -95.9994 -38.0476 4.8
    endloop
  endfacet
  facet normal 0 0 -1
    outer loop
      vertex -96.1583 -37.8405 4.8
      vertex -92.787 -37.4333 4.8
      vertex -95.9994 -38.0476 4.8
    endloop
  endfacet
  facet normal 0 0 -1
    outer loop
      vertex -96.3654 -37.6816 4.8
      vertex -92.787 -37.4333 4.8
      vertex -96.1583 -37.8405 4.8
    endloop
  endfacet
  facet normal 0 0 -1
    outer loop
      vertex -92.7508 -34.9476 4.8
      vertex -92.787 -37.4333 4.8
      vertex -96.3654 -37.6816 4.8
    endloop
  endfacet
  facet normal 0 0 -1
    outer loop
      vertex -96.6066 -37.5817 4.8
      vertex -92.7508 -34.9476 4.8
      vertex -96.3654 -37.6816 4.8
    endloop
  endfacet
  facet normal 0 0 -1
    outer loop
      vertex -96.8654 -37.5476 4.8
      vertex -92.7508 -34.9476 4.8
      vertex -96.6066 -37.5817 4.8
    endloop
  endfacet
  facet normal 0 0 -1
    outer loop
      vertex -111.765 -34.9476 4.8
      vertex -92.7508 -34.9476 4.8
      vertex -96.8654 -37.5476 4.8
    endloop
  endfacet
  facet normal 0 0 -1
    outer loop
      vertex -108.665 -37.5476 4.8
      vertex -111.765 -34.9476 4.8
      vertex -96.8654 -37.5476 4.8
    endloop
  endfacet
  facet normal 0 0 -1
    outer loop
      vertex -108.924 -37.5817 4.8
      vertex -111.765 -34.9476 4.8
      vertex -108.665 -37.5476 4.8
    endloop
  endfacet
  facet normal 0 0 -1
    outer loop
      vertex -109.165 -37.6816 4.8
      vertex -111.765 -34.9476 4.8
      vertex -108.924 -37.5817 4.8
    endloop
  endfacet
  facet normal 0 0 -1
    outer loop
      vertex -112.765 -35.919 4.8
      vertex -111.765 -34.9476 4.8
      vertex -109.165 -37.6816 4.8
    endloop
  endfacet
  facet normal 0 0 -1
    outer loop
      vertex -112.865 -36.5519 4.8
      vertex -112.765 -35.919 4.8
      vertex -109.165 -37.6816 4.8
    endloop
  endfacet
  facet normal 0 0 -1
    outer loop
      vertex -111.765 -34.9476 4.8
      vertex -112.257 -35.0768 4.8
      vertex -112.02 -34.9804 4.8
    endloop
  endfacet
  facet normal 0 0 -1
    outer loop
      vertex -112.462 -35.2304 4.8
      vertex -112.257 -35.0768 4.8
      vertex -111.765 -34.9476 4.8
    endloop
  endfacet
  facet normal 0 0 -1
    outer loop
      vertex -112.622 -35.4312 4.8
      vertex -112.462 -35.2304 4.8
      vertex -111.765 -34.9476 4.8
    endloop
  endfacet
  facet normal 0 0 -1
    outer loop
      vertex -111.765 -34.9476 4.8
      vertex -112.725 -35.6658 4.8
      vertex -112.622 -35.4312 4.8
    endloop
  endfacet
  facet normal 0 0 -1
    outer loop
      vertex -112.765 -35.919 4.8
      vertex -112.725 -35.6658 4.8
      vertex -111.765 -34.9476 4.8
    endloop
  endfacet
  facet normal 0 0 -1
    outer loop
      vertex -109.372 -37.8405 4.8
      vertex -112.865 -36.5519 4.8
      vertex -109.165 -37.6816 4.8
    endloop
  endfacet
  facet normal 0 0 -1
    outer loop
      vertex -113.123 -37.1386 4.8
      vertex -112.865 -36.5519 4.8
      vertex -109.372 -37.8405 4.8
    endloop
  endfacet
  facet normal 0 0 -1
    outer loop
      vertex -109.531 -38.0476 4.8
      vertex -113.123 -37.1386 4.8
      vertex -109.372 -37.8405 4.8
    endloop
  endfacet
  facet normal 0 0 -1
    outer loop
      vertex -109.631 -38.2888 4.8
      vertex -113.123 -37.1386 4.8
      vertex -109.531 -38.0476 4.8
    endloop
  endfacet
  facet normal 0 0 -1
    outer loop
      vertex -113.522 -37.6404 4.8
      vertex -113.123 -37.1386 4.8
      vertex -109.631 -38.2888 4.8
    endloop
  endfacet
  facet normal 0 0 -1
    outer loop
      vertex -109.665 -38.5476 4.8
      vertex -113.522 -37.6404 4.8
      vertex -109.631 -38.2888 4.8
    endloop
  endfacet
  facet normal 0 0 -1
    outer loop
      vertex -114.035 -38.0244 4.8
      vertex -113.522 -37.6404 4.8
      vertex -109.665 -38.5476 4.8
    endloop
  endfacet
  facet normal 0 0 -1
    outer loop
      vertex -114.365 -41.0816 4.8
      vertex -114.035 -38.0244 4.8
      vertex -109.665 -38.5476 4.8
    endloop
  endfacet
  facet normal 0 0 -1
    outer loop
      vertex -114.628 -38.2654 4.8
      vertex -114.035 -38.0244 4.8
      vertex -114.365 -41.0816 4.8
    endloop
  endfacet
  facet normal 0 0 -1
    outer loop
      vertex -114.607 -40.9817 4.8
      vertex -114.628 -38.2654 4.8
      vertex -114.365 -41.0816 4.8
    endloop
  endfacet
  facet normal 0 0 -1
    outer loop
      vertex -114.865 -40.9476 4.8
      vertex -114.628 -38.2654 4.8
      vertex -114.607 -40.9817 4.8
    endloop
  endfacet
  facet normal 0 0 -1
    outer loop
      vertex -115.264 -38.3476 4.8
      vertex -114.628 -38.2654 4.8
      vertex -114.865 -40.9476 4.8
    endloop
  endfacet
  facet normal 0 0 -1
    outer loop
      vertex -126.665 -40.9476 4.8
      vertex -115.264 -38.3476 4.8
      vertex -114.865 -40.9476 4.8
    endloop
  endfacet
  facet normal 0 0 -1
    outer loop
      vertex -129.765 -38.3476 4.8
      vertex -115.264 -38.3476 4.8
      vertex -126.665 -40.9476 4.8
    endloop
  endfacet
  facet normal 0 0 -1
    outer loop
      vertex -126.924 -40.9817 4.8
      vertex -129.765 -38.3476 4.8
      vertex -126.665 -40.9476 4.8
    endloop
  endfacet
  facet normal 0 0 -1
    outer loop
      vertex -127.165 -41.0816 4.8
      vertex -129.765 -38.3476 4.8
      vertex -126.924 -40.9817 4.8
    endloop
  endfacet
  facet normal 0 0 -1
    outer loop
      vertex -130.728 -39.0761 4.8
      vertex -129.765 -38.3476 4.8
      vertex -127.165 -41.0816 4.8
    endloop
  endfacet
  facet normal 0 0 -1
    outer loop
      vertex -130.982 -39.6702 4.8
      vertex -130.728 -39.0761 4.8
      vertex -127.165 -41.0816 4.8
    endloop
  endfacet
  facet normal 0 0 -1
    outer loop
      vertex -129.765 -38.3476 4.8
      vertex -130.261 -38.479 4.8
      vertex -130.022 -38.381 4.8
    endloop
  endfacet
  facet normal 0 0 -1
    outer loop
      vertex -130.467 -38.6349 4.8
      vertex -130.261 -38.479 4.8
      vertex -129.765 -38.3476 4.8
    endloop
  endfacet
  facet normal 0 0 -1
    outer loop
      vertex -130.626 -38.8385 4.8
      vertex -130.467 -38.6349 4.8
      vertex -129.765 -38.3476 4.8
    endloop
  endfacet
  facet normal 0 0 -1
    outer loop
      vertex -129.765 -38.3476 4.8
      vertex -130.728 -39.0761 4.8
      vertex -130.626 -38.8385 4.8
    endloop
  endfacet
  facet normal 0 -0 -1
    outer loop
      vertex -130.982 -39.6702 4.8
      vertex -127.531 -41.4476 4.8
      vertex -131.38 -40.1792 4.8
    endloop
  endfacet
  facet normal -0 0 -1
    outer loop
      vertex -127.372 -41.2405 4.8
      vertex -127.531 -41.4476 4.8
      vertex -130.982 -39.6702 4.8
    endloop
  endfacet
  facet normal -0 0 -1
    outer loop
      vertex -127.165 -41.0816 4.8
      vertex -127.372 -41.2405 4.8
      vertex -130.982 -39.6702 4.8
    endloop
  endfacet
  facet normal 0 0 -1
    outer loop
      vertex -127.631 -41.6888 4.8
      vertex -131.38 -40.1792 4.8
      vertex -127.531 -41.4476 4.8
    endloop
  endfacet
  facet normal 0 0 -1
    outer loop
      vertex -131.895 -40.5691 4.8
      vertex -131.38 -40.1792 4.8
      vertex -127.631 -41.6888 4.8
    endloop
  endfacet
  facet normal 0 0 -1
    outer loop
      vertex -127.665 -41.9476 4.8
      vertex -131.895 -40.5691 4.8
      vertex -127.631 -41.6888 4.8
    endloop
  endfacet
  facet normal 0 0 -1
    outer loop
      vertex -132.365 -43.6316 4.8
      vertex -131.895 -40.5691 4.8
      vertex -127.665 -41.9476 4.8
    endloop
  endfacet
  facet normal 0 0 -1
    outer loop
      vertex -132.158 -43.7905 4.8
      vertex -132.365 -43.6316 4.8
      vertex -127.665 -41.9476 4.8
    endloop
  endfacet
  facet normal 0 0 -1
    outer loop
      vertex -132.365 -43.6316 4.8
      vertex -132.493 -40.8141 4.8
      vertex -131.895 -40.5691 4.8
    endloop
  endfacet
  facet normal 0 0 -1
    outer loop
      vertex -132.607 -43.5317 4.8
      vertex -132.493 -40.8141 4.8
      vertex -132.365 -43.6316 4.8
    endloop
  endfacet
  facet normal 0 0 -1
    outer loop
      vertex -132.865 -43.4976 4.8
      vertex -132.493 -40.8141 4.8
      vertex -132.607 -43.5317 4.8
    endloop
  endfacet
  facet normal 0 0 -1
    outer loop
      vertex -133.134 -40.8976 4.8
      vertex -132.493 -40.8141 4.8
      vertex -132.865 -43.4976 4.8
    endloop
  endfacet
  facet normal 0 0 -1
    outer loop
      vertex -144.665 -43.4976 4.8
      vertex -133.134 -40.8976 4.8
      vertex -132.865 -43.4976 4.8
    endloop
  endfacet
  facet normal 0 0 -1
    outer loop
      vertex -147.765 -40.8976 4.8
      vertex -133.134 -40.8976 4.8
      vertex -144.665 -43.4976 4.8
    endloop
  endfacet
  facet normal 0 0 -1
    outer loop
      vertex -144.924 -43.5317 4.8
      vertex -147.765 -40.8976 4.8
      vertex -144.665 -43.4976 4.8
    endloop
  endfacet
  facet normal 0 0 -1
    outer loop
      vertex -145.165 -43.6316 4.8
      vertex -147.765 -40.8976 4.8
      vertex -144.924 -43.5317 4.8
    endloop
  endfacet
  facet normal 0 0 -1
    outer loop
      vertex -148.765 -41.8976 4.8
      vertex -147.765 -40.8976 4.8
      vertex -145.165 -43.6316 4.8
    endloop
  endfacet
  facet normal 0 0 -1
    outer loop
      vertex -145.372 -43.7905 4.8
      vertex -148.765 -41.8976 4.8
      vertex -145.165 -43.6316 4.8
    endloop
  endfacet
  facet normal 0 0 -1
    outer loop
      vertex -145.531 -43.9976 4.8
      vertex -148.765 -41.8976 4.8
      vertex -145.372 -43.7905 4.8
    endloop
  endfacet
  facet normal 0 0 -1
    outer loop
      vertex -145.631 -44.2388 4.8
      vertex -148.765 -41.8976 4.8
      vertex -145.531 -43.9976 4.8
    endloop
  endfacet
  facet normal 0 0 -1
    outer loop
      vertex -145.665 -44.4976 4.8
      vertex -148.765 -41.8976 4.8
      vertex -145.631 -44.2388 4.8
    endloop
  endfacet
  facet normal 0 0 -1
    outer loop
      vertex -145.665 -56.2976 4.8
      vertex -148.765 -41.8976 4.8
      vertex -145.665 -44.4976 4.8
    endloop
  endfacet
  facet normal 0 0 -1
    outer loop
      vertex -145.665 -61.4976 4.8
      vertex -148.765 -41.8976 4.8
      vertex -145.665 -56.2976 4.8
    endloop
  endfacet
  facet normal -0 0 -1
    outer loop
      vertex -145.631 -56.5564 4.8
      vertex -145.665 -61.4976 4.8
      vertex -145.665 -56.2976 4.8
    endloop
  endfacet
  facet normal -0 0 -1
    outer loop
      vertex -145.631 -61.2388 4.8
      vertex -145.665 -61.4976 4.8
      vertex -145.631 -56.5564 4.8
    endloop
  endfacet
  facet normal -0 0 -1
    outer loop
      vertex -145.531 -56.7976 4.8
      vertex -145.631 -61.2388 4.8
      vertex -145.631 -56.5564 4.8
    endloop
  endfacet
  facet normal -0 0 -1
    outer loop
      vertex -145.531 -60.9976 4.8
      vertex -145.631 -61.2388 4.8
      vertex -145.531 -56.7976 4.8
    endloop
  endfacet
  facet normal -0 0 -1
    outer loop
      vertex -145.372 -57.0047 4.8
      vertex -145.531 -60.9976 4.8
      vertex -145.531 -56.7976 4.8
    endloop
  endfacet
  facet normal -0 0 -1
    outer loop
      vertex -145.372 -60.7905 4.8
      vertex -145.531 -60.9976 4.8
      vertex -145.372 -57.0047 4.8
    endloop
  endfacet
  facet normal -0 0 -1
    outer loop
      vertex -145.165 -57.1636 4.8
      vertex -145.372 -60.7905 4.8
      vertex -145.372 -57.0047 4.8
    endloop
  endfacet
  facet normal -0 0 -1
    outer loop
      vertex -145.165 -60.6316 4.8
      vertex -145.372 -60.7905 4.8
      vertex -145.165 -57.1636 4.8
    endloop
  endfacet
  facet normal -0 0 -1
    outer loop
      vertex -144.924 -57.2635 4.8
      vertex -145.165 -60.6316 4.8
      vertex -145.165 -57.1636 4.8
    endloop
  endfacet
  facet normal -0 0 -1
    outer loop
      vertex -144.924 -60.5317 4.8
      vertex -145.165 -60.6316 4.8
      vertex -144.924 -57.2635 4.8
    endloop
  endfacet
  facet normal -0 0 -1
    outer loop
      vertex -144.665 -57.2976 4.8
      vertex -144.924 -60.5317 4.8
      vertex -144.924 -57.2635 4.8
    endloop
  endfacet
  facet normal -0 0 -1
    outer loop
      vertex -144.665 -60.4976 4.8
      vertex -144.924 -60.5317 4.8
      vertex -144.665 -57.2976 4.8
    endloop
  endfacet
  facet normal 0 0 -1
    outer loop
      vertex -132.865 -60.4976 4.8
      vertex -144.665 -60.4976 4.8
      vertex -144.665 -57.2976 4.8
    endloop
  endfacet
  facet normal 0 0 -1
    outer loop
      vertex -147.765 -40.8976 4.8
      vertex -148.265 -41.0316 4.8
      vertex -148.024 -40.9317 4.8
    endloop
  endfacet
  facet normal 0 0 -1
    outer loop
      vertex -148.473 -41.1905 4.8
      vertex -148.265 -41.0316 4.8
      vertex -147.765 -40.8976 4.8
    endloop
  endfacet
  facet normal 0 0 -1
    outer loop
      vertex -148.631 -41.3976 4.8
      vertex -148.473 -41.1905 4.8
      vertex -147.765 -40.8976 4.8
    endloop
  endfacet
  facet normal 0 0 -1
    outer loop
      vertex -147.765 -40.8976 4.8
      vertex -148.731 -41.6388 4.8
      vertex -148.631 -41.3976 4.8
    endloop
  endfacet
  facet normal 0 0 -1
    outer loop
      vertex -148.765 -41.8976 4.8
      vertex -148.731 -41.6388 4.8
      vertex -147.765 -40.8976 4.8
    endloop
  endfacet
  facet normal -0 0 -1
    outer loop
      vertex -145.665 -61.4976 4.8
      vertex -148.765 -92.6128 4.8
      vertex -148.765 -41.8976 4.8
    endloop
  endfacet
  facet normal -0 0 -1
    outer loop
      vertex -145.665 -73.2976 4.8
      vertex -148.765 -92.6128 4.8
      vertex -145.665 -61.4976 4.8
    endloop
  endfacet
  facet normal -0 0 -1
    outer loop
      vertex -145.665 -78.4976 4.8
      vertex -148.765 -92.6128 4.8
      vertex -145.665 -73.2976 4.8
    endloop
  endfacet
  facet normal -0 0 -1
    outer loop
      vertex -145.631 -78.2388 4.8
      vertex -145.665 -78.4976 4.8
      vertex -145.665 -73.2976 4.8
    endloop
  endfacet
  facet normal 0 -0 -1
    outer loop
      vertex -148.765 -92.6128 4.8
      vertex -144.924 -91.2635 4.8
      vertex -148.817 -93.0656 4.8
    endloop
  endfacet
  facet normal 0 -0 -1
    outer loop
      vertex -145.165 -91.1636 4.8
      vertex -144.924 -91.2635 4.8
      vertex -148.765 -92.6128 4.8
    endloop
  endfacet
  facet normal 0 -0 -1
    outer loop
      vertex -145.372 -91.0047 4.8
      vertex -145.165 -91.1636 4.8
      vertex -148.765 -92.6128 4.8
    endloop
  endfacet
  facet normal -0 0 -1
    outer loop
      vertex -144.665 -91.2976 4.8
      vertex -148.817 -93.0656 4.8
      vertex -144.924 -91.2635 4.8
    endloop
  endfacet
  facet normal 0 0 -1
    outer loop
      vertex -148.97 -93.4949 4.8
      vertex -148.817 -93.0656 4.8
      vertex -144.665 -91.2976 4.8
    endloop
  endfacet
  facet normal 0 0 -1
    outer loop
      vertex -143.946 -97.5247 4.8
      vertex -148.97 -93.4949 4.8
      vertex -144.665 -91.2976 4.8
    endloop
  endfacet
  facet normal 0 0 -1
    outer loop
      vertex -149.217 -93.8785 4.8
      vertex -148.97 -93.4949 4.8
      vertex -143.946 -97.5247 4.8
    endloop
  endfacet
  facet normal 0 0 -1
    outer loop
      vertex -149.544 -94.1962 4.8
      vertex -149.217 -93.8785 4.8
      vertex -143.946 -97.5247 4.8
    endloop
  endfacet
  facet normal 0 0 -1
    outer loop
      vertex -143.946 -97.5247 4.8
      vertex -149.934 -94.4317 4.8
      vertex -149.544 -94.1962 4.8
    endloop
  endfacet
  facet normal 0 0 -1
    outer loop
      vertex -155.344 -100.579 4.8
      vertex -149.934 -94.4317 4.8
      vertex -143.946 -97.5247 4.8
    endloop
  endfacet
  facet normal 0 0 -1
    outer loop
      vertex -158.185 -98.2033 4.8
      vertex -149.934 -94.4317 4.8
      vertex -155.344 -100.579 4.8
    endloop
  endfacet
  facet normal 0 0 -1
    outer loop
      vertex -155.585 -100.679 4.8
      vertex -158.185 -98.2033 4.8
      vertex -155.344 -100.579 4.8
    endloop
  endfacet
  facet normal 0 0 -1
    outer loop
      vertex -155.792 -100.838 4.8
      vertex -158.185 -98.2033 4.8
      vertex -155.585 -100.679 4.8
    endloop
  endfacet
  facet normal 0 0 -1
    outer loop
      vertex -155.951 -101.045 4.8
      vertex -158.185 -98.2033 4.8
      vertex -155.792 -100.838 4.8
    endloop
  endfacet
  facet normal 0 0 -1
    outer loop
      vertex -161.038 -99.5628 4.8
      vertex -158.185 -98.2033 4.8
      vertex -155.951 -101.045 4.8
    endloop
  endfacet
  facet normal 0 0 -1
    outer loop
      vertex -156.051 -101.286 4.8
      vertex -161.038 -99.5628 4.8
      vertex -155.951 -101.045 4.8
    endloop
  endfacet
  facet normal 0 0 -1
    outer loop
      vertex -156.085 -101.545 4.8
      vertex -161.038 -99.5628 4.8
      vertex -156.051 -101.286 4.8
    endloop
  endfacet
  facet normal 0 0 -1
    outer loop
      vertex -156.051 -101.803 4.8
      vertex -161.038 -99.5628 4.8
      vertex -156.085 -101.545 4.8
    endloop
  endfacet
  facet normal 0 0 -1
    outer loop
      vertex -163.848 -101.012 4.8
      vertex -161.038 -99.5628 4.8
      vertex -156.051 -101.803 4.8
    endloop
  endfacet
  facet normal 0 0 -1
    outer loop
      vertex -163.53 -104.628 4.8
      vertex -163.848 -101.012 4.8
      vertex -156.051 -101.803 4.8
    endloop
  endfacet
  facet normal 0 0 -1
    outer loop
      vertex -163.737 -104.47 4.8
      vertex -163.848 -101.012 4.8
      vertex -163.53 -104.628 4.8
    endloop
  endfacet
  facet normal 0 0 -1
    outer loop
      vertex -163.978 -104.37 4.8
      vertex -163.848 -101.012 4.8
      vertex -163.737 -104.47 4.8
    endloop
  endfacet
  facet normal 0 0 -1
    outer loop
      vertex -164.237 -104.336 4.8
      vertex -163.848 -101.012 4.8
      vertex -163.978 -104.37 4.8
    endloop
  endfacet
  facet normal 0 0 -1
    outer loop
      vertex -166.61 -102.549 4.8
      vertex -163.848 -101.012 4.8
      vertex -164.237 -104.336 4.8
    endloop
  endfacet
  facet normal 0 0 -1
    outer loop
      vertex -164.496 -104.37 4.8
      vertex -166.61 -102.549 4.8
      vertex -164.237 -104.336 4.8
    endloop
  endfacet
  facet normal 0 0 -1
    outer loop
      vertex -164.737 -104.47 4.8
      vertex -166.61 -102.549 4.8
      vertex -164.496 -104.37 4.8
    endloop
  endfacet
  facet normal 0 0 -1
    outer loop
      vertex -174.956 -110.37 4.8
      vertex -166.61 -102.549 4.8
      vertex -164.737 -104.47 4.8
    endloop
  endfacet
  facet normal 0 0 -1
    outer loop
      vertex -178.941 -109.668 4.8
      vertex -166.61 -102.549 4.8
      vertex -174.956 -110.37 4.8
    endloop
  endfacet
  facet normal 0 0 -1
    outer loop
      vertex -175.163 -110.528 4.8
      vertex -178.941 -109.668 4.8
      vertex -174.956 -110.37 4.8
    endloop
  endfacet
  facet normal 0 0 -1
    outer loop
      vertex -175.322 -110.736 4.8
      vertex -178.941 -109.668 4.8
      vertex -175.163 -110.528 4.8
    endloop
  endfacet
  facet normal 0 0 -1
    outer loop
      vertex -175.422 -110.977 4.8
      vertex -178.941 -109.668 4.8
      vertex -175.322 -110.736 4.8
    endloop
  endfacet
  facet normal 0 0 -1
    outer loop
      vertex -179.307 -111.034 4.8
      vertex -178.941 -109.668 4.8
      vertex -175.422 -110.977 4.8
    endloop
  endfacet
  facet normal 0 0 -1
    outer loop
      vertex -175.456 -111.236 4.8
      vertex -179.307 -111.034 4.8
      vertex -175.422 -110.977 4.8
    endloop
  endfacet
  facet normal 0 0 -1
    outer loop
      vertex -175.422 -111.494 4.8
      vertex -179.307 -111.034 4.8
      vertex -175.456 -111.236 4.8
    endloop
  endfacet
  facet normal 0 0 -1
    outer loop
      vertex -175.322 -111.736 4.8
      vertex -179.307 -111.034 4.8
      vertex -175.422 -111.494 4.8
    endloop
  endfacet
  facet normal 0 0 -1
    outer loop
      vertex -169.422 -121.955 4.8
      vertex -179.307 -111.034 4.8
      vertex -175.322 -111.736 4.8
    endloop
  endfacet
  facet normal 0 0 -1
    outer loop
      vertex -170.803 -125.762 4.8
      vertex -179.307 -111.034 4.8
      vertex -169.422 -121.955 4.8
    endloop
  endfacet
  facet normal -0 0 -1
    outer loop
      vertex -169.263 -122.162 4.8
      vertex -170.803 -125.762 4.8
      vertex -169.422 -121.955 4.8
    endloop
  endfacet
  facet normal -0 0 -1
    outer loop
      vertex -169.056 -122.321 4.8
      vertex -170.803 -125.762 4.8
      vertex -169.263 -122.162 4.8
    endloop
  endfacet
  facet normal -0 0 -1
    outer loop
      vertex -168.815 -122.421 4.8
      vertex -170.803 -125.762 4.8
      vertex -169.056 -122.321 4.8
    endloop
  endfacet
  facet normal 0 0 -1
    outer loop
      vertex -169.443 -126.132 4.8
      vertex -170.803 -125.762 4.8
      vertex -168.815 -122.421 4.8
    endloop
  endfacet
  facet normal -0 0 -1
    outer loop
      vertex -168.556 -122.455 4.8
      vertex -169.443 -126.132 4.8
      vertex -168.815 -122.421 4.8
    endloop
  endfacet
  facet normal 0 0 -1
    outer loop
      vertex -168.297 -122.421 4.8
      vertex -169.443 -126.132 4.8
      vertex -168.556 -122.455 4.8
    endloop
  endfacet
  facet normal 0 0 -1
    outer loop
      vertex -168.056 -122.321 4.8
      vertex -169.443 -126.132 4.8
      vertex -168.297 -122.421 4.8
    endloop
  endfacet
  facet normal 0 0 -1
    outer loop
      vertex -153.562 -117.113 4.8
      vertex -169.443 -126.132 4.8
      vertex -168.056 -122.321 4.8
    endloop
  endfacet
  facet normal 0 -0 -1
    outer loop
      vertex -157.837 -116.421 4.8
      vertex -153.562 -117.113 4.8
      vertex -168.056 -122.321 4.8
    endloop
  endfacet
  facet normal 0 -0 -1
    outer loop
      vertex -157.63 -116.262 4.8
      vertex -153.562 -117.113 4.8
      vertex -157.837 -116.421 4.8
    endloop
  endfacet
  facet normal 0 -0 -1
    outer loop
      vertex -157.471 -116.055 4.8
      vertex -153.562 -117.113 4.8
      vertex -157.63 -116.262 4.8
    endloop
  endfacet
  facet normal 0 -0 -1
    outer loop
      vertex -157.371 -115.813 4.8
      vertex -153.562 -117.113 4.8
      vertex -157.471 -116.055 4.8
    endloop
  endfacet
  facet normal 0 -0 -1
    outer loop
      vertex -157.337 -115.555 4.8
      vertex -153.562 -117.113 4.8
      vertex -157.371 -115.813 4.8
    endloop
  endfacet
  facet normal -0 0 -1
    outer loop
      vertex -153.486 -117.075 4.8
      vertex -153.562 -117.113 4.8
      vertex -157.337 -115.555 4.8
    endloop
  endfacet
  facet normal -0 0 -1
    outer loop
      vertex -153.408 -117.042 4.8
      vertex -153.486 -117.075 4.8
      vertex -157.337 -115.555 4.8
    endloop
  endfacet
  facet normal 0 0 -1
    outer loop
      vertex -178.941 -109.668 4.8
      vertex -179.307 -110.034 4.8
      vertex -179.148 -109.827 4.8
    endloop
  endfacet
  facet normal 0 0 -1
    outer loop
      vertex -179.406 -110.275 4.8
      vertex -179.307 -110.034 4.8
      vertex -178.941 -109.668 4.8
    endloop
  endfacet
  facet normal 0 0 -1
    outer loop
      vertex -179.441 -110.534 4.8
      vertex -179.406 -110.275 4.8
      vertex -178.941 -109.668 4.8
    endloop
  endfacet
  facet normal 0 0 -1
    outer loop
      vertex -178.941 -109.668 4.8
      vertex -179.406 -110.793 4.8
      vertex -179.441 -110.534 4.8
    endloop
  endfacet
  facet normal 0 0 -1
    outer loop
      vertex -179.307 -111.034 4.8
      vertex -179.406 -110.793 4.8
      vertex -178.941 -109.668 4.8
    endloop
  endfacet
  facet normal 0 0 -1
    outer loop
      vertex -169.443 -126.132 4.8
      vertex -170.645 -125.969 4.8
      vertex -170.803 -125.762 4.8
    endloop
  endfacet
  facet normal 0 0 -1
    outer loop
      vertex -170.439 -126.127 4.8
      vertex -170.645 -125.969 4.8
      vertex -169.443 -126.132 4.8
    endloop
  endfacet
  facet normal 0 0 -1
    outer loop
      vertex -170.199 -126.227 4.8
      vertex -170.439 -126.127 4.8
      vertex -169.443 -126.132 4.8
    endloop
  endfacet
  facet normal 0 0 -1
    outer loop
      vertex -170.199 -126.227 4.8
      vertex -169.684 -126.23 4.8
      vertex -169.942 -126.262 4.8
    endloop
  endfacet
  facet normal 0 0 -1
    outer loop
      vertex -169.443 -126.132 4.8
      vertex -169.684 -126.23 4.8
      vertex -170.199 -126.227 4.8
    endloop
  endfacet
  facet normal 0 0 -1
    outer loop
      vertex -153.327 -117.017 4.8
      vertex -151.772 -113.909 4.8
      vertex -136.961 -112.632 4.8
    endloop
  endfacet
  facet normal 0 -0 -1
    outer loop
      vertex -152.031 -113.943 4.8
      vertex -151.772 -113.909 4.8
      vertex -153.327 -117.017 4.8
    endloop
  endfacet
  facet normal 0 -0 -1
    outer loop
      vertex -152.289 -113.909 4.8
      vertex -152.031 -113.943 4.8
      vertex -153.327 -117.017 4.8
    endloop
  endfacet
  facet normal 0 0 -1
    outer loop
      vertex -136.961 -112.632 4.8
      vertex -139.767 -110.389 4.8
      vertex -136.876 -112.613 4.8
    endloop
  endfacet
  facet normal 0 0 -1
    outer loop
      vertex -139.926 -110.596 4.8
      vertex -139.767 -110.389 4.8
      vertex -136.961 -112.632 4.8
    endloop
  endfacet
  facet normal 0 0 -1
    outer loop
      vertex -140.133 -110.755 4.8
      vertex -139.926 -110.596 4.8
      vertex -136.961 -112.632 4.8
    endloop
  endfacet
  facet normal 0 0 -1
    outer loop
      vertex -139.767 -110.389 4.8
      vertex -136.789 -112.601 4.8
      vertex -136.876 -112.613 4.8
    endloop
  endfacet
  facet normal 0 -0 -1
    outer loop
      vertex -139.667 -110.147 4.8
      vertex -136.789 -112.601 4.8
      vertex -139.767 -110.389 4.8
    endloop
  endfacet
  facet normal 0 0 -1
    outer loop
      vertex -134.572 -109.705 4.8
      vertex -136.789 -112.601 4.8
      vertex -139.667 -110.147 4.8
    endloop
  endfacet
  facet normal 0 -0 -1
    outer loop
      vertex -134.731 -109.498 4.8
      vertex -134.572 -109.705 4.8
      vertex -139.667 -110.147 4.8
    endloop
  endfacet
  facet normal 0 0 -1
    outer loop
      vertex -134.572 -109.705 4.8
      vertex -136.702 -112.598 4.8
      vertex -136.789 -112.601 4.8
    endloop
  endfacet
  facet normal -0 0 -1
    outer loop
      vertex -134.365 -109.864 4.8
      vertex -136.702 -112.598 4.8
      vertex -134.572 -109.705 4.8
    endloop
  endfacet
  facet normal -0 0 -1
    outer loop
      vertex -134.124 -109.964 4.8
      vertex -136.702 -112.598 4.8
      vertex -134.365 -109.864 4.8
    endloop
  endfacet
  facet normal -0 0 -1
    outer loop
      vertex -133.865 -109.998 4.8
      vertex -136.702 -112.598 4.8
      vertex -134.124 -109.964 4.8
    endloop
  endfacet
  facet normal -0 0 -1
    outer loop
      vertex -122.065 -109.998 4.8
      vertex -136.702 -112.598 4.8
      vertex -133.865 -109.998 4.8
    endloop
  endfacet
  facet normal 0 0 -1
    outer loop
      vertex -118.965 -112.598 4.8
      vertex -136.702 -112.598 4.8
      vertex -122.065 -109.998 4.8
    endloop
  endfacet
  facet normal 0 -0 -1
    outer loop
      vertex -121.807 -109.964 4.8
      vertex -118.965 -112.598 4.8
      vertex -122.065 -109.998 4.8
    endloop
  endfacet
  facet normal 0 -0 -1
    outer loop
      vertex -121.565 -109.864 4.8
      vertex -118.965 -112.598 4.8
      vertex -121.807 -109.964 4.8
    endloop
  endfacet
  facet normal -0 0 -1
    outer loop
      vertex -117.965 -111.598 4.8
      vertex -118.965 -112.598 4.8
      vertex -121.565 -109.864 4.8
    endloop
  endfacet
  facet normal 0 -0 -1
    outer loop
      vertex -121.358 -109.705 4.8
      vertex -117.965 -111.598 4.8
      vertex -121.565 -109.864 4.8
    endloop
  endfacet
  facet normal 0 -0 -1
    outer loop
      vertex -121.199 -109.498 4.8
      vertex -117.965 -111.598 4.8
      vertex -121.358 -109.705 4.8
    endloop
  endfacet
  facet normal 0 -0 -1
    outer loop
      vertex -121.099 -109.256 4.8
      vertex -117.965 -111.598 4.8
      vertex -121.199 -109.498 4.8
    endloop
  endfacet
  facet normal 0 -0 -1
    outer loop
      vertex -121.065 -108.998 4.8
      vertex -117.965 -111.598 4.8
      vertex -121.099 -109.256 4.8
    endloop
  endfacet
  facet normal 0 0 -1
    outer loop
      vertex -121.065 -97.1976 4.8
      vertex -117.965 -111.598 4.8
      vertex -121.065 -108.998 4.8
    endloop
  endfacet
  facet normal 0 -0 -1
    outer loop
      vertex -117.965 -91.3476 4.8
      vertex -117.965 -111.598 4.8
      vertex -121.065 -97.1976 4.8
    endloop
  endfacet
  facet normal 0 0 -1
    outer loop
      vertex -121.099 -96.9388 4.8
      vertex -117.965 -91.3476 4.8
      vertex -121.065 -97.1976 4.8
    endloop
  endfacet
  facet normal 0 0 -1
    outer loop
      vertex -121.199 -96.6976 4.8
      vertex -117.965 -91.3476 4.8
      vertex -121.099 -96.9388 4.8
    endloop
  endfacet
  facet normal 0 0 -1
    outer loop
      vertex -121.358 -96.4905 4.8
      vertex -117.965 -91.3476 4.8
      vertex -121.199 -96.6976 4.8
    endloop
  endfacet
  facet normal 0 0 -1
    outer loop
      vertex -121.565 -96.3316 4.8
      vertex -117.965 -91.3476 4.8
      vertex -121.358 -96.4905 4.8
    endloop
  endfacet
  facet normal 0 0 -1
    outer loop
      vertex -121.807 -96.2317 4.8
      vertex -117.965 -91.3476 4.8
      vertex -121.565 -96.3316 4.8
    endloop
  endfacet
  facet normal 0 0 -1
    outer loop
      vertex -123.813 -92.9976 4.8
      vertex -117.965 -91.3476 4.8
      vertex -121.807 -96.2317 4.8
    endloop
  endfacet
  facet normal 0 0 -1
    outer loop
      vertex -123.988 -93.2254 4.8
      vertex -123.813 -92.9976 4.8
      vertex -121.807 -96.2317 4.8
    endloop
  endfacet
  facet normal 0 0 -1
    outer loop
      vertex -118.965 -112.598 4.8
      vertex -118.465 -112.464 4.8
      vertex -118.707 -112.564 4.8
    endloop
  endfacet
  facet normal 0 0 -1
    outer loop
      vertex -118.258 -112.305 4.8
      vertex -118.465 -112.464 4.8
      vertex -118.965 -112.598 4.8
    endloop
  endfacet
  facet normal 0 0 -1
    outer loop
      vertex -118.099 -112.098 4.8
      vertex -118.258 -112.305 4.8
      vertex -118.965 -112.598 4.8
    endloop
  endfacet
  facet normal 0 0 -1
    outer loop
      vertex -118.965 -112.598 4.8
      vertex -117.999 -111.856 4.8
      vertex -118.099 -112.098 4.8
    endloop
  endfacet
  facet normal 0 0 -1
    outer loop
      vertex -117.965 -111.598 4.8
      vertex -117.999 -111.856 4.8
      vertex -118.965 -112.598 4.8
    endloop
  endfacet
  facet normal 0 0 -1
    outer loop
      vertex -117.965 -91.3476 4.8
      vertex -114.865 -88.7476 4.8
      vertex -111.765 -91.3476 4.8
    endloop
  endfacet
  facet normal 0 0 -1
    outer loop
      vertex -126.665 -88.7476 4.8
      vertex -114.865 -88.7476 4.8
      vertex -117.965 -91.3476 4.8
    endloop
  endfacet
  facet normal 0 0 -1
    outer loop
      vertex -124.215 -91.4949 4.8
      vertex -126.665 -88.7476 4.8
      vertex -117.965 -91.3476 4.8
    endloop
  endfacet
  facet normal 0 0 -1
    outer loop
      vertex -124.481 -91.3851 4.8
      vertex -126.665 -88.7476 4.8
      vertex -124.215 -91.4949 4.8
    endloop
  endfacet
  facet normal 0 0 -1
    outer loop
      vertex -124.765 -91.3476 4.8
      vertex -126.665 -88.7476 4.8
      vertex -124.481 -91.3851 4.8
    endloop
  endfacet
  facet normal 0 0 -1
    outer loop
      vertex -125.05 -91.3851 4.8
      vertex -126.665 -88.7476 4.8
      vertex -124.765 -91.3476 4.8
    endloop
  endfacet
  facet normal 0 0 -1
    outer loop
      vertex -125.315 -91.4949 4.8
      vertex -126.665 -88.7476 4.8
      vertex -125.05 -91.3851 4.8
    endloop
  endfacet
  facet normal 0 0 -1
    outer loop
      vertex -125.543 -91.6698 4.8
      vertex -126.665 -88.7476 4.8
      vertex -125.315 -91.4949 4.8
    endloop
  endfacet
  facet normal 0 0 -1
    outer loop
      vertex -126.924 -88.7135 4.8
      vertex -126.665 -88.7476 4.8
      vertex -125.543 -91.6698 4.8
    endloop
  endfacet
  facet normal 0 0 -1
    outer loop
      vertex -125.718 -91.8976 4.8
      vertex -126.924 -88.7135 4.8
      vertex -125.543 -91.6698 4.8
    endloop
  endfacet
  facet normal 0 0 -1
    outer loop
      vertex -131.899 -90.5564 4.8
      vertex -126.924 -88.7135 4.8
      vertex -125.718 -91.8976 4.8
    endloop
  endfacet
  facet normal 0 0 -1
    outer loop
      vertex -131.999 -90.7976 4.8
      vertex -131.899 -90.5564 4.8
      vertex -125.718 -91.8976 4.8
    endloop
  endfacet
  facet normal 0 0 -1
    outer loop
      vertex -111.765 -91.3476 4.8
      vertex -111.274 -91.2183 4.8
      vertex -111.511 -91.3147 4.8
    endloop
  endfacet
  facet normal 0 0 -1
    outer loop
      vertex -111.068 -91.0647 4.8
      vertex -111.274 -91.2183 4.8
      vertex -111.765 -91.3476 4.8
    endloop
  endfacet
  facet normal 0 0 -1
    outer loop
      vertex -110.909 -90.864 4.8
      vertex -111.068 -91.0647 4.8
      vertex -111.765 -91.3476 4.8
    endloop
  endfacet
  facet normal 0 0 -1
    outer loop
      vertex -111.765 -91.3476 4.8
      vertex -110.806 -90.6293 4.8
      vertex -110.909 -90.864 4.8
    endloop
  endfacet
  facet normal 0 0 -1
    outer loop
      vertex -110.766 -90.3762 4.8
      vertex -110.806 -90.6293 4.8
      vertex -111.765 -91.3476 4.8
    endloop
  endfacet
  facet normal 0 0 -1
    outer loop
      vertex -114.365 -88.6136 4.8
      vertex -110.766 -90.3762 4.8
      vertex -111.765 -91.3476 4.8
    endloop
  endfacet
  facet normal -0 0 -1
    outer loop
      vertex -110.666 -89.7432 4.8
      vertex -110.766 -90.3762 4.8
      vertex -114.365 -88.6136 4.8
    endloop
  endfacet
  facet normal 0 -0 -1
    outer loop
      vertex -114.158 -88.4547 4.8
      vertex -110.666 -89.7432 4.8
      vertex -114.365 -88.6136 4.8
    endloop
  endfacet
  facet normal -0 0 -1
    outer loop
      vertex -110.408 -89.1566 4.8
      vertex -110.666 -89.7432 4.8
      vertex -114.158 -88.4547 4.8
    endloop
  endfacet
  facet normal 0 -0 -1
    outer loop
      vertex -113.999 -88.2476 4.8
      vertex -110.408 -89.1566 4.8
      vertex -114.158 -88.4547 4.8
    endloop
  endfacet
  facet normal 0 -0 -1
    outer loop
      vertex -113.899 -88.0064 4.8
      vertex -110.408 -89.1566 4.8
      vertex -113.999 -88.2476 4.8
    endloop
  endfacet
  facet normal -0 0 -1
    outer loop
      vertex -110.009 -88.6547 4.8
      vertex -110.408 -89.1566 4.8
      vertex -113.899 -88.0064 4.8
    endloop
  endfacet
  facet normal 0 -0 -1
    outer loop
      vertex -113.865 -87.7476 4.8
      vertex -110.009 -88.6547 4.8
      vertex -113.899 -88.0064 4.8
    endloop
  endfacet
  facet normal -0 0 -1
    outer loop
      vertex -109.496 -88.2707 4.8
      vertex -110.009 -88.6547 4.8
      vertex -113.865 -87.7476 4.8
    endloop
  endfacet
  facet normal 0 0 -1
    outer loop
      vertex -109.165 -85.2136 4.8
      vertex -109.496 -88.2707 4.8
      vertex -113.865 -87.7476 4.8
    endloop
  endfacet
  facet normal -0 0 -1
    outer loop
      vertex -108.902 -88.0297 4.8
      vertex -109.496 -88.2707 4.8
      vertex -109.165 -85.2136 4.8
    endloop
  endfacet
  facet normal -0 -0 -1
    outer loop
      vertex -108.924 -85.3135 4.8
      vertex -108.902 -88.0297 4.8
      vertex -109.165 -85.2136 4.8
    endloop
  endfacet
  facet normal -0 0 -1
    outer loop
      vertex -108.665 -85.3476 4.8
      vertex -108.902 -88.0297 4.8
      vertex -108.924 -85.3135 4.8
    endloop
  endfacet
  facet normal -0 0 -1
    outer loop
      vertex -108.267 -87.9476 4.8
      vertex -108.902 -88.0297 4.8
      vertex -108.665 -85.3476 4.8
    endloop
  endfacet
  facet normal 0 0 -1
    outer loop
      vertex -97.5899 -87.9476 4.8
      vertex -108.267 -87.9476 4.8
      vertex -108.665 -85.3476 4.8
    endloop
  endfacet
  facet normal -0 0 -1
    outer loop
      vertex -96.8654 -85.3476 4.8
      vertex -97.5899 -87.9476 4.8
      vertex -108.665 -85.3476 4.8
    endloop
  endfacet
  facet normal 0 0 -1
    outer loop
      vertex -97.0093 -88.0159 4.8
      vertex -97.5899 -87.9476 4.8
      vertex -96.8654 -85.3476 4.8
    endloop
  endfacet
  facet normal 0 0 -1
    outer loop
      vertex -96.6066 -85.3135 4.8
      vertex -97.0093 -88.0159 4.8
      vertex -96.8654 -85.3476 4.8
    endloop
  endfacet
  facet normal 0 0 -1
    outer loop
      vertex -96.4604 -88.2172 4.8
      vertex -97.0093 -88.0159 4.8
      vertex -96.6066 -85.3135 4.8
    endloop
  endfacet
  facet normal 0 0 -1
    outer loop
      vertex -96.3654 -85.2136 4.8
      vertex -96.4604 -88.2172 4.8
      vertex -96.6066 -85.3135 4.8
    endloop
  endfacet
  facet normal 0 0 -1
    outer loop
      vertex -95.9734 -88.5405 4.8
      vertex -96.4604 -88.2172 4.8
      vertex -96.3654 -85.2136 4.8
    endloop
  endfacet
  facet normal 0 -0 -1
    outer loop
      vertex -96.1583 -85.0547 4.8
      vertex -95.9734 -88.5405 4.8
      vertex -96.3654 -85.2136 4.8
    endloop
  endfacet
  facet normal 0 0 -1
    outer loop
      vertex -91.9017 -89.382 4.8
      vertex -95.9734 -88.5405 4.8
      vertex -96.1583 -85.0547 4.8
    endloop
  endfacet
  facet normal 0 -0 -1
    outer loop
      vertex -95.9994 -84.8476 4.8
      vertex -91.9017 -89.382 4.8
      vertex -96.1583 -85.0547 4.8
    endloop
  endfacet
  facet normal 0 -0 -1
    outer loop
      vertex -95.8995 -84.6064 4.8
      vertex -91.9017 -89.382 4.8
      vertex -95.9994 -84.8476 4.8
    endloop
  endfacet
  facet normal 0 -0 -1
    outer loop
      vertex -95.8654 -84.3476 4.8
      vertex -91.9017 -89.382 4.8
      vertex -95.8995 -84.6064 4.8
    endloop
  endfacet
  facet normal 0 0 -1
    outer loop
      vertex -91.0786 -77.6108 4.8
      vertex -91.9017 -89.382 4.8
      vertex -95.8654 -84.3476 4.8
    endloop
  endfacet
  facet normal 0 0 -1
    outer loop
      vertex -95.8654 -72.5476 4.8
      vertex -91.0786 -77.6108 4.8
      vertex -95.8654 -84.3476 4.8
    endloop
  endfacet
  facet normal -0 0 -1
    outer loop
      vertex -91.0265 -77.355 4.8
      vertex -91.0786 -77.6108 4.8
      vertex -95.8654 -72.5476 4.8
    endloop
  endfacet
  facet normal -0 0 -1
    outer loop
      vertex -90.91 -77.1213 4.8
      vertex -91.0265 -77.355 4.8
      vertex -95.8654 -72.5476 4.8
    endloop
  endfacet
  facet normal 0 0 -1
    outer loop
      vertex -91.9017 -89.382 4.8
      vertex -95.5747 -88.968 4.8
      vertex -95.9734 -88.5405 4.8
    endloop
  endfacet
  facet normal 0 0 -1
    outer loop
      vertex -95.2862 -89.4765 4.8
      vertex -95.5747 -88.968 4.8
      vertex -91.9017 -89.382 4.8
    endloop
  endfacet
  facet normal 0 0 -1
    outer loop
      vertex -95.1236 -90.038 4.8
      vertex -95.2862 -89.4765 4.8
      vertex -91.9017 -89.382 4.8
    endloop
  endfacet
  facet normal 0 0 -1
    outer loop
      vertex -95.1236 -90.038 4.8
      vertex -91.8029 -89.8902 4.8
      vertex -95.096 -90.622 4.8
    endloop
  endfacet
  facet normal 0 -0 -1
    outer loop
      vertex -91.8857 -89.6426 4.8
      vertex -91.8029 -89.8902 4.8
      vertex -95.1236 -90.038 4.8
    endloop
  endfacet
  facet normal 0 -0 -1
    outer loop
      vertex -91.9017 -89.382 4.8
      vertex -91.8857 -89.6426 4.8
      vertex -95.1236 -90.038 4.8
    endloop
  endfacet
  facet normal 0 -0 -1
    outer loop
      vertex -95.096 -90.622 4.8
      vertex -91.4633 -90.2808 4.8
      vertex -95.1755 -91.7595 4.8
    endloop
  endfacet
  facet normal 0 -0 -1
    outer loop
      vertex -91.6588 -90.1078 4.8
      vertex -91.4633 -90.2808 4.8
      vertex -95.096 -90.622 4.8
    endloop
  endfacet
  facet normal 0 -0 -1
    outer loop
      vertex -91.8029 -89.8902 4.8
      vertex -91.6588 -90.1078 4.8
      vertex -95.096 -90.622 4.8
    endloop
  endfacet
  facet normal 0 0 -1
    outer loop
      vertex -94.2477 -92.8268 4.8
      vertex -95.1755 -91.7595 4.8
      vertex -91.4633 -90.2808 4.8
    endloop
  endfacet
  facet normal 0 0 -1
    outer loop
      vertex -95.1596 -92.02 4.8
      vertex -95.1755 -91.7595 4.8
      vertex -94.2477 -92.8268 4.8
    endloop
  endfacet
  facet normal 0 0 -1
    outer loop
      vertex -95.0767 -92.2676 4.8
      vertex -95.1596 -92.02 4.8
      vertex -94.2477 -92.8268 4.8
    endloop
  endfacet
  facet normal 0 0 -1
    outer loop
      vertex -94.2477 -92.8268 4.8
      vertex -94.9326 -92.4853 4.8
      vertex -95.0767 -92.2676 4.8
    endloop
  endfacet
  facet normal 0 0 -1
    outer loop
      vertex -94.7371 -92.6582 4.8
      vertex -94.9326 -92.4853 4.8
      vertex -94.2477 -92.8268 4.8
    endloop
  endfacet
  facet normal 0 0 -1
    outer loop
      vertex -94.5035 -92.7747 4.8
      vertex -94.7371 -92.6582 4.8
      vertex -94.2477 -92.8268 4.8
    endloop
  endfacet
  facet normal 0 0 -1
    outer loop
      vertex -94.2477 -92.8268 4.8
      vertex -90.9739 -90.4493 4.8
      vertex -80.1067 -93.8156 4.8
    endloop
  endfacet
  facet normal 0 -0 -1
    outer loop
      vertex -91.2297 -90.3973 4.8
      vertex -90.9739 -90.4493 4.8
      vertex -94.2477 -92.8268 4.8
    endloop
  endfacet
  facet normal 0 -0 -1
    outer loop
      vertex -91.4633 -90.2808 4.8
      vertex -91.2297 -90.3973 4.8
      vertex -94.2477 -92.8268 4.8
    endloop
  endfacet
  facet normal -0 0 -1
    outer loop
      vertex -79.2026 -91.2725 4.8
      vertex -80.1067 -93.8156 4.8
      vertex -90.9739 -90.4493 4.8
    endloop
  endfacet
  facet normal 0 0 -1
    outer loop
      vertex -79.5323 -93.9243 4.8
      vertex -80.1067 -93.8156 4.8
      vertex -79.2026 -91.2725 4.8
    endloop
  endfacet
  facet normal 0 0 -1
    outer loop
      vertex -78.942 -91.2565 4.8
      vertex -79.5323 -93.9243 4.8
      vertex -79.2026 -91.2725 4.8
    endloop
  endfacet
  facet normal 0 0 -1
    outer loop
      vertex -78.9988 -94.1634 4.8
      vertex -79.5323 -93.9243 4.8
      vertex -78.942 -91.2565 4.8
    endloop
  endfacet
  facet normal 0 0 -1
    outer loop
      vertex -78.6945 -91.1737 4.8
      vertex -78.9988 -94.1634 4.8
      vertex -78.942 -91.2565 4.8
    endloop
  endfacet
  facet normal 0 0 -1
    outer loop
      vertex -78.5355 -94.5198 4.8
      vertex -78.9988 -94.1634 4.8
      vertex -78.6945 -91.1737 4.8
    endloop
  endfacet
  facet normal 0 0 -1
    outer loop
      vertex -78.4768 -91.0296 4.8
      vertex -78.5355 -94.5198 4.8
      vertex -78.6945 -91.1737 4.8
    endloop
  endfacet
  facet normal 0 0 -1
    outer loop
      vertex -78.3038 -90.8341 4.8
      vertex -78.5355 -94.5198 4.8
      vertex -78.4768 -91.0296 4.8
    endloop
  endfacet
  facet normal 0 0 -1
    outer loop
      vertex -78.1676 -94.9742 4.8
      vertex -78.5355 -94.5198 4.8
      vertex -78.3038 -90.8341 4.8
    endloop
  endfacet
  facet normal 0 0 -1
    outer loop
      vertex -74.769 -97.3268 4.8
      vertex -78.1676 -94.9742 4.8
      vertex -78.3038 -90.8341 4.8
    endloop
  endfacet
  facet normal 0 0 -1
    outer loop
      vertex -77.9153 -95.5015 4.8
      vertex -78.1676 -94.9742 4.8
      vertex -74.769 -97.3268 4.8
    endloop
  endfacet
  facet normal 0 0 -1
    outer loop
      vertex -77.7923 -96.073 4.8
      vertex -77.9153 -95.5015 4.8
      vertex -74.769 -97.3268 4.8
    endloop
  endfacet
  facet normal 0 0 -1
    outer loop
      vertex -74.769 -97.3268 4.8
      vertex -77.8054 -96.6574 4.8
      vertex -77.7923 -96.073 4.8
    endloop
  endfacet
  facet normal 0 0 -1
    outer loop
      vertex -74.7713 -97.5878 4.8
      vertex -77.8054 -96.6574 4.8
      vertex -74.769 -97.3268 4.8
    endloop
  endfacet
  facet normal 0 0 -1
    outer loop
      vertex -74.7059 -97.8406 4.8
      vertex -77.8054 -96.6574 4.8
      vertex -74.7713 -97.5878 4.8
    endloop
  endfacet
  facet normal 0 0 -1
    outer loop
      vertex -78.2007 -99.4701 4.8
      vertex -77.8054 -96.6574 4.8
      vertex -74.7059 -97.8406 4.8
    endloop
  endfacet
  facet normal -0 0 -1
    outer loop
      vertex -74.5774 -98.0678 4.8
      vertex -78.2007 -99.4701 4.8
      vertex -74.7059 -97.8406 4.8
    endloop
  endfacet
  facet normal -0 0 -1
    outer loop
      vertex -74.3944 -98.254 4.8
      vertex -78.2007 -99.4701 4.8
      vertex -74.5774 -98.0678 4.8
    endloop
  endfacet
  facet normal 0 0 -1
    outer loop
      vertex -77.3496 -100.6 4.8
      vertex -78.2007 -99.4701 4.8
      vertex -74.3944 -98.254 4.8
    endloop
  endfacet
  facet normal -0 0 -1
    outer loop
      vertex -74.1695 -98.3865 4.8
      vertex -77.3496 -100.6 4.8
      vertex -74.3944 -98.254 4.8
    endloop
  endfacet
  facet normal -0 0 -1
    outer loop
      vertex -73.9179 -98.4562 4.8
      vertex -77.3496 -100.6 4.8
      vertex -74.1695 -98.3865 4.8
    endloop
  endfacet
  facet normal -0 0 -1
    outer loop
      vertex -62.2328 -100.098 4.8
      vertex -77.3496 -100.6 4.8
      vertex -73.9179 -98.4562 4.8
    endloop
  endfacet
  facet normal 0 0 -1
    outer loop
      vertex -59.5248 -103.105 4.8
      vertex -77.3496 -100.6 4.8
      vertex -62.2328 -100.098 4.8
    endloop
  endfacet
  facet normal -0 -0 -1
    outer loop
      vertex -61.9717 -100.101 4.8
      vertex -59.5248 -103.105 4.8
      vertex -62.2328 -100.098 4.8
    endloop
  endfacet
  facet normal 0 -0 -1
    outer loop
      vertex -61.719 -100.035 4.8
      vertex -59.5248 -103.105 4.8
      vertex -61.9717 -100.101 4.8
    endloop
  endfacet
  facet normal -0 0 -1
    outer loop
      vertex -58.3953 -102.254 4.8
      vertex -59.5248 -103.105 4.8
      vertex -61.719 -100.035 4.8
    endloop
  endfacet
  facet normal 0 -0 -1
    outer loop
      vertex -61.4918 -99.9069 4.8
      vertex -58.3953 -102.254 4.8
      vertex -61.719 -100.035 4.8
    endloop
  endfacet
  facet normal 0 -0 -1
    outer loop
      vertex -61.3056 -99.7239 4.8
      vertex -58.3953 -102.254 4.8
      vertex -61.4918 -99.9069 4.8
    endloop
  endfacet
  facet normal 0 -0 -1
    outer loop
      vertex -61.1731 -99.499 4.8
      vertex -58.3953 -102.254 4.8
      vertex -61.3056 -99.7239 4.8
    endloop
  endfacet
  facet normal 0 -0 -1
    outer loop
      vertex -61.1033 -99.2474 4.8
      vertex -58.3953 -102.254 4.8
      vertex -61.1731 -99.499 4.8
    endloop
  endfacet
  facet normal 0 0 -1
    outer loop
      vertex -57.0175 -92.4499 4.8
      vertex -58.3953 -102.254 4.8
      vertex -61.1033 -99.2474 4.8
    endloop
  endfacet
  facet normal 0 -0 -1
    outer loop
      vertex -59.4611 -87.5622 4.8
      vertex -57.0175 -92.4499 4.8
      vertex -61.1033 -99.2474 4.8
    endloop
  endfacet
  facet normal 0 -0 -1
    outer loop
      vertex -59.4588 -87.3012 4.8
      vertex -57.0175 -92.4499 4.8
      vertex -59.4611 -87.5622 4.8
    endloop
  endfacet
  facet normal 0 -0 -1
    outer loop
      vertex -58.8071 -82.6644 4.8
      vertex -57.0175 -92.4499 4.8
      vertex -59.4588 -87.3012 4.8
    endloop
  endfacet
  facet normal 0 0 -1
    outer loop
      vertex -59.5242 -87.0484 4.8
      vertex -58.8071 -82.6644 4.8
      vertex -59.4588 -87.3012 4.8
    endloop
  endfacet
  facet normal 0 -0 -1
    outer loop
      vertex -58.9396 -82.8893 4.8
      vertex -58.8071 -82.6644 4.8
      vertex -59.5242 -87.0484 4.8
    endloop
  endfacet
  facet normal 0 0 -1
    outer loop
      vertex -59.6527 -86.8212 4.8
      vertex -58.9396 -82.8893 4.8
      vertex -59.5242 -87.0484 4.8
    endloop
  endfacet
  facet normal 0 -0 -1
    outer loop
      vertex -59.1258 -83.0723 4.8
      vertex -58.9396 -82.8893 4.8
      vertex -59.6527 -86.8212 4.8
    endloop
  endfacet
  facet normal 0 0 -1
    outer loop
      vertex -59.8357 -86.635 4.8
      vertex -59.1258 -83.0723 4.8
      vertex -59.6527 -86.8212 4.8
    endloop
  endfacet
  facet normal 0 -0 -1
    outer loop
      vertex -59.353 -83.2008 4.8
      vertex -59.1258 -83.0723 4.8
      vertex -59.8357 -86.635 4.8
    endloop
  endfacet
  facet normal 0 0 -1
    outer loop
      vertex -60.0606 -86.5025 4.8
      vertex -59.353 -83.2008 4.8
      vertex -59.8357 -86.635 4.8
    endloop
  endfacet
  facet normal 0 -0 -1
    outer loop
      vertex -59.6058 -83.2662 4.8
      vertex -59.353 -83.2008 4.8
      vertex -60.0606 -86.5025 4.8
    endloop
  endfacet
  facet normal 0 0 -1
    outer loop
      vertex -60.3122 -86.4328 4.8
      vertex -59.6058 -83.2662 4.8
      vertex -60.0606 -86.5025 4.8
    endloop
  endfacet
  facet normal 0 -0 -1
    outer loop
      vertex -59.8668 -83.2639 4.8
      vertex -59.6058 -83.2662 4.8
      vertex -60.3122 -86.4328 4.8
    endloop
  endfacet
  facet normal 0 0 -1
    outer loop
      vertex -71.9973 -84.7905 4.8
      vertex -59.8668 -83.2639 4.8
      vertex -60.3122 -86.4328 4.8
    endloop
  endfacet
  facet normal 0 -0 -1
    outer loop
      vertex -71.552 -81.6217 4.8
      vertex -59.8668 -83.2639 4.8
      vertex -71.9973 -84.7905 4.8
    endloop
  endfacet
  facet normal 0 0 -1
    outer loop
      vertex -72.2584 -84.7883 4.8
      vertex -71.552 -81.6217 4.8
      vertex -71.9973 -84.7905 4.8
    endloop
  endfacet
  facet normal 0 -0 -1
    outer loop
      vertex -71.8035 -81.5519 4.8
      vertex -71.552 -81.6217 4.8
      vertex -72.2584 -84.7883 4.8
    endloop
  endfacet
  facet normal 0 0 -1
    outer loop
      vertex -72.5111 -84.8536 4.8
      vertex -71.8035 -81.5519 4.8
      vertex -72.2584 -84.7883 4.8
    endloop
  endfacet
  facet normal 0 -0 -1
    outer loop
      vertex -72.0285 -81.4194 4.8
      vertex -71.8035 -81.5519 4.8
      vertex -72.5111 -84.8536 4.8
    endloop
  endfacet
  facet normal 0 0 -1
    outer loop
      vertex -72.7383 -84.9822 4.8
      vertex -72.0285 -81.4194 4.8
      vertex -72.5111 -84.8536 4.8
    endloop
  endfacet
  facet normal 0 -0 -1
    outer loop
      vertex -72.2114 -81.2332 4.8
      vertex -72.0285 -81.4194 4.8
      vertex -72.7383 -84.9822 4.8
    endloop
  endfacet
  facet normal 0 0 -1
    outer loop
      vertex -72.9245 -85.1652 4.8
      vertex -72.2114 -81.2332 4.8
      vertex -72.7383 -84.9822 4.8
    endloop
  endfacet
  facet normal 0 0 -1
    outer loop
      vertex -77.3122 -78.5734 4.8
      vertex -72.2114 -81.2332 4.8
      vertex -72.9245 -85.1652 4.8
    endloop
  endfacet
  facet normal 0 0 -1
    outer loop
      vertex -73.057 -85.3901 4.8
      vertex -77.3122 -78.5734 4.8
      vertex -72.9245 -85.1652 4.8
    endloop
  endfacet
  facet normal 0 0 -1
    outer loop
      vertex -73.1268 -85.6416 4.8
      vertex -77.3122 -78.5734 4.8
      vertex -73.057 -85.3901 4.8
    endloop
  endfacet
  facet normal 0 0 -1
    outer loop
      vertex -78.1353 -90.3447 4.8
      vertex -77.3122 -78.5734 4.8
      vertex -73.1268 -85.6416 4.8
    endloop
  endfacet
  facet normal 0 0 -1
    outer loop
      vertex -78.1873 -90.6005 4.8
      vertex -78.1353 -90.3447 4.8
      vertex -73.1268 -85.6416 4.8
    endloop
  endfacet
  facet normal 0 0 -1
    outer loop
      vertex -77.3496 -100.6 4.8
      vertex -78.203 -99.7311 4.8
      vertex -78.2007 -99.4701 4.8
    endloop
  endfacet
  facet normal 0 0 -1
    outer loop
      vertex -78.1376 -99.9838 4.8
      vertex -78.203 -99.7311 4.8
      vertex -77.3496 -100.6 4.8
    endloop
  endfacet
  facet normal 0 0 -1
    outer loop
      vertex -78.0091 -100.211 4.8
      vertex -78.1376 -99.9838 4.8
      vertex -77.3496 -100.6 4.8
    endloop
  endfacet
  facet normal 0 0 -1
    outer loop
      vertex -77.3496 -100.6 4.8
      vertex -77.8261 -100.397 4.8
      vertex -78.0091 -100.211 4.8
    endloop
  endfacet
  facet normal 0 0 -1
    outer loop
      vertex -77.6012 -100.53 4.8
      vertex -77.8261 -100.397 4.8
      vertex -77.3496 -100.6 4.8
    endloop
  endfacet
  facet normal 0 0 -1
    outer loop
      vertex -59.5248 -103.105 4.8
      vertex -59.011 -103.042 4.8
      vertex -59.2637 -103.107 4.8
    endloop
  endfacet
  facet normal 0 0 -1
    outer loop
      vertex -58.7838 -102.913 4.8
      vertex -59.011 -103.042 4.8
      vertex -59.5248 -103.105 4.8
    endloop
  endfacet
  facet normal 0 0 -1
    outer loop
      vertex -58.5976 -102.73 4.8
      vertex -58.7838 -102.913 4.8
      vertex -59.5248 -103.105 4.8
    endloop
  endfacet
  facet normal 0 0 -1
    outer loop
      vertex -59.5248 -103.105 4.8
      vertex -58.4651 -102.505 4.8
      vertex -58.5976 -102.73 4.8
    endloop
  endfacet
  facet normal 0 0 -1
    outer loop
      vertex -58.3953 -102.254 4.8
      vertex -58.4651 -102.505 4.8
      vertex -59.5248 -103.105 4.8
    endloop
  endfacet
  facet normal 0 -0 -1
    outer loop
      vertex -58.7374 -82.4128 4.8
      vertex -57.0175 -92.4499 4.8
      vertex -58.8071 -82.6644 4.8
    endloop
  endfacet
  facet normal 0 0 -1
    outer loop
      vertex -54.0949 -71.6542 4.8
      vertex -57.0175 -92.4499 4.8
      vertex -58.7374 -82.4128 4.8
    endloop
  endfacet
  facet normal 0 -0 -1
    outer loop
      vertex -57.0951 -70.7277 4.8
      vertex -54.0949 -71.6542 4.8
      vertex -58.7374 -82.4128 4.8
    endloop
  endfacet
  facet normal 0 -0 -1
    outer loop
      vertex -57.0928 -70.4666 4.8
      vertex -54.0949 -71.6542 4.8
      vertex -57.0951 -70.7277 4.8
    endloop
  endfacet
  facet normal 0 0 -1
    outer loop
      vertex -57.1582 -70.2139 4.8
      vertex -54.0949 -71.6542 4.8
      vertex -57.0928 -70.4666 4.8
    endloop
  endfacet
  facet normal 0 0 -1
    outer loop
      vertex -57.2868 -69.9867 4.8
      vertex -54.0949 -71.6542 4.8
      vertex -57.1582 -70.2139 4.8
    endloop
  endfacet
  facet normal 0 -0 -1
    outer loop
      vertex -56.7599 -66.2377 4.8
      vertex -54.0949 -71.6542 4.8
      vertex -57.2868 -69.9867 4.8
    endloop
  endfacet
  facet normal 0 0 -1
    outer loop
      vertex -57.4697 -69.8005 4.8
      vertex -56.7599 -66.2377 4.8
      vertex -57.2868 -69.9867 4.8
    endloop
  endfacet
  facet normal 0 -0 -1
    outer loop
      vertex -56.9871 -66.3663 4.8
      vertex -56.7599 -66.2377 4.8
      vertex -57.4697 -69.8005 4.8
    endloop
  endfacet
  facet normal 0 0 -1
    outer loop
      vertex -57.6947 -69.668 4.8
      vertex -56.9871 -66.3663 4.8
      vertex -57.4697 -69.8005 4.8
    endloop
  endfacet
  facet normal 0 -0 -1
    outer loop
      vertex -57.2398 -66.4316 4.8
      vertex -56.9871 -66.3663 4.8
      vertex -57.6947 -69.668 4.8
    endloop
  endfacet
  facet normal 0 0 -1
    outer loop
      vertex -57.9462 -69.5982 4.8
      vertex -57.2398 -66.4316 4.8
      vertex -57.6947 -69.668 4.8
    endloop
  endfacet
  facet normal 0 -0 -1
    outer loop
      vertex -57.5009 -66.4294 4.8
      vertex -57.2398 -66.4316 4.8
      vertex -57.9462 -69.5982 4.8
    endloop
  endfacet
  facet normal 0 0 -1
    outer loop
      vertex -69.6314 -67.956 4.8
      vertex -57.5009 -66.4294 4.8
      vertex -57.9462 -69.5982 4.8
    endloop
  endfacet
  facet normal 0 -0 -1
    outer loop
      vertex -69.186 -64.7871 4.8
      vertex -57.5009 -66.4294 4.8
      vertex -69.6314 -67.956 4.8
    endloop
  endfacet
  facet normal 0 0 -1
    outer loop
      vertex -69.8924 -67.9537 4.8
      vertex -69.186 -64.7871 4.8
      vertex -69.6314 -67.956 4.8
    endloop
  endfacet
  facet normal 0 -0 -1
    outer loop
      vertex -69.4376 -64.7174 4.8
      vertex -69.186 -64.7871 4.8
      vertex -69.8924 -67.9537 4.8
    endloop
  endfacet
  facet normal 0 0 -1
    outer loop
      vertex -70.1452 -68.0191 4.8
      vertex -69.4376 -64.7174 4.8
      vertex -69.8924 -67.9537 4.8
    endloop
  endfacet
  facet normal 0 -0 -1
    outer loop
      vertex -69.6625 -64.5849 4.8
      vertex -69.4376 -64.7174 4.8
      vertex -70.1452 -68.0191 4.8
    endloop
  endfacet
  facet normal 0 0 -1
    outer loop
      vertex -70.3724 -68.1476 4.8
      vertex -69.6625 -64.5849 4.8
      vertex -70.1452 -68.0191 4.8
    endloop
  endfacet
  facet normal 0 -0 -1
    outer loop
      vertex -69.8455 -64.3987 4.8
      vertex -69.6625 -64.5849 4.8
      vertex -70.3724 -68.1476 4.8
    endloop
  endfacet
  facet normal 0 0 -1
    outer loop
      vertex -70.5586 -68.3306 4.8
      vertex -69.8455 -64.3987 4.8
      vertex -70.3724 -68.1476 4.8
    endloop
  endfacet
  facet normal 0 -0 -1
    outer loop
      vertex -69.974 -64.1715 4.8
      vertex -69.8455 -64.3987 4.8
      vertex -70.5586 -68.3306 4.8
    endloop
  endfacet
  facet normal 0 0 -1
    outer loop
      vertex -76.1263 -61.6148 4.8
      vertex -69.974 -64.1715 4.8
      vertex -70.5586 -68.3306 4.8
    endloop
  endfacet
  facet normal -0 -0 -1
    outer loop
      vertex -70.0394 -63.9187 4.8
      vertex -69.974 -64.1715 4.8
      vertex -76.1263 -61.6148 4.8
    endloop
  endfacet
  facet normal -0 0 -1
    outer loop
      vertex -70.0371 -63.6577 4.8
      vertex -70.0394 -63.9187 4.8
      vertex -76.1263 -61.6148 4.8
    endloop
  endfacet
  facet normal 0 0 -1
    outer loop
      vertex -54.0949 -71.6542 4.8
      vertex -56.3714 -65.5783 4.8
      vertex -51.2975 -51.7499 4.8
    endloop
  endfacet
  facet normal 0 0 -1
    outer loop
      vertex -56.4412 -65.8298 4.8
      vertex -56.3714 -65.5783 4.8
      vertex -54.0949 -71.6542 4.8
    endloop
  endfacet
  facet normal 0 0 -1
    outer loop
      vertex -56.5737 -66.0548 4.8
      vertex -56.4412 -65.8298 4.8
      vertex -54.0949 -71.6542 4.8
    endloop
  endfacet
  facet normal 0 0 -1
    outer loop
      vertex -51.2975 -51.7499 4.8
      vertex -52.1486 -50.6204 4.8
      vertex -51.2952 -51.4888 4.8
    endloop
  endfacet
  facet normal 0 0 -1
    outer loop
      vertex -55.1038 -52.9659 4.8
      vertex -52.1486 -50.6204 4.8
      vertex -51.2975 -51.7499 4.8
    endloop
  endfacet
  facet normal 0 0 -1
    outer loop
      vertex -54.9208 -53.1521 4.8
      vertex -55.1038 -52.9659 4.8
      vertex -51.2975 -51.7499 4.8
    endloop
  endfacet
  facet normal 0 0 -1
    outer loop
      vertex -52.1486 -50.6204 4.8
      vertex -51.3606 -51.2361 4.8
      vertex -51.2952 -51.4888 4.8
    endloop
  endfacet
  facet normal -0 -0 -1
    outer loop
      vertex -51.4891 -51.0089 4.8
      vertex -51.3606 -51.2361 4.8
      vertex -52.1486 -50.6204 4.8
    endloop
  endfacet
  facet normal -0 -0 -1
    outer loop
      vertex -51.6721 -50.8227 4.8
      vertex -51.4891 -51.0089 4.8
      vertex -52.1486 -50.6204 4.8
    endloop
  endfacet
  facet normal 0 0 -1
    outer loop
      vertex -52.1486 -50.6204 4.8
      vertex -51.897 -50.6902 4.8
      vertex -51.6721 -50.8227 4.8
    endloop
  endfacet
  facet normal -0 0 -1
    outer loop
      vertex -52.1486 -50.6204 4.8
      vertex -67.2654 -51.1214 4.8
      vertex -69.7265 -48.1766 4.8
    endloop
  endfacet
  facet normal 0 0 -1
    outer loop
      vertex -55.5803 -52.7637 4.8
      vertex -67.2654 -51.1214 4.8
      vertex -52.1486 -50.6204 4.8
    endloop
  endfacet
  facet normal 0 0 -1
    outer loop
      vertex -55.3287 -52.8334 4.8
      vertex -55.5803 -52.7637 4.8
      vertex -52.1486 -50.6204 4.8
    endloop
  endfacet
  facet normal -0 -0 -1
    outer loop
      vertex -69.7265 -48.1766 4.8
      vertex -68.1926 -51.496 4.8
      vertex -70.3379 -48.0105 4.8
    endloop
  endfacet
  facet normal -0 0 -1
    outer loop
      vertex -68.0064 -51.3131 4.8
      vertex -68.1926 -51.496 4.8
      vertex -69.7265 -48.1766 4.8
    endloop
  endfacet
  facet normal -0 0 -1
    outer loop
      vertex -67.7792 -51.1845 4.8
      vertex -68.0064 -51.3131 4.8
      vertex -69.7265 -48.1766 4.8
    endloop
  endfacet
  facet normal -0 -0 -1
    outer loop
      vertex -70.3379 -48.0105 4.8
      vertex -68.3949 -51.9725 4.8
      vertex -70.8879 -47.6961 4.8
    endloop
  endfacet
  facet normal -0 0 -1
    outer loop
      vertex -68.3251 -51.721 4.8
      vertex -68.3949 -51.9725 4.8
      vertex -70.3379 -48.0105 4.8
    endloop
  endfacet
  facet normal -0 0 -1
    outer loop
      vertex -68.1926 -51.496 4.8
      vertex -68.3251 -51.721 4.8
      vertex -70.3379 -48.0105 4.8
    endloop
  endfacet
  facet normal 0 0 -1
    outer loop
      vertex -75.7636 -56.4275 4.8
      vertex -70.8879 -47.6961 4.8
      vertex -68.3949 -51.9725 4.8
    endloop
  endfacet
  facet normal 0 -0 -1
    outer loop
      vertex -71.3412 -47.2536 4.8
      vertex -70.8879 -47.6961 4.8
      vertex -75.7636 -56.4275 4.8
    endloop
  endfacet
  facet normal 0 -0 -1
    outer loop
      vertex -74.9404 -44.6562 4.8
      vertex -71.3412 -47.2536 4.8
      vertex -75.7636 -56.4275 4.8
    endloop
  endfacet
  facet normal -0 -0 -1
    outer loop
      vertex -71.6687 -46.7113 4.8
      vertex -71.3412 -47.2536 4.8
      vertex -74.9404 -44.6562 4.8
    endloop
  endfacet
  facet normal -0 -0 -1
    outer loop
      vertex -71.8494 -46.1041 4.8
      vertex -71.6687 -46.7113 4.8
      vertex -74.9404 -44.6562 4.8
    endloop
  endfacet
  facet normal 0 0 -1
    outer loop
      vertex -74.9404 -44.6562 4.8
      vertex -71.8717 -45.471 4.8
      vertex -71.8494 -46.1041 4.8
    endloop
  endfacet
  facet normal 0 0 -1
    outer loop
      vertex -74.9564 -44.3957 4.8
      vertex -71.8717 -45.471 4.8
      vertex -74.9404 -44.6562 4.8
    endloop
  endfacet
  facet normal 0 0 -1
    outer loop
      vertex -75.0392 -44.1481 4.8
      vertex -71.8717 -45.471 4.8
      vertex -74.9564 -44.3957 4.8
    endloop
  endfacet
  facet normal 0 0 -1
    outer loop
      vertex -71.4862 -41.289 4.8
      vertex -71.8717 -45.471 4.8
      vertex -75.0392 -44.1481 4.8
    endloop
  endfacet
  facet normal 0 0 -1
    outer loop
      vertex -75.1833 -43.9304 4.8
      vertex -71.4862 -41.289 4.8
      vertex -75.0392 -44.1481 4.8
    endloop
  endfacet
  facet normal 0 0 -1
    outer loop
      vertex -75.3788 -43.7574 4.8
      vertex -71.4862 -41.289 4.8
      vertex -75.1833 -43.9304 4.8
    endloop
  endfacet
  facet normal 0 0 -1
    outer loop
      vertex -111.765 -91.3476 4.8
      vertex -114.607 -88.7135 4.8
      vertex -114.365 -88.6136 4.8
    endloop
  endfacet
  facet normal 0 0 -1
    outer loop
      vertex -114.865 -88.7476 4.8
      vertex -114.607 -88.7135 4.8
      vertex -111.765 -91.3476 4.8
    endloop
  endfacet
  facet normal 0 0 -1
    outer loop
      vertex -131.899 -90.5564 4.8
      vertex -127.165 -88.6136 4.8
      vertex -126.924 -88.7135 4.8
    endloop
  endfacet
  facet normal 0 -0 -1
    outer loop
      vertex -131.865 -90.2976 4.8
      vertex -127.165 -88.6136 4.8
      vertex -131.899 -90.5564 4.8
    endloop
  endfacet
  facet normal 0 -0 -1
    outer loop
      vertex -127.372 -88.4547 4.8
      vertex -127.165 -88.6136 4.8
      vertex -131.865 -90.2976 4.8
    endloop
  endfacet
  facet normal 0 -0 -1
    outer loop
      vertex -127.531 -88.2476 4.8
      vertex -127.372 -88.4547 4.8
      vertex -131.865 -90.2976 4.8
    endloop
  endfacet
  facet normal 0 0 -1
    outer loop
      vertex -131.865 -90.2976 4.8
      vertex -127.631 -88.0064 4.8
      vertex -127.531 -88.2476 4.8
    endloop
  endfacet
  facet normal 0 -0 -1
    outer loop
      vertex -127.665 -87.7476 4.8
      vertex -127.631 -88.0064 4.8
      vertex -131.865 -90.2976 4.8
    endloop
  endfacet
  facet normal 0 0 -1
    outer loop
      vertex -131.865 -78.4976 4.8
      vertex -127.665 -87.7476 4.8
      vertex -131.865 -90.2976 4.8
    endloop
  endfacet
  facet normal 0 -0 -1
    outer loop
      vertex -127.665 -75.9476 4.8
      vertex -127.665 -87.7476 4.8
      vertex -131.865 -78.4976 4.8
    endloop
  endfacet
  facet normal 0 0 -1
    outer loop
      vertex -131.899 -78.2388 4.8
      vertex -127.665 -75.9476 4.8
      vertex -131.865 -78.4976 4.8
    endloop
  endfacet
  facet normal 0 0 -1
    outer loop
      vertex -131.999 -77.9976 4.8
      vertex -127.665 -75.9476 4.8
      vertex -131.899 -78.2388 4.8
    endloop
  endfacet
  facet normal 0 0 -1
    outer loop
      vertex -132.158 -77.7905 4.8
      vertex -127.665 -75.9476 4.8
      vertex -131.999 -77.9976 4.8
    endloop
  endfacet
  facet normal 0 0 -1
    outer loop
      vertex -132.365 -77.6316 4.8
      vertex -127.665 -75.9476 4.8
      vertex -132.158 -77.7905 4.8
    endloop
  endfacet
  facet normal 0 0 -1
    outer loop
      vertex -132.365 -74.1636 4.8
      vertex -127.665 -75.9476 4.8
      vertex -132.365 -77.6316 4.8
    endloop
  endfacet
  facet normal 0 0 -1
    outer loop
      vertex -132.607 -74.2635 4.8
      vertex -132.365 -74.1636 4.8
      vertex -132.365 -77.6316 4.8
    endloop
  endfacet
  facet normal 0 0 -1
    outer loop
      vertex -132.365 -74.1636 4.8
      vertex -127.631 -75.6888 4.8
      vertex -127.665 -75.9476 4.8
    endloop
  endfacet
  facet normal 0 -0 -1
    outer loop
      vertex -132.158 -74.0047 4.8
      vertex -127.631 -75.6888 4.8
      vertex -132.365 -74.1636 4.8
    endloop
  endfacet
  facet normal -0 0 -1
    outer loop
      vertex -127.531 -75.4476 4.8
      vertex -127.631 -75.6888 4.8
      vertex -132.158 -74.0047 4.8
    endloop
  endfacet
  facet normal 0 -0 -1
    outer loop
      vertex -131.999 -73.7976 4.8
      vertex -127.531 -75.4476 4.8
      vertex -132.158 -74.0047 4.8
    endloop
  endfacet
  facet normal -0 0 -1
    outer loop
      vertex -127.372 -75.2405 4.8
      vertex -127.531 -75.4476 4.8
      vertex -131.999 -73.7976 4.8
    endloop
  endfacet
  facet normal 0 -0 -1
    outer loop
      vertex -131.899 -73.5564 4.8
      vertex -127.372 -75.2405 4.8
      vertex -131.999 -73.7976 4.8
    endloop
  endfacet
  facet normal -0 0 -1
    outer loop
      vertex -127.165 -75.0816 4.8
      vertex -127.372 -75.2405 4.8
      vertex -131.899 -73.5564 4.8
    endloop
  endfacet
  facet normal 0 -0 -1
    outer loop
      vertex -131.865 -73.2976 4.8
      vertex -127.165 -75.0816 4.8
      vertex -131.899 -73.5564 4.8
    endloop
  endfacet
  facet normal 0 -0 -1
    outer loop
      vertex -127.165 -71.6136 4.8
      vertex -127.165 -75.0816 4.8
      vertex -131.865 -73.2976 4.8
    endloop
  endfacet
  facet normal 0 -0 -1
    outer loop
      vertex -127.372 -71.4547 4.8
      vertex -127.165 -71.6136 4.8
      vertex -131.865 -73.2976 4.8
    endloop
  endfacet
  facet normal 0 0 -1
    outer loop
      vertex -127.165 -71.6136 4.8
      vertex -126.924 -74.9817 4.8
      vertex -127.165 -75.0816 4.8
    endloop
  endfacet
  facet normal -0 -0 -1
    outer loop
      vertex -126.924 -71.7135 4.8
      vertex -126.924 -74.9817 4.8
      vertex -127.165 -71.6136 4.8
    endloop
  endfacet
  facet normal -0 0 -1
    outer loop
      vertex -126.665 -74.9476 4.8
      vertex -126.924 -74.9817 4.8
      vertex -126.924 -71.7135 4.8
    endloop
  endfacet
  facet normal -0 -0 -1
    outer loop
      vertex -126.665 -71.7476 4.8
      vertex -126.665 -74.9476 4.8
      vertex -126.924 -71.7135 4.8
    endloop
  endfacet
  facet normal 0 0 -1
    outer loop
      vertex -114.865 -74.9476 4.8
      vertex -126.665 -74.9476 4.8
      vertex -126.665 -71.7476 4.8
    endloop
  endfacet
  facet normal -0 -0 -1
    outer loop
      vertex -114.865 -71.7476 4.8
      vertex -114.865 -74.9476 4.8
      vertex -126.665 -71.7476 4.8
    endloop
  endfacet
  facet normal 0 0 -1
    outer loop
      vertex -114.607 -74.9817 4.8
      vertex -114.865 -74.9476 4.8
      vertex -114.865 -71.7476 4.8
    endloop
  endfacet
  facet normal 0 -0 -1
    outer loop
      vertex -114.607 -71.7135 4.8
      vertex -114.607 -74.9817 4.8
      vertex -114.865 -71.7476 4.8
    endloop
  endfacet
  facet normal 0 0 -1
    outer loop
      vertex -114.365 -75.0816 4.8
      vertex -114.607 -74.9817 4.8
      vertex -114.607 -71.7135 4.8
    endloop
  endfacet
  facet normal 0 -0 -1
    outer loop
      vertex -114.365 -71.6136 4.8
      vertex -114.365 -75.0816 4.8
      vertex -114.607 -71.7135 4.8
    endloop
  endfacet
  facet normal -0 0 -1
    outer loop
      vertex -109.665 -72.5476 4.8
      vertex -114.365 -75.0816 4.8
      vertex -114.365 -71.6136 4.8
    endloop
  endfacet
  facet normal 0 -0 -1
    outer loop
      vertex -114.158 -71.4547 4.8
      vertex -109.665 -72.5476 4.8
      vertex -114.365 -71.6136 4.8
    endloop
  endfacet
  facet normal -0 0 -1
    outer loop
      vertex -109.631 -72.2888 4.8
      vertex -109.665 -72.5476 4.8
      vertex -114.158 -71.4547 4.8
    endloop
  endfacet
  facet normal 0 -0 -1
    outer loop
      vertex -113.999 -71.2476 4.8
      vertex -109.631 -72.2888 4.8
      vertex -114.158 -71.4547 4.8
    endloop
  endfacet
  facet normal -0 0 -1
    outer loop
      vertex -109.531 -72.0476 4.8
      vertex -109.631 -72.2888 4.8
      vertex -113.999 -71.2476 4.8
    endloop
  endfacet
  facet normal 0 -0 -1
    outer loop
      vertex -113.899 -71.0064 4.8
      vertex -109.531 -72.0476 4.8
      vertex -113.999 -71.2476 4.8
    endloop
  endfacet
  facet normal -0 0 -1
    outer loop
      vertex -109.372 -71.8405 4.8
      vertex -109.531 -72.0476 4.8
      vertex -113.899 -71.0064 4.8
    endloop
  endfacet
  facet normal 0 -0 -1
    outer loop
      vertex -113.865 -70.7476 4.8
      vertex -109.372 -71.8405 4.8
      vertex -113.899 -71.0064 4.8
    endloop
  endfacet
  facet normal -0 0 -1
    outer loop
      vertex -109.165 -71.6815 4.8
      vertex -109.372 -71.8405 4.8
      vertex -113.865 -70.7476 4.8
    endloop
  endfacet
  facet normal 0 -0 -1
    outer loop
      vertex -109.165 -68.2136 4.8
      vertex -109.165 -71.6815 4.8
      vertex -113.865 -70.7476 4.8
    endloop
  endfacet
  facet normal -0 0 -1
    outer loop
      vertex -108.924 -68.3135 4.8
      vertex -109.165 -71.6815 4.8
      vertex -109.165 -68.2136 4.8
    endloop
  endfacet
  facet normal -0 0 -1
    outer loop
      vertex -108.924 -71.5816 4.8
      vertex -109.165 -71.6815 4.8
      vertex -108.924 -68.3135 4.8
    endloop
  endfacet
  facet normal -0 0 -1
    outer loop
      vertex -108.665 -68.3476 4.8
      vertex -108.924 -71.5816 4.8
      vertex -108.924 -68.3135 4.8
    endloop
  endfacet
  facet normal -0 0 -1
    outer loop
      vertex -108.665 -71.5476 4.8
      vertex -108.924 -71.5816 4.8
      vertex -108.665 -68.3476 4.8
    endloop
  endfacet
  facet normal 0 0 -1
    outer loop
      vertex -96.8654 -71.5476 4.8
      vertex -108.665 -71.5476 4.8
      vertex -108.665 -68.3476 4.8
    endloop
  endfacet
  facet normal 0 0 -1
    outer loop
      vertex -109.665 -72.5476 4.8
      vertex -114.158 -75.2405 4.8
      vertex -114.365 -75.0816 4.8
    endloop
  endfacet
  facet normal 0 0 -1
    outer loop
      vertex -113.999 -75.4476 4.8
      vertex -114.158 -75.2405 4.8
      vertex -109.665 -72.5476 4.8
    endloop
  endfacet
  facet normal 0 0 -1
    outer loop
      vertex -113.899 -75.6888 4.8
      vertex -113.999 -75.4476 4.8
      vertex -109.665 -72.5476 4.8
    endloop
  endfacet
  facet normal 0 0 -1
    outer loop
      vertex -109.665 -72.5476 4.8
      vertex -113.865 -75.9476 4.8
      vertex -113.899 -75.6888 4.8
    endloop
  endfacet
  facet normal 0 0 -1
    outer loop
      vertex -109.665 -84.3476 4.8
      vertex -113.865 -75.9476 4.8
      vertex -109.665 -72.5476 4.8
    endloop
  endfacet
  facet normal 0 0 -1
    outer loop
      vertex -113.865 -87.7476 4.8
      vertex -113.865 -75.9476 4.8
      vertex -109.665 -84.3476 4.8
    endloop
  endfacet
  facet normal -0 0 -1
    outer loop
      vertex -109.631 -84.6064 4.8
      vertex -113.865 -87.7476 4.8
      vertex -109.665 -84.3476 4.8
    endloop
  endfacet
  facet normal -0 0 -1
    outer loop
      vertex -109.531 -84.8476 4.8
      vertex -113.865 -87.7476 4.8
      vertex -109.631 -84.6064 4.8
    endloop
  endfacet
  facet normal -0 0 -1
    outer loop
      vertex -109.372 -85.0547 4.8
      vertex -113.865 -87.7476 4.8
      vertex -109.531 -84.8476 4.8
    endloop
  endfacet
  facet normal -0 0 -1
    outer loop
      vertex -109.165 -85.2136 4.8
      vertex -113.865 -87.7476 4.8
      vertex -109.372 -85.0547 4.8
    endloop
  endfacet
  facet normal 0 0 -1
    outer loop
      vertex -89.53 -55.4649 4.8
      vertex -91.6654 -52.4476 4.8
      vertex -91.7029 -52.1629 4.8
    endloop
  endfacet
  facet normal 0 0 -1
    outer loop
      vertex -91.7029 -52.7323 4.8
      vertex -91.6654 -52.4476 4.8
      vertex -89.53 -55.4649 4.8
    endloop
  endfacet
  facet normal 0 0 -1
    outer loop
      vertex -91.8128 -52.9976 4.8
      vertex -91.7029 -52.7323 4.8
      vertex -89.53 -55.4649 4.8
    endloop
  endfacet
  facet normal 0 0 -1
    outer loop
      vertex -89.53 -55.4649 4.8
      vertex -91.9876 -53.2254 4.8
      vertex -91.8128 -52.9976 4.8
    endloop
  endfacet
  facet normal 0 0 -1
    outer loop
      vertex -92.2154 -53.4002 4.8
      vertex -91.9876 -53.2254 4.8
      vertex -89.53 -55.4649 4.8
    endloop
  endfacet
  facet normal 0 0 -1
    outer loop
      vertex -92.4807 -53.5101 4.8
      vertex -92.2154 -53.4002 4.8
      vertex -89.53 -55.4649 4.8
    endloop
  endfacet
  facet normal 0 0 -1
    outer loop
      vertex -89.53 -55.4649 4.8
      vertex -92.7654 -53.5476 4.8
      vertex -92.4807 -53.5101 4.8
    endloop
  endfacet
  facet normal 0 0 -1
    outer loop
      vertex -89.514 -55.7254 4.8
      vertex -92.7654 -53.5476 4.8
      vertex -89.53 -55.4649 4.8
    endloop
  endfacet
  facet normal 0 0 -1
    outer loop
      vertex -95.8654 -55.5476 4.8
      vertex -92.7654 -53.5476 4.8
      vertex -89.514 -55.7254 4.8
    endloop
  endfacet
  facet normal 0 0 -1
    outer loop
      vertex -89.4312 -55.973 4.8
      vertex -95.8654 -55.5476 4.8
      vertex -89.514 -55.7254 4.8
    endloop
  endfacet
  facet normal 0 0 -1
    outer loop
      vertex -89.2871 -56.1907 4.8
      vertex -95.8654 -55.5476 4.8
      vertex -89.4312 -55.973 4.8
    endloop
  endfacet
  facet normal 0 0 -1
    outer loop
      vertex -89.5512 -59.9672 4.8
      vertex -95.8654 -55.5476 4.8
      vertex -89.2871 -56.1907 4.8
    endloop
  endfacet
  facet normal -0 0 -1
    outer loop
      vertex -89.0916 -56.3636 4.8
      vertex -89.5512 -59.9672 4.8
      vertex -89.2871 -56.1907 4.8
    endloop
  endfacet
  facet normal -0 0 -1
    outer loop
      vertex -89.3335 -59.8231 4.8
      vertex -89.5512 -59.9672 4.8
      vertex -89.0916 -56.3636 4.8
    endloop
  endfacet
  facet normal -0 0 -1
    outer loop
      vertex -88.858 -56.4801 4.8
      vertex -89.3335 -59.8231 4.8
      vertex -89.0916 -56.3636 4.8
    endloop
  endfacet
  facet normal -0 0 -1
    outer loop
      vertex -89.0859 -59.7403 4.8
      vertex -89.3335 -59.8231 4.8
      vertex -88.858 -56.4801 4.8
    endloop
  endfacet
  facet normal -0 0 -1
    outer loop
      vertex -88.6021 -56.5322 4.8
      vertex -89.0859 -59.7403 4.8
      vertex -88.858 -56.4801 4.8
    endloop
  endfacet
  facet normal -0 0 -1
    outer loop
      vertex -88.8254 -59.7244 4.8
      vertex -89.0859 -59.7403 4.8
      vertex -88.6021 -56.5322 4.8
    endloop
  endfacet
  facet normal -0 0 -1
    outer loop
      vertex -76.8309 -57.3553 4.8
      vertex -88.8254 -59.7244 4.8
      vertex -88.6021 -56.5322 4.8
    endloop
  endfacet
  facet normal 0 0 -1
    outer loop
      vertex -77.0541 -60.5475 4.8
      vertex -88.8254 -59.7244 4.8
      vertex -76.8309 -57.3553 4.8
    endloop
  endfacet
  facet normal 0 0 -1
    outer loop
      vertex -76.5703 -57.3394 4.8
      vertex -77.0541 -60.5475 4.8
      vertex -76.8309 -57.3553 4.8
    endloop
  endfacet
  facet normal 0 0 -1
    outer loop
      vertex -76.7983 -60.5995 4.8
      vertex -77.0541 -60.5475 4.8
      vertex -76.5703 -57.3394 4.8
    endloop
  endfacet
  facet normal 0 0 -1
    outer loop
      vertex -76.3228 -57.2565 4.8
      vertex -76.7983 -60.5995 4.8
      vertex -76.5703 -57.3394 4.8
    endloop
  endfacet
  facet normal 0 0 -1
    outer loop
      vertex -76.5647 -60.716 4.8
      vertex -76.7983 -60.5995 4.8
      vertex -76.3228 -57.2565 4.8
    endloop
  endfacet
  facet normal 0 0 -1
    outer loop
      vertex -76.1051 -57.1124 4.8
      vertex -76.5647 -60.716 4.8
      vertex -76.3228 -57.2565 4.8
    endloop
  endfacet
  facet normal 0 0 -1
    outer loop
      vertex -76.3692 -60.889 4.8
      vertex -76.5647 -60.716 4.8
      vertex -76.1051 -57.1124 4.8
    endloop
  endfacet
  facet normal 0 0 -1
    outer loop
      vertex -75.9321 -56.9169 4.8
      vertex -76.3692 -60.889 4.8
      vertex -76.1051 -57.1124 4.8
    endloop
  endfacet
  facet normal 0 0 -1
    outer loop
      vertex -76.2251 -61.1067 4.8
      vertex -76.3692 -60.889 4.8
      vertex -75.9321 -56.9169 4.8
    endloop
  endfacet
  facet normal 0 0 -1
    outer loop
      vertex -70.0371 -63.6577 4.8
      vertex -76.2251 -61.1067 4.8
      vertex -75.9321 -56.9169 4.8
    endloop
  endfacet
  facet normal 0 0 -1
    outer loop
      vertex -76.1422 -61.3543 4.8
      vertex -76.2251 -61.1067 4.8
      vertex -70.0371 -63.6577 4.8
    endloop
  endfacet
  facet normal 0 0 -1
    outer loop
      vertex -76.1263 -61.6148 4.8
      vertex -76.1422 -61.3543 4.8
      vertex -70.0371 -63.6577 4.8
    endloop
  endfacet
  facet normal 0 0 -1
    outer loop
      vertex -95.8654 -55.5476 4.8
      vertex -93.0501 -53.5101 4.8
      vertex -92.7654 -53.5476 4.8
    endloop
  endfacet
  facet normal 0 0 -1
    outer loop
      vertex -95.8995 -55.2888 4.8
      vertex -93.0501 -53.5101 4.8
      vertex -95.8654 -55.5476 4.8
    endloop
  endfacet
  facet normal 0 0 -1
    outer loop
      vertex -95.9994 -55.0476 4.8
      vertex -93.0501 -53.5101 4.8
      vertex -95.8995 -55.2888 4.8
    endloop
  endfacet
  facet normal 0 -0 -1
    outer loop
      vertex -93.3154 -53.4002 4.8
      vertex -93.0501 -53.5101 4.8
      vertex -95.9994 -55.0476 4.8
    endloop
  endfacet
  facet normal 0 0 -1
    outer loop
      vertex -96.1583 -54.8405 4.8
      vertex -93.3154 -53.4002 4.8
      vertex -95.9994 -55.0476 4.8
    endloop
  endfacet
  facet normal 0 -0 -1
    outer loop
      vertex -93.5432 -53.2254 4.8
      vertex -93.3154 -53.4002 4.8
      vertex -96.1583 -54.8405 4.8
    endloop
  endfacet
  facet normal 0 0 -1
    outer loop
      vertex -96.3654 -54.6816 4.8
      vertex -93.5432 -53.2254 4.8
      vertex -96.1583 -54.8405 4.8
    endloop
  endfacet
  facet normal 0 -0 -1
    outer loop
      vertex -93.718 -52.9976 4.8
      vertex -93.5432 -53.2254 4.8
      vertex -96.3654 -54.6816 4.8
    endloop
  endfacet
  facet normal 0 0 -1
    outer loop
      vertex -96.6066 -54.5817 4.8
      vertex -93.718 -52.9976 4.8
      vertex -96.3654 -54.6816 4.8
    endloop
  endfacet
  facet normal 0 -0 -1
    outer loop
      vertex -93.8279 -52.7323 4.8
      vertex -93.718 -52.9976 4.8
      vertex -96.6066 -54.5817 4.8
    endloop
  endfacet
  facet normal 0 0 -1
    outer loop
      vertex -96.6066 -51.3135 4.8
      vertex -93.8279 -52.7323 4.8
      vertex -96.6066 -54.5817 4.8
    endloop
  endfacet
  facet normal -0 -0 -1
    outer loop
      vertex -93.8654 -52.4476 4.8
      vertex -93.8279 -52.7323 4.8
      vertex -96.6066 -51.3135 4.8
    endloop
  endfacet
  facet normal 0 -0 -1
    outer loop
      vertex -96.3654 -51.2136 4.8
      vertex -93.8654 -52.4476 4.8
      vertex -96.6066 -51.3135 4.8
    endloop
  endfacet
  facet normal -0 0 -1
    outer loop
      vertex -93.8279 -52.1629 4.8
      vertex -93.8654 -52.4476 4.8
      vertex -96.3654 -51.2136 4.8
    endloop
  endfacet
  facet normal 0 -0 -1
    outer loop
      vertex -96.1583 -51.0547 4.8
      vertex -93.8279 -52.1629 4.8
      vertex -96.3654 -51.2136 4.8
    endloop
  endfacet
  facet normal -0 0 -1
    outer loop
      vertex -93.718 -51.8976 4.8
      vertex -93.8279 -52.1629 4.8
      vertex -96.1583 -51.0547 4.8
    endloop
  endfacet
  facet normal 0 -0 -1
    outer loop
      vertex -95.9994 -50.8476 4.8
      vertex -93.718 -51.8976 4.8
      vertex -96.1583 -51.0547 4.8
    endloop
  endfacet
  facet normal -0 0 -1
    outer loop
      vertex -93.5432 -51.6698 4.8
      vertex -93.718 -51.8976 4.8
      vertex -95.9994 -50.8476 4.8
    endloop
  endfacet
  facet normal 0 -0 -1
    outer loop
      vertex -95.8995 -50.6064 4.8
      vertex -93.5432 -51.6698 4.8
      vertex -95.9994 -50.8476 4.8
    endloop
  endfacet
  facet normal -0 0 -1
    outer loop
      vertex -93.3154 -51.4949 4.8
      vertex -93.5432 -51.6698 4.8
      vertex -95.8995 -50.6064 4.8
    endloop
  endfacet
  facet normal 0 -0 -1
    outer loop
      vertex -95.8654 -50.3476 4.8
      vertex -93.3154 -51.4949 4.8
      vertex -95.8995 -50.6064 4.8
    endloop
  endfacet
  facet normal -0 0 -1
    outer loop
      vertex -93.0501 -51.3851 4.8
      vertex -93.3154 -51.4949 4.8
      vertex -95.8654 -50.3476 4.8
    endloop
  endfacet
  facet normal -0 0 -1
    outer loop
      vertex -92.7654 -51.3476 4.8
      vertex -93.0501 -51.3851 4.8
      vertex -95.8654 -50.3476 4.8
    endloop
  endfacet
  facet normal 0 0 -1
    outer loop
      vertex -88.7068 -43.6936 4.8
      vertex -92.2154 -51.4949 4.8
      vertex -92.4807 -51.3851 4.8
    endloop
  endfacet
  facet normal 0 0 -1
    outer loop
      vertex -91.9876 -51.6698 4.8
      vertex -92.2154 -51.4949 4.8
      vertex -88.7068 -43.6936 4.8
    endloop
  endfacet
  facet normal 0 0 -1
    outer loop
      vertex -91.8128 -51.8976 4.8
      vertex -91.9876 -51.6698 4.8
      vertex -88.7068 -43.6936 4.8
    endloop
  endfacet
  facet normal 0 0 -1
    outer loop
      vertex -88.7068 -43.6936 4.8
      vertex -91.7029 -52.1629 4.8
      vertex -91.8128 -51.8976 4.8
    endloop
  endfacet
  facet normal 0 0 -1
    outer loop
      vertex -89.53 -55.4649 4.8
      vertex -91.7029 -52.1629 4.8
      vertex -88.7068 -43.6936 4.8
    endloop
  endfacet
  facet normal 0 0 -1
    outer loop
      vertex -54.0949 -71.6542 4.8
      vertex -56.7599 -66.2377 4.8
      vertex -56.5737 -66.0548 4.8
    endloop
  endfacet
  facet normal 0 -0 -1
    outer loop
      vertex -75.8156 -56.6833 4.8
      vertex -70.0371 -63.6577 4.8
      vertex -75.9321 -56.9169 4.8
    endloop
  endfacet
  facet normal 0 0 -1
    outer loop
      vertex -68.3949 -51.9725 4.8
      vertex -70.0371 -63.6577 4.8
      vertex -75.8156 -56.6833 4.8
    endloop
  endfacet
  facet normal 0 -0 -1
    outer loop
      vertex -75.7636 -56.4275 4.8
      vertex -68.3949 -51.9725 4.8
      vertex -75.8156 -56.6833 4.8
    endloop
  endfacet
  facet normal 0 0 -1
    outer loop
      vertex -69.7265 -48.1766 4.8
      vertex -67.5265 -51.1192 4.8
      vertex -67.7792 -51.1845 4.8
    endloop
  endfacet
  facet normal 0 0 -1
    outer loop
      vertex -67.2654 -51.1214 4.8
      vertex -67.5265 -51.1192 4.8
      vertex -69.7265 -48.1766 4.8
    endloop
  endfacet
  facet normal 0 0 -1
    outer loop
      vertex -52.1486 -50.6204 4.8
      vertex -55.1038 -52.9659 4.8
      vertex -55.3287 -52.8334 4.8
    endloop
  endfacet
  facet normal 0 0 -1
    outer loop
      vertex -51.2975 -51.7499 4.8
      vertex -54.7923 -53.3793 4.8
      vertex -54.9208 -53.1521 4.8
    endloop
  endfacet
  facet normal 0 0 -1
    outer loop
      vertex -54.7269 -53.6321 4.8
      vertex -54.7923 -53.3793 4.8
      vertex -51.2975 -51.7499 4.8
    endloop
  endfacet
  facet normal 0 0 -1
    outer loop
      vertex -54.7292 -53.8931 4.8
      vertex -54.7269 -53.6321 4.8
      vertex -51.2975 -51.7499 4.8
    endloop
  endfacet
  facet normal 0 0 -1
    outer loop
      vertex -51.2975 -51.7499 4.8
      vertex -56.3714 -65.5783 4.8
      vertex -54.7292 -53.8931 4.8
    endloop
  endfacet
  facet normal 0 0 -1
    outer loop
      vertex -125.828 -92.1629 4.8
      vertex -131.999 -90.7976 4.8
      vertex -125.718 -91.8976 4.8
    endloop
  endfacet
  facet normal 0 0 -1
    outer loop
      vertex -132.158 -91.0047 4.8
      vertex -131.999 -90.7976 4.8
      vertex -125.828 -92.1629 4.8
    endloop
  endfacet
  facet normal 0 0 -1
    outer loop
      vertex -125.865 -92.4476 4.8
      vertex -132.158 -91.0047 4.8
      vertex -125.828 -92.1629 4.8
    endloop
  endfacet
  facet normal 0 0 -1
    outer loop
      vertex -125.828 -92.7323 4.8
      vertex -132.158 -91.0047 4.8
      vertex -125.865 -92.4476 4.8
    endloop
  endfacet
  facet normal 0 0 -1
    outer loop
      vertex -132.365 -91.1636 4.8
      vertex -132.158 -91.0047 4.8
      vertex -125.828 -92.7323 4.8
    endloop
  endfacet
  facet normal 0 0 -1
    outer loop
      vertex -125.718 -92.9976 4.8
      vertex -132.365 -91.1636 4.8
      vertex -125.828 -92.7323 4.8
    endloop
  endfacet
  facet normal 0 0 -1
    outer loop
      vertex -132.607 -91.2635 4.8
      vertex -132.365 -91.1636 4.8
      vertex -125.718 -92.9976 4.8
    endloop
  endfacet
  facet normal 0 0 -1
    outer loop
      vertex -133.865 -96.1976 4.8
      vertex -132.607 -91.2635 4.8
      vertex -125.718 -92.9976 4.8
    endloop
  endfacet
  facet normal 0 -0 -1
    outer loop
      vertex -132.865 -91.2976 4.8
      vertex -132.607 -91.2635 4.8
      vertex -133.865 -96.1976 4.8
    endloop
  endfacet
  facet normal 0 0 -1
    outer loop
      vertex -134.124 -96.2317 4.8
      vertex -132.865 -91.2976 4.8
      vertex -133.865 -96.1976 4.8
    endloop
  endfacet
  facet normal 0 0 -1
    outer loop
      vertex -134.365 -96.3316 4.8
      vertex -132.865 -91.2976 4.8
      vertex -134.124 -96.2317 4.8
    endloop
  endfacet
  facet normal 0 0 -1
    outer loop
      vertex -144.665 -91.2976 4.8
      vertex -132.865 -91.2976 4.8
      vertex -134.365 -96.3316 4.8
    endloop
  endfacet
  facet normal 0 0 -1
    outer loop
      vertex -134.572 -96.4905 4.8
      vertex -144.665 -91.2976 4.8
      vertex -134.365 -96.3316 4.8
    endloop
  endfacet
  facet normal 0 0 -1
    outer loop
      vertex -143.187 -97.6246 4.8
      vertex -144.665 -91.2976 4.8
      vertex -134.572 -96.4905 4.8
    endloop
  endfacet
  facet normal -0 0 -1
    outer loop
      vertex -134.731 -96.6976 4.8
      vertex -143.187 -97.6246 4.8
      vertex -134.572 -96.4905 4.8
    endloop
  endfacet
  facet normal 0 0 -1
    outer loop
      vertex -142.98 -97.7835 4.8
      vertex -143.187 -97.6246 4.8
      vertex -134.731 -96.6976 4.8
    endloop
  endfacet
  facet normal -0 0 -1
    outer loop
      vertex -134.831 -96.9388 4.8
      vertex -142.98 -97.7835 4.8
      vertex -134.731 -96.6976 4.8
    endloop
  endfacet
  facet normal 0 0 -1
    outer loop
      vertex -142.821 -97.9906 4.8
      vertex -142.98 -97.7835 4.8
      vertex -134.831 -96.9388 4.8
    endloop
  endfacet
  facet normal -0 0 -1
    outer loop
      vertex -134.865 -97.1976 4.8
      vertex -142.821 -97.9906 4.8
      vertex -134.831 -96.9388 4.8
    endloop
  endfacet
  facet normal 0 0 -1
    outer loop
      vertex -142.721 -98.2318 4.8
      vertex -142.821 -97.9906 4.8
      vertex -134.865 -97.1976 4.8
    endloop
  endfacet
  facet normal 0 0 -1
    outer loop
      vertex -134.865 -108.998 4.8
      vertex -142.721 -98.2318 4.8
      vertex -134.865 -97.1976 4.8
    endloop
  endfacet
  facet normal 0 0 -1
    outer loop
      vertex -139.667 -109.63 4.8
      vertex -142.721 -98.2318 4.8
      vertex -134.865 -108.998 4.8
    endloop
  endfacet
  facet normal -0 0 -1
    outer loop
      vertex -134.831 -109.256 4.8
      vertex -139.667 -109.63 4.8
      vertex -134.865 -108.998 4.8
    endloop
  endfacet
  facet normal 0 0 -1
    outer loop
      vertex -139.633 -109.889 4.8
      vertex -139.667 -109.63 4.8
      vertex -134.831 -109.256 4.8
    endloop
  endfacet
  facet normal -0 0 -1
    outer loop
      vertex -134.731 -109.498 4.8
      vertex -139.633 -109.889 4.8
      vertex -134.831 -109.256 4.8
    endloop
  endfacet
  facet normal 0 0 -1
    outer loop
      vertex -139.667 -110.147 4.8
      vertex -139.633 -109.889 4.8
      vertex -134.731 -109.498 4.8
    endloop
  endfacet
  facet normal 0 0 -1
    outer loop
      vertex -148.765 -92.6128 4.8
      vertex -145.531 -90.7976 4.8
      vertex -145.372 -91.0047 4.8
    endloop
  endfacet
  facet normal 0 -0 -1
    outer loop
      vertex -145.631 -90.5564 4.8
      vertex -145.531 -90.7976 4.8
      vertex -148.765 -92.6128 4.8
    endloop
  endfacet
  facet normal 0 -0 -1
    outer loop
      vertex -145.665 -90.2976 4.8
      vertex -145.631 -90.5564 4.8
      vertex -148.765 -92.6128 4.8
    endloop
  endfacet
  facet normal 0 0 -1
    outer loop
      vertex -148.765 -92.6128 4.8
      vertex -145.665 -78.4976 4.8
      vertex -145.665 -90.2976 4.8
    endloop
  endfacet
  facet normal 0 0 -1
    outer loop
      vertex -145.631 -78.2388 4.8
      vertex -145.531 -73.7976 4.8
      vertex -145.531 -77.9976 4.8
    endloop
  endfacet
  facet normal 0 0 -1
    outer loop
      vertex -145.631 -73.5564 4.8
      vertex -145.531 -73.7976 4.8
      vertex -145.631 -78.2388 4.8
    endloop
  endfacet
  facet normal 0 0 -1
    outer loop
      vertex -145.665 -73.2976 4.8
      vertex -145.631 -73.5564 4.8
      vertex -145.631 -78.2388 4.8
    endloop
  endfacet
  facet normal -0 0 -1
    outer loop
      vertex -145.372 -74.0047 4.8
      vertex -145.531 -77.9976 4.8
      vertex -145.531 -73.7976 4.8
    endloop
  endfacet
  facet normal -0 0 -1
    outer loop
      vertex -145.372 -77.7905 4.8
      vertex -145.531 -77.9976 4.8
      vertex -145.372 -74.0047 4.8
    endloop
  endfacet
  facet normal -0 0 -1
    outer loop
      vertex -145.165 -74.1636 4.8
      vertex -145.372 -77.7905 4.8
      vertex -145.372 -74.0047 4.8
    endloop
  endfacet
  facet normal -0 0 -1
    outer loop
      vertex -145.165 -77.6316 4.8
      vertex -145.372 -77.7905 4.8
      vertex -145.165 -74.1636 4.8
    endloop
  endfacet
  facet normal -0 0 -1
    outer loop
      vertex -144.924 -74.2635 4.8
      vertex -145.165 -77.6316 4.8
      vertex -145.165 -74.1636 4.8
    endloop
  endfacet
  facet normal -0 0 -1
    outer loop
      vertex -144.924 -77.5317 4.8
      vertex -145.165 -77.6316 4.8
      vertex -144.924 -74.2635 4.8
    endloop
  endfacet
  facet normal -0 0 -1
    outer loop
      vertex -144.665 -74.2976 4.8
      vertex -144.924 -77.5317 4.8
      vertex -144.924 -74.2635 4.8
    endloop
  endfacet
  facet normal -0 0 -1
    outer loop
      vertex -144.665 -77.4976 4.8
      vertex -144.924 -77.5317 4.8
      vertex -144.665 -74.2976 4.8
    endloop
  endfacet
  facet normal 0 0 -1
    outer loop
      vertex -132.865 -77.4976 4.8
      vertex -144.665 -77.4976 4.8
      vertex -144.665 -74.2976 4.8
    endloop
  endfacet
  facet normal -0 -0 -1
    outer loop
      vertex -132.865 -74.2976 4.8
      vertex -132.865 -77.4976 4.8
      vertex -144.665 -74.2976 4.8
    endloop
  endfacet
  facet normal 0 0 -1
    outer loop
      vertex -132.607 -77.5317 4.8
      vertex -132.865 -77.4976 4.8
      vertex -132.865 -74.2976 4.8
    endloop
  endfacet
  facet normal 0 -0 -1
    outer loop
      vertex -132.607 -74.2635 4.8
      vertex -132.607 -77.5317 4.8
      vertex -132.865 -74.2976 4.8
    endloop
  endfacet
  facet normal 0 0 -1
    outer loop
      vertex -132.365 -77.6316 4.8
      vertex -132.607 -77.5317 4.8
      vertex -132.607 -74.2635 4.8
    endloop
  endfacet
  facet normal 0 -0 -1
    outer loop
      vertex -78.1873 -90.6005 4.8
      vertex -74.769 -97.3268 4.8
      vertex -78.3038 -90.8341 4.8
    endloop
  endfacet
  facet normal 0 0 -1
    outer loop
      vertex -73.1268 -85.6416 4.8
      vertex -74.769 -97.3268 4.8
      vertex -78.1873 -90.6005 4.8
    endloop
  endfacet
  facet normal 0 0 -1
    outer loop
      vertex -133.865 -96.1976 4.8
      vertex -125.05 -93.5101 4.8
      vertex -122.065 -96.1976 4.8
    endloop
  endfacet
  facet normal 0 -0 -1
    outer loop
      vertex -125.315 -93.4002 4.8
      vertex -125.05 -93.5101 4.8
      vertex -133.865 -96.1976 4.8
    endloop
  endfacet
  facet normal 0 -0 -1
    outer loop
      vertex -125.543 -93.2254 4.8
      vertex -125.315 -93.4002 4.8
      vertex -133.865 -96.1976 4.8
    endloop
  endfacet
  facet normal 0 0 -1
    outer loop
      vertex -122.065 -96.1976 4.8
      vertex -123.988 -93.2254 4.8
      vertex -121.807 -96.2317 4.8
    endloop
  endfacet
  facet normal 0 0 -1
    outer loop
      vertex -124.215 -93.4002 4.8
      vertex -123.988 -93.2254 4.8
      vertex -122.065 -96.1976 4.8
    endloop
  endfacet
  facet normal 0 0 -1
    outer loop
      vertex -124.481 -93.5101 4.8
      vertex -124.215 -93.4002 4.8
      vertex -122.065 -96.1976 4.8
    endloop
  endfacet
  facet normal 0 0 -1
    outer loop
      vertex -136.961 -112.632 4.8
      vertex -140.374 -110.854 4.8
      vertex -140.133 -110.755 4.8
    endloop
  endfacet
  facet normal 0 0 -1
    outer loop
      vertex -151.772 -113.909 4.8
      vertex -140.374 -110.854 4.8
      vertex -136.961 -112.632 4.8
    endloop
  endfacet
  facet normal 0 0 -1
    outer loop
      vertex -153.327 -117.017 4.8
      vertex -152.531 -113.809 4.8
      vertex -152.289 -113.909 4.8
    endloop
  endfacet
  facet normal 0 0 -1
    outer loop
      vertex -144.665 -91.2976 4.8
      vertex -143.687 -97.4906 4.8
      vertex -143.946 -97.5247 4.8
    endloop
  endfacet
  facet normal 0 0 -1
    outer loop
      vertex -143.428 -97.5247 4.8
      vertex -143.687 -97.4906 4.8
      vertex -144.665 -91.2976 4.8
    endloop
  endfacet
  facet normal 0 0 -1
    outer loop
      vertex -143.187 -97.6246 4.8
      vertex -143.428 -97.5247 4.8
      vertex -144.665 -91.2976 4.8
    endloop
  endfacet
  facet normal 0 0 -1
    outer loop
      vertex -95.8654 -72.5476 4.8
      vertex -90.737 -76.9258 4.8
      vertex -90.91 -77.1213 4.8
    endloop
  endfacet
  facet normal -0 0 -1
    outer loop
      vertex -90.473 -73.1493 4.8
      vertex -90.737 -76.9258 4.8
      vertex -95.8654 -72.5476 4.8
    endloop
  endfacet
  facet normal -0 -0 -1
    outer loop
      vertex -90.6171 -72.9316 4.8
      vertex -90.473 -73.1493 4.8
      vertex -95.8654 -72.5476 4.8
    endloop
  endfacet
  facet normal -0 0 -1
    outer loop
      vertex -90.2774 -73.3222 4.8
      vertex -90.737 -76.9258 4.8
      vertex -90.473 -73.1493 4.8
    endloop
  endfacet
  facet normal -0 0 -1
    outer loop
      vertex -90.5194 -76.7817 4.8
      vertex -90.737 -76.9258 4.8
      vertex -90.2774 -73.3222 4.8
    endloop
  endfacet
  facet normal -0 0 -1
    outer loop
      vertex -90.0438 -73.4387 4.8
      vertex -90.5194 -76.7817 4.8
      vertex -90.2774 -73.3222 4.8
    endloop
  endfacet
  facet normal -0 0 -1
    outer loop
      vertex -90.2718 -76.6989 4.8
      vertex -90.5194 -76.7817 4.8
      vertex -90.0438 -73.4387 4.8
    endloop
  endfacet
  facet normal -0 0 -1
    outer loop
      vertex -89.788 -73.4908 4.8
      vertex -90.2718 -76.6989 4.8
      vertex -90.0438 -73.4387 4.8
    endloop
  endfacet
  facet normal -0 0 -1
    outer loop
      vertex -90.0112 -76.683 4.8
      vertex -90.2718 -76.6989 4.8
      vertex -89.788 -73.4908 4.8
    endloop
  endfacet
  facet normal -0 0 -1
    outer loop
      vertex -78.0168 -74.3139 4.8
      vertex -90.0112 -76.683 4.8
      vertex -89.788 -73.4908 4.8
    endloop
  endfacet
  facet normal 0 0 -1
    outer loop
      vertex -78.24 -77.5061 4.8
      vertex -90.0112 -76.683 4.8
      vertex -78.0168 -74.3139 4.8
    endloop
  endfacet
  facet normal -0 0 -1
    outer loop
      vertex -75.5139 -76.0873 4.8
      vertex -78.24 -77.5061 4.8
      vertex -78.0168 -74.3139 4.8
    endloop
  endfacet
  facet normal -0 0 -1
    outer loop
      vertex -75.5514 -76.372 4.8
      vertex -78.24 -77.5061 4.8
      vertex -75.5139 -76.0873 4.8
    endloop
  endfacet
  facet normal 0 0 -1
    outer loop
      vertex -77.9842 -77.5581 4.8
      vertex -78.24 -77.5061 4.8
      vertex -75.5514 -76.372 4.8
    endloop
  endfacet
  facet normal -0 0 -1
    outer loop
      vertex -75.5139 -76.6567 4.8
      vertex -77.9842 -77.5581 4.8
      vertex -75.5514 -76.372 4.8
    endloop
  endfacet
  facet normal 0 0 -1
    outer loop
      vertex -77.7505 -77.6746 4.8
      vertex -77.9842 -77.5581 4.8
      vertex -75.5139 -76.6567 4.8
    endloop
  endfacet
  facet normal -0 0 -1
    outer loop
      vertex -75.404 -76.922 4.8
      vertex -77.7505 -77.6746 4.8
      vertex -75.5139 -76.6567 4.8
    endloop
  endfacet
  facet normal 0 0 -1
    outer loop
      vertex -77.555 -77.8476 4.8
      vertex -77.7505 -77.6746 4.8
      vertex -75.404 -76.922 4.8
    endloop
  endfacet
  facet normal -0 0 -1
    outer loop
      vertex -75.2292 -77.1498 4.8
      vertex -77.555 -77.8476 4.8
      vertex -75.404 -76.922 4.8
    endloop
  endfacet
  facet normal 0 0 -1
    outer loop
      vertex -77.4109 -78.0653 4.8
      vertex -77.555 -77.8476 4.8
      vertex -75.2292 -77.1498 4.8
    endloop
  endfacet
  facet normal -0 0 -1
    outer loop
      vertex -75.0014 -77.3246 4.8
      vertex -77.4109 -78.0653 4.8
      vertex -75.2292 -77.1498 4.8
    endloop
  endfacet
  facet normal 0 0 -1
    outer loop
      vertex -77.3281 -78.3128 4.8
      vertex -77.4109 -78.0653 4.8
      vertex -75.0014 -77.3246 4.8
    endloop
  endfacet
  facet normal 0 0 -1
    outer loop
      vertex -77.3122 -78.5734 4.8
      vertex -77.3281 -78.3128 4.8
      vertex -75.0014 -77.3246 4.8
    endloop
  endfacet
  facet normal 0 0 -1
    outer loop
      vertex -117.965 -91.3476 4.8
      vertex -123.665 -92.4476 4.8
      vertex -123.703 -92.1629 4.8
    endloop
  endfacet
  facet normal 0 0 -1
    outer loop
      vertex -123.703 -92.7323 4.8
      vertex -123.665 -92.4476 4.8
      vertex -117.965 -91.3476 4.8
    endloop
  endfacet
  facet normal 0 0 -1
    outer loop
      vertex -123.813 -92.9976 4.8
      vertex -123.703 -92.7323 4.8
      vertex -117.965 -91.3476 4.8
    endloop
  endfacet
  facet normal 0 0 -1
    outer loop
      vertex -122.065 -96.1976 4.8
      vertex -124.765 -93.5476 4.8
      vertex -124.481 -93.5101 4.8
    endloop
  endfacet
  facet normal 0 0 -1
    outer loop
      vertex -125.05 -93.5101 4.8
      vertex -124.765 -93.5476 4.8
      vertex -122.065 -96.1976 4.8
    endloop
  endfacet
  facet normal 0 0 -1
    outer loop
      vertex -133.865 -96.1976 4.8
      vertex -125.718 -92.9976 4.8
      vertex -125.543 -93.2254 4.8
    endloop
  endfacet
  facet normal 0 0 -1
    outer loop
      vertex -117.965 -91.3476 4.8
      vertex -123.988 -91.6698 4.8
      vertex -124.215 -91.4949 4.8
    endloop
  endfacet
  facet normal 0 0 -1
    outer loop
      vertex -123.813 -91.8976 4.8
      vertex -123.988 -91.6698 4.8
      vertex -117.965 -91.3476 4.8
    endloop
  endfacet
  facet normal 0 0 -1
    outer loop
      vertex -123.703 -92.1629 4.8
      vertex -123.813 -91.8976 4.8
      vertex -117.965 -91.3476 4.8
    endloop
  endfacet
  facet normal 0 0 -1
    outer loop
      vertex -77.3122 -78.5734 4.8
      vertex -72.34 -81.006 4.8
      vertex -72.2114 -81.2332 4.8
    endloop
  endfacet
  facet normal -0 -0 -1
    outer loop
      vertex -72.4053 -80.7533 4.8
      vertex -72.34 -81.006 4.8
      vertex -77.3122 -78.5734 4.8
    endloop
  endfacet
  facet normal -0 0 -1
    outer loop
      vertex -72.4031 -80.4922 4.8
      vertex -72.4053 -80.7533 4.8
      vertex -77.3122 -78.5734 4.8
    endloop
  endfacet
  facet normal 0 0 -1
    outer loop
      vertex -72.4031 -80.4922 4.8
      vertex -73.3514 -76.372 4.8
      vertex -70.7608 -68.8071 4.8
    endloop
  endfacet
  facet normal 0 0 -1
    outer loop
      vertex -73.3889 -76.6567 4.8
      vertex -73.3514 -76.372 4.8
      vertex -72.4031 -80.4922 4.8
    endloop
  endfacet
  facet normal 0 0 -1
    outer loop
      vertex -73.4988 -76.922 4.8
      vertex -73.3889 -76.6567 4.8
      vertex -72.4031 -80.4922 4.8
    endloop
  endfacet
  facet normal -0 0 -1
    outer loop
      vertex -70.7608 -68.8071 4.8
      vertex -76.9494 -73.3861 4.8
      vertex -70.6911 -68.5555 4.8
    endloop
  endfacet
  facet normal 0 0 -1
    outer loop
      vertex -74.1667 -75.3094 4.8
      vertex -76.9494 -73.3861 4.8
      vertex -70.7608 -68.8071 4.8
    endloop
  endfacet
  facet normal 0 0 -1
    outer loop
      vertex -73.9014 -75.4193 4.8
      vertex -74.1667 -75.3094 4.8
      vertex -70.7608 -68.8071 4.8
    endloop
  endfacet
  facet normal 0 -0 -1
    outer loop
      vertex -76.1263 -61.6148 4.8
      vertex -70.6911 -68.5555 4.8
      vertex -76.9494 -73.3861 4.8
    endloop
  endfacet
  facet normal -0 0 -1
    outer loop
      vertex -70.5586 -68.3306 4.8
      vertex -70.6911 -68.5555 4.8
      vertex -76.1263 -61.6148 4.8
    endloop
  endfacet
  facet normal 0 0 -1
    outer loop
      vertex -153.408 -117.042 4.8
      vertex -157.337 -115.555 4.8
      vertex -157.371 -115.296 4.8
    endloop
  endfacet
  facet normal 0 0 -1
    outer loop
      vertex -156.051 -101.803 4.8
      vertex -163.371 -104.836 4.8
      vertex -163.53 -104.628 4.8
    endloop
  endfacet
  facet normal 0 0 -1
    outer loop
      vertex -131.865 -73.2976 4.8
      vertex -127.531 -71.2476 4.8
      vertex -127.372 -71.4547 4.8
    endloop
  endfacet
  facet normal 0 -0 -1
    outer loop
      vertex -127.631 -71.0064 4.8
      vertex -127.531 -71.2476 4.8
      vertex -131.865 -73.2976 4.8
    endloop
  endfacet
  facet normal 0 -0 -1
    outer loop
      vertex -127.665 -70.7476 4.8
      vertex -127.631 -71.0064 4.8
      vertex -131.865 -73.2976 4.8
    endloop
  endfacet
  facet normal 0 0 -1
    outer loop
      vertex -131.865 -61.4976 4.8
      vertex -127.665 -70.7476 4.8
      vertex -131.865 -73.2976 4.8
    endloop
  endfacet
  facet normal 0 -0 -1
    outer loop
      vertex -127.665 -58.9476 4.8
      vertex -127.665 -70.7476 4.8
      vertex -131.865 -61.4976 4.8
    endloop
  endfacet
  facet normal 0 0 -1
    outer loop
      vertex -131.899 -61.2388 4.8
      vertex -127.665 -58.9476 4.8
      vertex -131.865 -61.4976 4.8
    endloop
  endfacet
  facet normal 0 0 -1
    outer loop
      vertex -131.999 -60.9976 4.8
      vertex -127.665 -58.9476 4.8
      vertex -131.899 -61.2388 4.8
    endloop
  endfacet
  facet normal 0 0 -1
    outer loop
      vertex -132.158 -60.7905 4.8
      vertex -127.665 -58.9476 4.8
      vertex -131.999 -60.9976 4.8
    endloop
  endfacet
  facet normal 0 0 -1
    outer loop
      vertex -132.365 -60.6316 4.8
      vertex -127.665 -58.9476 4.8
      vertex -132.158 -60.7905 4.8
    endloop
  endfacet
  facet normal 0 -0 -1
    outer loop
      vertex -129.685 -57.4125 4.8
      vertex -127.665 -58.9476 4.8
      vertex -132.365 -60.6316 4.8
    endloop
  endfacet
  facet normal 0 -0 -1
    outer loop
      vertex -129.95 -57.3026 4.8
      vertex -129.685 -57.4125 4.8
      vertex -132.365 -60.6316 4.8
    endloop
  endfacet
  facet normal -0 -0 -1
    outer loop
      vertex -129.4 -57.45 4.8
      vertex -127.665 -58.9476 4.8
      vertex -129.685 -57.4125 4.8
    endloop
  endfacet
  facet normal -0 0 -1
    outer loop
      vertex -127.631 -58.6888 4.8
      vertex -127.665 -58.9476 4.8
      vertex -129.4 -57.45 4.8
    endloop
  endfacet
  facet normal 0 -0 -1
    outer loop
      vertex -129.115 -57.4125 4.8
      vertex -127.631 -58.6888 4.8
      vertex -129.4 -57.45 4.8
    endloop
  endfacet
  facet normal -0 0 -1
    outer loop
      vertex -127.531 -58.4476 4.8
      vertex -127.631 -58.6888 4.8
      vertex -129.115 -57.4125 4.8
    endloop
  endfacet
  facet normal 0 -0 -1
    outer loop
      vertex -128.85 -57.3026 4.8
      vertex -127.531 -58.4476 4.8
      vertex -129.115 -57.4125 4.8
    endloop
  endfacet
  facet normal -0 0 -1
    outer loop
      vertex -127.372 -58.2405 4.8
      vertex -127.531 -58.4476 4.8
      vertex -128.85 -57.3026 4.8
    endloop
  endfacet
  facet normal 0 -0 -1
    outer loop
      vertex -128.622 -57.1278 4.8
      vertex -127.372 -58.2405 4.8
      vertex -128.85 -57.3026 4.8
    endloop
  endfacet
  facet normal -0 0 -1
    outer loop
      vertex -127.165 -58.0816 4.8
      vertex -127.372 -58.2405 4.8
      vertex -128.622 -57.1278 4.8
    endloop
  endfacet
  facet normal 0 -0 -1
    outer loop
      vertex -128.447 -56.9 4.8
      vertex -127.165 -58.0816 4.8
      vertex -128.622 -57.1278 4.8
    endloop
  endfacet
  facet normal -0 0 -1
    outer loop
      vertex -126.924 -57.9817 4.8
      vertex -127.165 -58.0816 4.8
      vertex -128.447 -56.9 4.8
    endloop
  endfacet
  facet normal 0 -0 -1
    outer loop
      vertex -128.337 -56.6347 4.8
      vertex -126.924 -57.9817 4.8
      vertex -128.447 -56.9 4.8
    endloop
  endfacet
  facet normal -0 0 -1
    outer loop
      vertex -126.665 -57.9476 4.8
      vertex -126.924 -57.9817 4.8
      vertex -128.337 -56.6347 4.8
    endloop
  endfacet
  facet normal 0 -0 -1
    outer loop
      vertex -128.3 -56.35 4.8
      vertex -126.665 -57.9476 4.8
      vertex -128.337 -56.6347 4.8
    endloop
  endfacet
  facet normal 0 -0 -1
    outer loop
      vertex -126.665 -54.7476 4.8
      vertex -126.665 -57.9476 4.8
      vertex -128.3 -56.35 4.8
    endloop
  endfacet
  facet normal 0 0 -1
    outer loop
      vertex -128.337 -56.0653 4.8
      vertex -126.665 -54.7476 4.8
      vertex -128.3 -56.35 4.8
    endloop
  endfacet
  facet normal 0 -0 -1
    outer loop
      vertex -126.924 -54.7135 4.8
      vertex -126.665 -54.7476 4.8
      vertex -128.337 -56.0653 4.8
    endloop
  endfacet
  facet normal 0 0 -1
    outer loop
      vertex -128.447 -55.8 4.8
      vertex -126.924 -54.7135 4.8
      vertex -128.337 -56.0653 4.8
    endloop
  endfacet
  facet normal 0 -0 -1
    outer loop
      vertex -127.165 -54.6136 4.8
      vertex -126.924 -54.7135 4.8
      vertex -128.447 -55.8 4.8
    endloop
  endfacet
  facet normal 0 0 -1
    outer loop
      vertex -128.622 -55.5722 4.8
      vertex -127.165 -54.6136 4.8
      vertex -128.447 -55.8 4.8
    endloop
  endfacet
  facet normal 0 -0 -1
    outer loop
      vertex -127.372 -54.4547 4.8
      vertex -127.165 -54.6136 4.8
      vertex -128.622 -55.5722 4.8
    endloop
  endfacet
  facet normal 0 0 -1
    outer loop
      vertex -128.85 -55.3974 4.8
      vertex -127.372 -54.4547 4.8
      vertex -128.622 -55.5722 4.8
    endloop
  endfacet
  facet normal 0 -0 -1
    outer loop
      vertex -127.531 -54.2476 4.8
      vertex -127.372 -54.4547 4.8
      vertex -128.85 -55.3974 4.8
    endloop
  endfacet
  facet normal 0 0 -1
    outer loop
      vertex -129.115 -55.2875 4.8
      vertex -127.531 -54.2476 4.8
      vertex -128.85 -55.3974 4.8
    endloop
  endfacet
  facet normal 0 -0 -1
    outer loop
      vertex -127.631 -54.0064 4.8
      vertex -127.531 -54.2476 4.8
      vertex -129.115 -55.2875 4.8
    endloop
  endfacet
  facet normal 0 0 -1
    outer loop
      vertex -129.4 -55.25 4.8
      vertex -127.631 -54.0064 4.8
      vertex -129.115 -55.2875 4.8
    endloop
  endfacet
  facet normal 0 -0 -1
    outer loop
      vertex -127.665 -53.7476 4.8
      vertex -127.631 -54.0064 4.8
      vertex -129.4 -55.25 4.8
    endloop
  endfacet
  facet normal 0 0 -1
    outer loop
      vertex -129.685 -55.2875 4.8
      vertex -127.665 -53.7476 4.8
      vertex -129.4 -55.25 4.8
    endloop
  endfacet
  facet normal 0 0 -1
    outer loop
      vertex -129.95 -55.3974 4.8
      vertex -127.665 -53.7476 4.8
      vertex -129.685 -55.2875 4.8
    endloop
  endfacet
  facet normal 0 0 -1
    outer loop
      vertex -131.865 -44.4976 4.8
      vertex -127.665 -53.7476 4.8
      vertex -129.95 -55.3974 4.8
    endloop
  endfacet
  facet normal 0 0 -1
    outer loop
      vertex -131.865 -56.2976 4.8
      vertex -131.865 -44.4976 4.8
      vertex -129.95 -55.3974 4.8
    endloop
  endfacet
  facet normal 0 0 -1
    outer loop
      vertex -126.665 -54.7476 4.8
      vertex -114.865 -57.9476 4.8
      vertex -126.665 -57.9476 4.8
    endloop
  endfacet
  facet normal -0 -0 -1
    outer loop
      vertex -114.865 -54.7476 4.8
      vertex -114.865 -57.9476 4.8
      vertex -126.665 -54.7476 4.8
    endloop
  endfacet
  facet normal 0 0 -1
    outer loop
      vertex -114.607 -57.9817 4.8
      vertex -114.865 -57.9476 4.8
      vertex -114.865 -54.7476 4.8
    endloop
  endfacet
  facet normal 0 -0 -1
    outer loop
      vertex -114.607 -54.7135 4.8
      vertex -114.607 -57.9817 4.8
      vertex -114.865 -54.7476 4.8
    endloop
  endfacet
  facet normal 0 0 -1
    outer loop
      vertex -114.365 -58.0816 4.8
      vertex -114.607 -57.9817 4.8
      vertex -114.607 -54.7135 4.8
    endloop
  endfacet
  facet normal 0 -0 -1
    outer loop
      vertex -114.365 -54.6136 4.8
      vertex -114.365 -58.0816 4.8
      vertex -114.607 -54.7135 4.8
    endloop
  endfacet
  facet normal -0 0 -1
    outer loop
      vertex -109.665 -55.5476 4.8
      vertex -114.365 -58.0816 4.8
      vertex -114.365 -54.6136 4.8
    endloop
  endfacet
  facet normal 0 -0 -1
    outer loop
      vertex -114.158 -54.4547 4.8
      vertex -109.665 -55.5476 4.8
      vertex -114.365 -54.6136 4.8
    endloop
  endfacet
  facet normal -0 0 -1
    outer loop
      vertex -109.631 -55.2888 4.8
      vertex -109.665 -55.5476 4.8
      vertex -114.158 -54.4547 4.8
    endloop
  endfacet
  facet normal 0 -0 -1
    outer loop
      vertex -113.999 -54.2476 4.8
      vertex -109.631 -55.2888 4.8
      vertex -114.158 -54.4547 4.8
    endloop
  endfacet
  facet normal -0 0 -1
    outer loop
      vertex -109.531 -55.0476 4.8
      vertex -109.631 -55.2888 4.8
      vertex -113.999 -54.2476 4.8
    endloop
  endfacet
  facet normal 0 -0 -1
    outer loop
      vertex -113.899 -54.0064 4.8
      vertex -109.531 -55.0476 4.8
      vertex -113.999 -54.2476 4.8
    endloop
  endfacet
  facet normal -0 0 -1
    outer loop
      vertex -109.372 -54.8405 4.8
      vertex -109.531 -55.0476 4.8
      vertex -113.899 -54.0064 4.8
    endloop
  endfacet
  facet normal 0 -0 -1
    outer loop
      vertex -113.865 -53.7476 4.8
      vertex -109.372 -54.8405 4.8
      vertex -113.899 -54.0064 4.8
    endloop
  endfacet
  facet normal -0 0 -1
    outer loop
      vertex -109.165 -54.6816 4.8
      vertex -109.372 -54.8405 4.8
      vertex -113.865 -53.7476 4.8
    endloop
  endfacet
  facet normal 0 -0 -1
    outer loop
      vertex -109.165 -51.2136 4.8
      vertex -109.165 -54.6816 4.8
      vertex -113.865 -53.7476 4.8
    endloop
  endfacet
  facet normal -0 0 -1
    outer loop
      vertex -108.924 -54.5817 4.8
      vertex -109.165 -54.6816 4.8
      vertex -109.165 -51.2136 4.8
    endloop
  endfacet
  facet normal -0 -0 -1
    outer loop
      vertex -108.924 -51.3135 4.8
      vertex -108.924 -54.5817 4.8
      vertex -109.165 -51.2136 4.8
    endloop
  endfacet
  facet normal -0 0 -1
    outer loop
      vertex -108.665 -54.5476 4.8
      vertex -108.924 -54.5817 4.8
      vertex -108.924 -51.3135 4.8
    endloop
  endfacet
  facet normal -0 -0 -1
    outer loop
      vertex -108.665 -51.3476 4.8
      vertex -108.665 -54.5476 4.8
      vertex -108.924 -51.3135 4.8
    endloop
  endfacet
  facet normal -0 0 -1
    outer loop
      vertex -96.8654 -51.3476 4.8
      vertex -108.665 -54.5476 4.8
      vertex -108.665 -51.3476 4.8
    endloop
  endfacet
  facet normal 0 0 -1
    outer loop
      vertex -96.8654 -54.5476 4.8
      vertex -108.665 -54.5476 4.8
      vertex -96.8654 -51.3476 4.8
    endloop
  endfacet
  facet normal 0 0 -1
    outer loop
      vertex -96.6066 -51.3135 4.8
      vertex -96.8654 -54.5476 4.8
      vertex -96.8654 -51.3476 4.8
    endloop
  endfacet
  facet normal 0 0 -1
    outer loop
      vertex -96.6066 -54.5817 4.8
      vertex -96.8654 -54.5476 4.8
      vertex -96.6066 -51.3135 4.8
    endloop
  endfacet
  facet normal 0 0 -1
    outer loop
      vertex -109.665 -55.5476 4.8
      vertex -114.158 -58.2405 4.8
      vertex -114.365 -58.0816 4.8
    endloop
  endfacet
  facet normal 0 0 -1
    outer loop
      vertex -113.999 -58.4476 4.8
      vertex -114.158 -58.2405 4.8
      vertex -109.665 -55.5476 4.8
    endloop
  endfacet
  facet normal 0 0 -1
    outer loop
      vertex -113.899 -58.6888 4.8
      vertex -113.999 -58.4476 4.8
      vertex -109.665 -55.5476 4.8
    endloop
  endfacet
  facet normal 0 0 -1
    outer loop
      vertex -109.665 -55.5476 4.8
      vertex -113.865 -58.9476 4.8
      vertex -113.899 -58.6888 4.8
    endloop
  endfacet
  facet normal 0 0 -1
    outer loop
      vertex -109.665 -67.3476 4.8
      vertex -113.865 -58.9476 4.8
      vertex -109.665 -55.5476 4.8
    endloop
  endfacet
  facet normal 0 0 -1
    outer loop
      vertex -113.865 -70.7476 4.8
      vertex -113.865 -58.9476 4.8
      vertex -109.665 -67.3476 4.8
    endloop
  endfacet
  facet normal -0 0 -1
    outer loop
      vertex -109.631 -67.6064 4.8
      vertex -113.865 -70.7476 4.8
      vertex -109.665 -67.3476 4.8
    endloop
  endfacet
  facet normal -0 0 -1
    outer loop
      vertex -109.531 -67.8476 4.8
      vertex -113.865 -70.7476 4.8
      vertex -109.631 -67.6064 4.8
    endloop
  endfacet
  facet normal -0 0 -1
    outer loop
      vertex -109.372 -68.0547 4.8
      vertex -113.865 -70.7476 4.8
      vertex -109.531 -67.8476 4.8
    endloop
  endfacet
  facet normal -0 0 -1
    outer loop
      vertex -109.165 -68.2136 4.8
      vertex -113.865 -70.7476 4.8
      vertex -109.372 -68.0547 4.8
    endloop
  endfacet
  facet normal 0 0 -1
    outer loop
      vertex -113.865 -53.7476 4.8
      vertex -109.372 -51.0547 4.8
      vertex -109.165 -51.2136 4.8
    endloop
  endfacet
  facet normal 0 -0 -1
    outer loop
      vertex -109.531 -50.8476 4.8
      vertex -109.372 -51.0547 4.8
      vertex -113.865 -53.7476 4.8
    endloop
  endfacet
  facet normal 0 -0 -1
    outer loop
      vertex -109.631 -50.6064 4.8
      vertex -109.531 -50.8476 4.8
      vertex -113.865 -53.7476 4.8
    endloop
  endfacet
  facet normal 0 0 -1
    outer loop
      vertex -113.865 -53.7476 4.8
      vertex -109.665 -50.3476 4.8
      vertex -109.631 -50.6064 4.8
    endloop
  endfacet
  facet normal 0 0 -1
    outer loop
      vertex -113.865 -41.9476 4.8
      vertex -109.665 -50.3476 4.8
      vertex -113.865 -53.7476 4.8
    endloop
  endfacet
  facet normal 0 -0 -1
    outer loop
      vertex -109.665 -38.5476 4.8
      vertex -109.665 -50.3476 4.8
      vertex -113.865 -41.9476 4.8
    endloop
  endfacet
  facet normal 0 0 -1
    outer loop
      vertex -113.899 -41.6888 4.8
      vertex -109.665 -38.5476 4.8
      vertex -113.865 -41.9476 4.8
    endloop
  endfacet
  facet normal 0 0 -1
    outer loop
      vertex -113.999 -41.4476 4.8
      vertex -109.665 -38.5476 4.8
      vertex -113.899 -41.6888 4.8
    endloop
  endfacet
  facet normal 0 0 -1
    outer loop
      vertex -114.158 -41.2405 4.8
      vertex -109.665 -38.5476 4.8
      vertex -113.999 -41.4476 4.8
    endloop
  endfacet
  facet normal 0 0 -1
    outer loop
      vertex -114.365 -41.0816 4.8
      vertex -109.665 -38.5476 4.8
      vertex -114.158 -41.2405 4.8
    endloop
  endfacet
  facet normal 0 0 -1
    outer loop
      vertex -129.95 -57.3026 4.8
      vertex -132.365 -57.1636 4.8
      vertex -130.178 -57.1278 4.8
    endloop
  endfacet
  facet normal 0 0 -1
    outer loop
      vertex -132.607 -57.2635 4.8
      vertex -132.365 -57.1636 4.8
      vertex -129.95 -57.3026 4.8
    endloop
  endfacet
  facet normal 0 0 -1
    outer loop
      vertex -132.607 -60.5317 4.8
      vertex -132.607 -57.2635 4.8
      vertex -129.95 -57.3026 4.8
    endloop
  endfacet
  facet normal 0 0 -1
    outer loop
      vertex -132.865 -57.2976 4.8
      vertex -132.607 -57.2635 4.8
      vertex -132.607 -60.5317 4.8
    endloop
  endfacet
  facet normal 0 0 -1
    outer loop
      vertex -132.865 -60.4976 4.8
      vertex -132.865 -57.2976 4.8
      vertex -132.607 -60.5317 4.8
    endloop
  endfacet
  facet normal 0 0 -1
    outer loop
      vertex -144.665 -57.2976 4.8
      vertex -132.865 -57.2976 4.8
      vertex -132.865 -60.4976 4.8
    endloop
  endfacet
  facet normal 0 -0 -1
    outer loop
      vertex -132.158 -57.0047 4.8
      vertex -130.178 -57.1278 4.8
      vertex -132.365 -57.1636 4.8
    endloop
  endfacet
  facet normal 0 -0 -1
    outer loop
      vertex -130.353 -56.9 4.8
      vertex -130.178 -57.1278 4.8
      vertex -132.158 -57.0047 4.8
    endloop
  endfacet
  facet normal 0 -0 -1
    outer loop
      vertex -131.999 -56.7976 4.8
      vertex -130.353 -56.9 4.8
      vertex -132.158 -57.0047 4.8
    endloop
  endfacet
  facet normal 0 -0 -1
    outer loop
      vertex -130.463 -56.6347 4.8
      vertex -130.353 -56.9 4.8
      vertex -131.999 -56.7976 4.8
    endloop
  endfacet
  facet normal 0 -0 -1
    outer loop
      vertex -131.899 -56.5564 4.8
      vertex -130.463 -56.6347 4.8
      vertex -131.999 -56.7976 4.8
    endloop
  endfacet
  facet normal 0 -0 -1
    outer loop
      vertex -130.5 -56.35 4.8
      vertex -130.463 -56.6347 4.8
      vertex -131.899 -56.5564 4.8
    endloop
  endfacet
  facet normal 0 -0 -1
    outer loop
      vertex -131.865 -56.2976 4.8
      vertex -130.5 -56.35 4.8
      vertex -131.899 -56.5564 4.8
    endloop
  endfacet
  facet normal 0 0 -1
    outer loop
      vertex -130.463 -56.0653 4.8
      vertex -130.5 -56.35 4.8
      vertex -131.865 -56.2976 4.8
    endloop
  endfacet
  facet normal 0 0 -1
    outer loop
      vertex -130.353 -55.8 4.8
      vertex -130.463 -56.0653 4.8
      vertex -131.865 -56.2976 4.8
    endloop
  endfacet
  facet normal 0 0 -1
    outer loop
      vertex -131.865 -56.2976 4.8
      vertex -130.178 -55.5722 4.8
      vertex -130.353 -55.8 4.8
    endloop
  endfacet
  facet normal 0 0 -1
    outer loop
      vertex -129.95 -55.3974 4.8
      vertex -130.178 -55.5722 4.8
      vertex -131.865 -56.2976 4.8
    endloop
  endfacet
  facet normal -0 -0 -1
    outer loop
      vertex -96.8654 -68.3476 4.8
      vertex -96.8654 -71.5476 4.8
      vertex -108.665 -68.3476 4.8
    endloop
  endfacet
  facet normal 0 0 -1
    outer loop
      vertex -96.6066 -71.5816 4.8
      vertex -96.8654 -71.5476 4.8
      vertex -96.8654 -68.3476 4.8
    endloop
  endfacet
  facet normal 0 -0 -1
    outer loop
      vertex -96.6066 -68.3135 4.8
      vertex -96.6066 -71.5816 4.8
      vertex -96.8654 -68.3476 4.8
    endloop
  endfacet
  facet normal 0 0 -1
    outer loop
      vertex -96.3654 -68.2136 4.8
      vertex -96.6066 -71.5816 4.8
      vertex -96.6066 -68.3135 4.8
    endloop
  endfacet
  facet normal 0 0 -1
    outer loop
      vertex -96.3654 -71.6815 4.8
      vertex -96.6066 -71.5816 4.8
      vertex -96.3654 -68.2136 4.8
    endloop
  endfacet
  facet normal 0 0 -1
    outer loop
      vertex -96.1583 -68.0547 4.8
      vertex -96.3654 -71.6815 4.8
      vertex -96.3654 -68.2136 4.8
    endloop
  endfacet
  facet normal 0 0 -1
    outer loop
      vertex -96.1583 -71.8405 4.8
      vertex -96.3654 -71.6815 4.8
      vertex -96.1583 -68.0547 4.8
    endloop
  endfacet
  facet normal 0 0 -1
    outer loop
      vertex -90.7158 -72.4234 4.8
      vertex -96.1583 -71.8405 4.8
      vertex -96.1583 -68.0547 4.8
    endloop
  endfacet
  facet normal 0 0 -1
    outer loop
      vertex -95.9994 -72.0476 4.8
      vertex -96.1583 -71.8405 4.8
      vertex -90.7158 -72.4234 4.8
    endloop
  endfacet
  facet normal 0 0 -1
    outer loop
      vertex -95.8995 -72.2888 4.8
      vertex -95.9994 -72.0476 4.8
      vertex -90.7158 -72.4234 4.8
    endloop
  endfacet
  facet normal -0 0 -1
    outer loop
      vertex -90.7158 -72.4234 4.8
      vertex -95.8654 -72.5476 4.8
      vertex -95.8995 -72.2888 4.8
    endloop
  endfacet
  facet normal 0 0 -1
    outer loop
      vertex -90.6999 -72.684 4.8
      vertex -95.8654 -72.5476 4.8
      vertex -90.7158 -72.4234 4.8
    endloop
  endfacet
  facet normal 0 0 -1
    outer loop
      vertex -90.6171 -72.9316 4.8
      vertex -95.8654 -72.5476 4.8
      vertex -90.6999 -72.684 4.8
    endloop
  endfacet
  facet normal 0 0 -1
    outer loop
      vertex -72.4031 -80.4922 4.8
      vertex -73.6736 -77.1498 4.8
      vertex -73.4988 -76.922 4.8
    endloop
  endfacet
  facet normal 0 0 -1
    outer loop
      vertex -73.9014 -77.3246 4.8
      vertex -73.6736 -77.1498 4.8
      vertex -72.4031 -80.4922 4.8
    endloop
  endfacet
  facet normal 0 0 -1
    outer loop
      vertex -74.1667 -77.4345 4.8
      vertex -73.9014 -77.3246 4.8
      vertex -72.4031 -80.4922 4.8
    endloop
  endfacet
  facet normal 0 0 -1
    outer loop
      vertex -72.4031 -80.4922 4.8
      vertex -74.4514 -77.472 4.8
      vertex -74.1667 -77.4345 4.8
    endloop
  endfacet
  facet normal 0 0 -1
    outer loop
      vertex -77.3122 -78.5734 4.8
      vertex -74.4514 -77.472 4.8
      vertex -72.4031 -80.4922 4.8
    endloop
  endfacet
  facet normal 0 0 -1
    outer loop
      vertex -77.3122 -78.5734 4.8
      vertex -74.7361 -77.4345 4.8
      vertex -74.4514 -77.472 4.8
    endloop
  endfacet
  facet normal 0 -0 -1
    outer loop
      vertex -75.0014 -77.3246 4.8
      vertex -74.7361 -77.4345 4.8
      vertex -77.3122 -78.5734 4.8
    endloop
  endfacet
  facet normal 0 -0 -1
    outer loop
      vertex -77.7562 -74.298 4.8
      vertex -75.5139 -76.0873 4.8
      vertex -78.0168 -74.3139 4.8
    endloop
  endfacet
  facet normal -0 0 -1
    outer loop
      vertex -75.404 -75.822 4.8
      vertex -75.5139 -76.0873 4.8
      vertex -77.7562 -74.298 4.8
    endloop
  endfacet
  facet normal 0 -0 -1
    outer loop
      vertex -77.5086 -74.2151 4.8
      vertex -75.404 -75.822 4.8
      vertex -77.7562 -74.298 4.8
    endloop
  endfacet
  facet normal -0 0 -1
    outer loop
      vertex -75.2292 -75.5941 4.8
      vertex -75.404 -75.822 4.8
      vertex -77.5086 -74.2151 4.8
    endloop
  endfacet
  facet normal 0 -0 -1
    outer loop
      vertex -77.2909 -74.071 4.8
      vertex -75.2292 -75.5941 4.8
      vertex -77.5086 -74.2151 4.8
    endloop
  endfacet
  facet normal -0 0 -1
    outer loop
      vertex -75.0014 -75.4193 4.8
      vertex -75.2292 -75.5941 4.8
      vertex -77.2909 -74.071 4.8
    endloop
  endfacet
  facet normal 0 -0 -1
    outer loop
      vertex -77.118 -73.8755 4.8
      vertex -75.0014 -75.4193 4.8
      vertex -77.2909 -74.071 4.8
    endloop
  endfacet
  facet normal -0 0 -1
    outer loop
      vertex -74.7361 -75.3094 4.8
      vertex -75.0014 -75.4193 4.8
      vertex -77.118 -73.8755 4.8
    endloop
  endfacet
  facet normal 0 -0 -1
    outer loop
      vertex -77.0015 -73.6419 4.8
      vertex -74.7361 -75.3094 4.8
      vertex -77.118 -73.8755 4.8
    endloop
  endfacet
  facet normal -0 0 -1
    outer loop
      vertex -74.4514 -75.272 4.8
      vertex -74.7361 -75.3094 4.8
      vertex -77.0015 -73.6419 4.8
    endloop
  endfacet
  facet normal 0 -0 -1
    outer loop
      vertex -76.9494 -73.3861 4.8
      vertex -74.4514 -75.272 4.8
      vertex -77.0015 -73.6419 4.8
    endloop
  endfacet
  facet normal 0 0 -1
    outer loop
      vertex -74.1667 -75.3094 4.8
      vertex -74.4514 -75.272 4.8
      vertex -76.9494 -73.3861 4.8
    endloop
  endfacet
  facet normal 0 0 -1
    outer loop
      vertex -70.7608 -68.8071 4.8
      vertex -73.6736 -75.5941 4.8
      vertex -73.9014 -75.4193 4.8
    endloop
  endfacet
  facet normal 0 0 -1
    outer loop
      vertex -73.4988 -75.822 4.8
      vertex -73.6736 -75.5941 4.8
      vertex -70.7608 -68.8071 4.8
    endloop
  endfacet
  facet normal 0 0 -1
    outer loop
      vertex -73.3889 -76.0873 4.8
      vertex -73.4988 -75.822 4.8
      vertex -70.7608 -68.8071 4.8
    endloop
  endfacet
  facet normal 0 0 -1
    outer loop
      vertex -70.7608 -68.8071 4.8
      vertex -73.3514 -76.372 4.8
      vertex -73.3889 -76.0873 4.8
    endloop
  endfacet
  facet normal 0 0 -1
    outer loop
      vertex -127.665 -41.9476 4.8
      vertex -131.999 -43.9976 4.8
      vertex -132.158 -43.7905 4.8
    endloop
  endfacet
  facet normal 0 0 -1
    outer loop
      vertex -131.899 -44.2388 4.8
      vertex -131.999 -43.9976 4.8
      vertex -127.665 -41.9476 4.8
    endloop
  endfacet
  facet normal 0 0 -1
    outer loop
      vertex -131.865 -44.4976 4.8
      vertex -131.899 -44.2388 4.8
      vertex -127.665 -41.9476 4.8
    endloop
  endfacet
  facet normal 0 0 -1
    outer loop
      vertex -129.95 -57.3026 4.8
      vertex -132.365 -60.6316 4.8
      vertex -132.607 -60.5317 4.8
    endloop
  endfacet
  facet normal 0 0 -1
    outer loop
      vertex -90.7158 -72.4234 4.8
      vertex -95.8654 -67.3476 4.8
      vertex -89.8927 -60.6522 4.8
    endloop
  endfacet
  facet normal 0 0 -1
    outer loop
      vertex -95.8995 -67.6064 4.8
      vertex -95.8654 -67.3476 4.8
      vertex -90.7158 -72.4234 4.8
    endloop
  endfacet
  facet normal 0 0 -1
    outer loop
      vertex -95.9994 -67.8476 4.8
      vertex -95.8995 -67.6064 4.8
      vertex -90.7158 -72.4234 4.8
    endloop
  endfacet
  facet normal 0 0 -1
    outer loop
      vertex -95.8654 -55.5476 4.8
      vertex -89.8927 -60.6522 4.8
      vertex -95.8654 -67.3476 4.8
    endloop
  endfacet
  facet normal -0 0 -1
    outer loop
      vertex -89.8406 -60.3964 4.8
      vertex -89.8927 -60.6522 4.8
      vertex -95.8654 -55.5476 4.8
    endloop
  endfacet
  facet normal -0 0 -1
    outer loop
      vertex -89.7242 -60.1627 4.8
      vertex -89.8406 -60.3964 4.8
      vertex -95.8654 -55.5476 4.8
    endloop
  endfacet
  facet normal 0 0 -1
    outer loop
      vertex -95.8654 -55.5476 4.8
      vertex -89.5512 -59.9672 4.8
      vertex -89.7242 -60.1627 4.8
    endloop
  endfacet
  facet normal 0 0 -1
    outer loop
      vertex -90.7158 -72.4234 4.8
      vertex -96.1583 -68.0547 4.8
      vertex -95.9994 -67.8476 4.8
    endloop
  endfacet
  facet normal 0 0 -1
    outer loop
      vertex -90.5506 -39.9559 4.8
      vertex -87.9001 -42.7817 4.8
      vertex -88.1476 -42.8646 4.8
    endloop
  endfacet
  facet normal -0 0 -1
    outer loop
      vertex -87.6395 -42.7658 4.8
      vertex -87.9001 -42.7817 4.8
      vertex -90.5506 -39.9559 4.8
    endloop
  endfacet
  facet normal 0 0 -1
    outer loop
      vertex -75.8683 -43.5889 4.8
      vertex -87.6395 -42.7658 4.8
      vertex -90.5506 -39.9559 4.8
    endloop
  endfacet
  facet normal 0 0 -1
    outer loop
      vertex -131.865 -44.4976 4.8
      vertex -127.665 -41.9476 4.8
      vertex -127.665 -53.7476 4.8
    endloop
  endfacet
endsolid OpenSCAD_Model
